:020000040008F2
:040000000048C17380
:20000800524058A967058F00A68A9294000628A9FFFF000658A91BA0036C67058F00A8004B
:200018009294000628A9FFFF000652C058A967058F00A7009294000628A9FFFF0006761F7C
:2000280002A392270006761F02A392250006761F02A392240006761F02A392280006761FD8
:2000380002A392260006761F029C92320006761F029C92310006761F029C92300006761FBC
:20004800029C922F0006761F029A92270006761F029A92260006761F029A92250006761FD1
:20005800029A92240006761F029A92230006761F029A92220006761F029D921D0006761FDB
:20006800029D921C0006761F029D921B0006761F029C922E0006761F029D921A0006761FCA
:20007800029D92190006761F029D92180006761F029D92170006761F029D92160006761FDA
:20008800029D92150006761F029D92140006761F029D92130006761F029D92120006761FDA
:20009800029D92110006761F029D92100006761F029D920F0006761F029D920E0006761FDA
:2000A800029D920D0006761F029D920C0006761F029D920B0006761F029D920A0006761FDA
:2000B800029D92090006761F029D92080006761F029D92070006761F029D92060006761FDA
:2000C800029D92050006761F029D92040006761F029D92030006761F029D92020006761FDA
:2000D800029D92010006761F029D92000006761F029C923F0006761F029C923E0006761F5C
:2000E800029C923D0006761F029C923C0006761F029C923B0006761F029C923A0006761FDE
:2000F800029C92390006761F029C92380006761F029C92370006761F029C92360006761FDE
:20010800029C92350006761F029C92340006761F029C92330006761F02A392290006761FDF
:2001180002A3922A0006761F02A0920D0006761F02A0920C0006761F02A0920F0006761F36
:2001280002A0920E0006761F02A392200006761F02A392220006761F02A392210006761F01
:2001380002A392230006761F029C92290006761F029C92280006761F029C92060006761FFA
:20014800029C92050006761F029C92040006761F029C92030006761F029C92020006761F5D
:20015800029C92010006761F029C92090006761F029C92070006761F029C92080006761F42
:2001680002A292320006761F02A092050006761F02A292350006761F02A292360006761F93
:2001780002A092040006761F02A192260006761F02A192160006761F02A1921F0006761FC9
:2001880002A1921E0006761F02A1921D0006761F02A1921C0006761F02A1921B0006761FA5
:2001980002A1921A0006761F02A192190006761F02A192180006761F02A192170006761FA5
:2001A80002A192120006761F02A192110006761F02A1920A0006761F02A192090006761FC1
:2001B80002A192020006761F02A192010006761F02A092370006761F02A092300006761F7F
:2001C80002A692330006761F02A692320006761F02A692310006761F02A692300006761FFD
:2001D80002A6922F0006761F02A6922E0006761F02A6922D0006761F02A6922C0006761FFD
:2001E80002A6922B0006761F02A6922A0006761F02A692230006761F02A092290006761F08
:2001F80002A692220006761F02A692210006761F02A692200006761F02A6921F0006761F11
:2002080002A6921E0006761F02A6921D0006761F02A6921C0006761F02A6921B0006761F10
:2002180002A6921A0006761F02A692190006761F02A692180006761F02A692170006761F10
:2002280002A692160006761F02A692150006761F02A692140006761F02A692130006761F10
:2002380002A692120006761F02A692110006761F02A692100006761F02A6920F0006761F10
:2002480002A6920E0006761F02A6920D0006761F02A6920C0006761F02A6920B0006761F10
:2002580002A6920A0006761F02A692090006761F02A692080006761F02A692070006761F10
:2002680002A692060006761F02A692050006761F02A692040006761F02A692030006761F10
:2002780002A692020006761F02A092250006761F02A592330006761F02A592320006761F8E
:2002880002A0921F0006761F02A0921E0006761F02A4922F0006761F02A4922E0006761F78
:2002980002A4922D0006761F02A4922C0006761F02A4922B0006761F02A0921D0006761F5D
:2002A80002A4922A0006761F02A492290006761F02A492280006761F02A492270006761F48
:2002B80002A492260006761F02A492250006761F02A492240006761F02A492230006761F48
:2002C80002A492220006761F02A492210006761F02A0921C0006761F02A492200006761F4F
:2002D80002A4921F0006761F02A4921E0006761F02A4921D0006761F02A4921C0006761F44
:2002E80002A4921B0006761F02A4921A0006761F02A492190006761F02A492180006761F44
:2002F80002A492170006761F02A0921B0006761F02A492160006761F02A492150006761F41
:2003080002A492140006761F02A492130006761F02A492120006761F02A492110006761F3F
:2003180002A492100006761F02A4920F0006761F02A4920E0006761F02A4920D0006761F3F
:2003280002A0921A0006761F02A4920C0006761F02A4920B0006761F02A4920A0006761F32
:2003380002A492090006761F02A492080006761F02A492070006761F02A492060006761F3B
:2003480002A492050006761F02A492040006761F02A492030006761F02A092190006761F28
:2003580002A492020006761F02A492010006761F02A492000006761F02A3923F0006761FF8
:2003680002A3923E0006761F02A3923D0006761F02A3923C0006761F02A3923B0006761F3B
:2003780002A3923A0006761F02A392390006761F02A092180006761F02A392380006761F5D
:2003880002A392370006761F02A392360006761F02A392350006761F02A392340006761F37
:2003980002A392330006761F02A392320006761F02A392310006761F02A392300006761F37
:2003A80002A3922F0006761F02A092170006761F02A3922E0006761F02A3922D0006761F4F
:2003B80002A092160006761F02A3921F0006761F02A3921E0006761F02A3921D0006761F70
:2003C80002A3921C0006761F02A3921B0006761F02A092150006761F02A3921A0006761F6A
:2003D80002A392190006761F02A392180006761F02A392170006761F02A392160006761F5F
:2003E80002A392150006761F02A392140006761F02A392130006761F02A392120006761F5F
:2003F80002A392110006761F02A092140006761F02A392100006761F02A3920F0006761F5C
:2004080002A3920E0006761F02A3920D0006761F02A3920C0006761F02A3920B0006761F5A
:2004180002A3920A0006761F02A392090006761F02A392080006761F02A392070006761F5A
:2004280002A092130006761F02A392060006761F02A392050006761F02A392040006761F4D
:2004380002A392030006761F02A392020006761F02A392010006761F02A392000006761F56
:2004480002A2923F0006761F02A2923E0006761F02A2923D0006761F02A092120006761F86
:2004580002A2923C0006761F02A2923B0006761F02A092110006761F02A292310006761F89
:2004680002A292300006761F02A092100006761F02A292280006761F02A2921D0006761FAD
:2004780002A2921C0006761F02A2921B0006761F02A292170006761F02A292160006761FBC
:2004880002A2920F0006761F02A2920E0006761F02A2920D0006761F02A2920C0006761FDA
:2004980002A2920B0006761F02A2920A0006761F02A292090006761F02A292080006761FDA
:2004A80002A1923F0006761F02A1923E0006761F02A1923D0006761F02A1923C0006761FFE
:2004B80002A1923B0006761F02A1923A0006761F02A192390006761F02A192380006761FFE
:2004C80002A192370006761F02A192360006761F02A192350006761F02A192340006761FFE
:2004D80002A192330006761F02A192320006761F02A192310006761F02A192300006761FFE
:2004E80002A1922F0006761F02A1922E0006761F02A1922D0006761F02A1922C0006761FFE
:2004F80002A1922B0006761F02A1922A0006761F02A192290006761F02A192280006761FFE
:2005080002A192270006761F02A292230006761F02A292240006761F02A292210006761F01
:2005180002A292220006761F02A092080006761F02A092070006761F02A092020006761F52
:2005280002A092030006761F02A092000006761F02A292200006761F02A292070006761F49
:2005380002A2923A0006761F029C920D0006761F029C920C0006761F02A292010006761F17
:2005480002A292050006761F02A292030006761F029C92110006761F029C92100006761F32
:20055800029C920B0006761F029C920A0006761F02A292000006761F02A292040006761F32
:2005680002A292020006761F029C920F0006761F029C920E0006761F02A292180006761F04
:2005780002A292190006761F02A2921A0006761F029C92230006761F029C92250006761FB0
:2005880002A292260006761F02A0922D0006761F02A0922F0006761F02A0922C0006761F67
:2005980002A0922E0006761F02A2921E0006761F02A292250006761F02A2921F0006761F71
:2005A800029C92220006761F029C92240006761F02A092090006761F02A292060006761FA8
:2005B80002A5923F0006761F02A2922D0006761F02A092010006761F029C92000006761F77
:2005C80002A0920A0006761F02A692280006761F02A692290006761F02A092240006761F4C
:2005D80002A692000006761F029C921B0006761F029C921A0006761F029C921D0006761F7B
:2005E800029C921C0006761F02A292380006761F02A292390006761F02A2922E0006761FFA
:2005F80002A2922F0006761F029C921F0006761F029C921E0006761F02A292340006761F0B
:2006080002A292330006761F02A2922A0006761F02A292100006761F02A2922C0006761FF5
:2006180002A2922B0006761F029C92210006761F029C92200006761F02A0922B0006761FF5
:2006280002A0922A0006761F029A92140006761F029A92150006761F029A92200006761F15
:20063800029A92210006761F029A920E0006761F029A920F0006761F029A921A0006761F26
:20064800029A921B0006761F029A92120006761F029A92130006761F029A921E0006761F10
:20065800029A921F0006761F029A920C0006761F029A920D0006761F029A92180006761F0E
:20066800029A92190006761F029A92100006761F029A92110006761F029A921C0006761FF8
:20067800029A921D0006761F029A920A0006761F029A920B0006761F029A92160006761FF6
:20068800029A92170006761F029C922B0006761F029C922A0006761F02A092330006761F85
:2006980002A092350006761F02A092320006761F02A092340006761F02A092360006761F35
:2006A800029C922D0006761F029C922C0006761F02A092310006761F029A92280006761F52
:2006B80002A692340006761F029D921E0006761F02A292290006761F02A692270006761F39
:2006C80002A092060006761F02A692260006761F02A492300006761F02A492310006761F3B
:2006D80002A592310006761F02A5922E0006761F02A5922D0006761F02A5922C0006761FFA
:2006E80002A5922F0006761F02A592300006761F02A5922A0006761F02A5922B0006761FEE
:2006F80002A592290006761F02A592260006761F02A592250006761F02A592240006761FFA
:2007080002A592270006761F02A592280006761F02A592220006761F02A592230006761FED
:2007180002A592210006761F02A5921E0006761F02A5921D0006761F02A5921C0006761FF9
:2007280002A5921F0006761F02A592200006761F02A5921A0006761F02A5921B0006761FED
:2007380002A592190006761F02A592160006761F02A592150006761F02A592140006761FF9
:2007480002A592170006761F02A592180006761F02A592120006761F02A592130006761FED
:2007580002A592110006761F02A5920E0006761F02A5920D0006761F02A5920C0006761FF9
:2007680002A5920F0006761F02A592100006761F02A5920A0006761F02A5920B0006761FED
:2007780002A592090006761F02A592060006761F02A592050006761F02A592040006761FF9
:2007880002A592070006761F02A592080006761F02A592020006761F02A592030006761FED
:2007980002A592010006761F02A4923E0006761F02A4923D0006761F02A4923C0006761F3C
:2007A80002A4923F0006761F02A592000006761F02A4923A0006761F02A4923B0006761F30
:2007B80002A492390006761F02A492360006761F02A492350006761F02A492340006761FFD
:2007C80002A492370006761F02A492380006761F02A492320006761F02A492330006761FF1
:2007D80002A3922C0006761F02A3922B0006761F029C92270006761F029C92260006761F23
:2007E80002A292150006761F02A292370006761F02A692250006761F029A92290006761F17
:2007F80002A692350006761F029D921F0006761F02A692010006761F02A692240006761F1D
:2008080002A192030006761F02A192220006761F02A192230006761F02A192240006761F24
:2008180002A192250006761F02A192200006761F02A192210006761F02A092280006761FF3
:2008280002A192040006761F029C92130006761F029C92120006761F02A092200006761F32
:2008380002A192070006761F02A092210006761F02A192140006761F02A192060006761F1F
:2008480002A092270006761F02A092260006761F02A192130006761F02A0923C0006761FB7
:2008580002A0923B0006761F02A192000006761F02A0923F0006761F02A092390006761F90
:2008680002A0923A0006761F02A1920C0006761F02A1920E0006761F02A1920D0006761FD0
:2008780002A1920F0006761F02A1920B0006761F02A192100006761F029C92150006761FE6
:20088800029C92140006761F02A092380006761F02A092230006761F02A092220006761F87
:2008980002A0923E0006761F02A0923D0006761F029C92170006761F029C92160006761F64
:2008A800029C92190006761F029C92180006761F02A192150006761F02A192050006761FAF
:2008B80002A292140006761F02A292270006761F02A0920B0006761F02A592340006761F61
:2008C80002A592350006761F02A592360006761F02A592380006761F02A5923B0006761FE2
:2008D80002A592370006761F02A5923C0006761F02A5923D0006761F02A592390006761FC7
:2008E80002A5923A0006761F02A5923E0006761F02A292120006761F02A292110006761F0B
:2008F80002A292130006761F02A192080006761F029ACC000004FFC10006761F029ACC00F5
:2009080000010006761F029ACC000002FFC000068F00A68A76489FDE80A9761F029ABE00F2
:200918000E290FA756B101A692A600068F00A80076489FDE80A9761F02A6BE000E350FA757
:2009280056B101A692A600068F00A70076489FDE80A9761F029DBE000E1F0FA756B101A6A6
:2009380092A600063B10761F02A396272910FF6900063B10761F02A396252910FF69000691
:200948003B10761F02A396242910FF6900063B10761F02A396282910FF6900063B10761FDF
:2009580002A396262910FF6900063B10761F029C96322910FF6900063B10761F029C963145
:200968002910FF6900063B10761F029C96302910FF6900063B10761F029C962F2910FF69F9
:2009780000063B10761F029A96272910FF6900063B10761F029A96262910FF6900063B104F
:20098800761F029A96252910FF6900063B10761F029A96242910FF6900063B10761F029A63
:2009980096232910FF6900063B10761F029A96222910FF6900063B10761F029D961D291099
:2009A800FF6900063B10761F029D961C2910FF6900063B10761F029D961B2910FF69000612
:2009B8003B10761F029C962E2910FF6900063B10761F029D961A2910FF6900063B10761F80
:2009C800029D96192910FF6900063B10761F029D96182910FF6900063B10761F029D96171A
:2009D8002910FF6900063B10761F029D96162910FF6900063B10761F029D96152910FF69BB
:2009E80000063B10761F029D96142910FF6900063B10761F029D96132910FF6900063B10FF
:2009F800761F029D96122910FF6900063B10761F029C963D2910FF6900063B10761F029DE5
:200A080096102910FF6900063B10761F029D960F2910FF6900063B10761F029D960E29105A
:200A1800FF6900063B10761F029D960D2910FF6900063B10761F029D960C2910FF690006BF
:200A28003B10761F029D960B2910FF6900063B10761F029D960A2910FF6900063B10761F41
:200A3800029D96092910FF6900063B10761F029D96082910FF6900063B10761F029D9607D9
:200A48002910FF6900063B10761F029D96062910FF6900063B10761F029D96052910FF696A
:200A580000063B10761F029D96042910FF6900063B10761F029D96032910FF6900063B10AE
:200A6800761F029D96022910FF6900063B10761F029D96012910FF6900063B10761F029DBF
:200A780096002910FF6900063B10761F029C963F2910FF6900063B10761F029C963E29109C
:200A8800FF6900063B10761F029C963D2910FF6900063B10761F029C963C2910FF690006F1
:200A98003B10761F029C963B2910FF6900063B10761F029C963A2910FF6900063B10761F73
:200AA800029C96392910FF6900063B10761F029C96382910FF6900063B10761F029C9637DC
:200AB8002910FF6900063B10761F029C96362910FF6900063B10761F029C96352910FF699C
:200AC80000063B10761F029C96342910FF6900063B10761F029C96332910FF6900063B10E0
:200AD800761F02A396292910FF6900063B10761F02A3962A2910FF6900063B10761F02A0F0
:200AE800960D2910FF6900063B10761F02A0960C2910FF6900063B10761F02A0960F291079
:200AF800FF6900063B10761F02A0960E2910FF6900063B10761F02A396202910FF690006C1
:200B08003B10761F02A396222910FF6900063B10761F02A396212910FF6900063B10761F26
:200B180002A396232910FF69000688A9761F029ACD00FFF380A8560302A69007CDA6000163
:200B2800FF92CAA7F108CBA997000006761F029A90011800FFFE98000006761F029A5603A2
:200B380001A91800FFFD900398000006761F029A90031800FCFFFF8798000006761F029A82
:200B480090031800FF3FFF8598000006761F029A90031800FFCFFF83980000063B10761FD8
:200B5800029C96292910FF6900063B10761F029C96282910FF6900063B10761F029C96067C
:200B68002910FF6900063B10761F029C96052910FF6900063B10761F029C96042910FF694D
:200B780000063B10761F029C96032910FF6900063B10761F029C96022910FF6900063B1091
:200B8800761F029C96012910FF6900063B10761F029C96092910FF6900063B10761F029C9A
:200B980096072910FF6900063B10761F029C96082910FF6900063B10761F02A296322910B1
:200BA800FF6900063B10761F02A096052910FF6900063B10761F02A296352910FF69000605
:200BB8003B10761F02A296362910FF6900063B10761F02A096042910FF6900063B10761F83
:200BC80002A196262910FF6900063B10761F02A196162910FF6900063B10761F02A1961FF9
:200BD8002910FF6900063B10761F02A1961E2910FF6900063B10761F02A1961D2910FF69A1
:200BE80000063B10761F02A1961C2910FF6900063B10761F02A1961B2910FF6900063B10E5
:200BF800761F02A1961A2910FF6900063B10761F02A196192910FF6900063B10761F02A1F2
:200C080096182910FF6900063B10761F02A196172910FF6900063B10761F02A1961229103C
:200C1800FF6900063B10761F02A196112910FF6900063B10761F02A1960A2910FF690006B3
:200C28003B10761F02A196092910FF6900063B10761F02A196022910FF6900063B10761F41
:200C380002A196012910FF6900063B10761F02A096372910FF6900063B10761F02A096307D
:200C48002910FF6900063B10761F02A696332910FF6900063B10761F02A696322910FF69FC
:200C580000063B10761F02A696312910FF6900063B10761F02A696302910FF6900063B1040
:200C6800761F02A6962F2910FF6900063B10761F02A6962E2910FF6900063B10761F02A648
:200C7800962D2910FF6900063B10761F02A6962C2910FF6900063B10761F02A6962B29107F
:200C8800FF6900063B10761F02A6962A2910FF6900063B10761F02A696232910FF69000607
:200C98003B10761F02A096292910FF6900063B10761F02A696222910FF6900063B10761F8D
:200CA80002A696212910FF6900063B10761F02A696202910FF6900063B10761F02A6961F04
:200CB8002910FF6900063B10761F02A6961E2910FF6900063B10761F02A6961D2910FF69B6
:200CC80000063B10761F02A6961C2910FF6900063B10761F02A6961B2910FF6900063B10FA
:200CD800761F02A6961A2910FF6900063B10761F02A696192910FF6900063B10761F02A602
:200CE80096182910FF6900063B10761F02A696172910FF6900063B10761F02A6961629104E
:200CF800FF6900063B10761F02A696152910FF6900063B10761F02A696142910FF690006BB
:200D08003B10761F02A696132910FF6900063B10761F02A696122910FF6900063B10761F3C
:200D180002A696112910FF6900063B10761F02A696102910FF6900063B10761F02A6960FC3
:200D28002910FF6900063B10761F02A6960E2910FF6900063B10761F02A6960D2910FF6965
:200D380000063B10761F02A6960C2910FF6900063B10761F02A6960B2910FF6900063B10A9
:200D4800761F02A6960A2910FF6900063B10761F02A696092910FF6900063B10761F02A6B1
:200D580096082910FF6900063B10761F02A696072910FF6900063B10761F02A6960629100D
:200D6800FF6900063B10761F02A696052910FF6900063B10761F02A696042910FF6900066A
:200D78003B10761F02A696032910FF6900063B10761F02A696022910FF6900063B10761FEC
:200D880002A096252910FF6900063B10761F02A596332910FF6900063B10761F02A5963201
:200D98002910FF6900063B10761F02A0961F2910FF6900063B10761F02A0961E2910FF69DF
:200DA80000063B10761F02A4962F2910FF6900063B10761F02A4962E2910FF6900063B10F7
:200DB800761F02A4962D2910FF6900063B10761F02A4962C2910FF6900063B10761F02A401
:200DC800962B2910FF6900063B10761F02A0961D2910FF6900063B10761F02A4962A291048
:200DD800FF6900063B10761F02A496292910FF6900063B10761F02A496282910FF690006B6
:200DE8003B10761F02A496272910FF6900063B10761F02A496262910FF6900063B10761F38
:200DF80002A496252910FF6900063B10761F02A496242910FF6900063B10761F02A49623AD
:200E08002910FF6900063B10761F02A496222910FF6900063B10761F02A496212910FF6960
:200E180000063B10761F02A0961C2910FF6900063B10761F02A496202910FF6900063B10AB
:200E2800761F02A4961F2910FF6900063B10761F02A4961E2910FF6900063B10761F02A4AC
:200E3800961D2910FF6900063B10761F02A4961C2910FF6900063B10761F02A4961B2910F1
:200E4800FF6900063B10761F02A4961A2910FF6900063B10761F02A496192910FF69000663
:200E58003B10761F02A496182910FF6900063B10761F02A496172910FF6900063B10761FE5
:200E680002A0961B2910FF6900063B10761F02A496162910FF6900063B10761F02A4961566
:200E78002910FF6900063B10761F02A496142910FF6900063B10761F02A496132910FF690C
:200E880000063B10761F02A496122910FF6900063B10761F02A496112910FF6900063B1050
:200E9800761F02A496102910FF6900063B10761F02A4960F2910FF6900063B10761F02A45A
:200EA800960E2910FF6900063B10761F02A4960D2910FF6900063B10761F02A0961A2910A4
:200EB800FF6900063B10761F02A4960C2910FF6900063B10761F02A4960B2910FF6900060F
:200EC8003B10761F02A4960A2910FF6900063B10761F02A496092910FF6900063B10761F91
:200ED80002A496082910FF6900063B10761F02A496072910FF6900063B10761F02A4960623
:200EE8002910FF6900063B10761F02A496052910FF6900063B10761F02A496042910FF69BA
:200EF80000063B10761F02A496032910FF6900063B10761F02A096192910FF6900063B10EB
:200F0800761F02A496022910FF6900063B10761F02A496012910FF6900063B10761F02A405
:200F180096002910FF6900063B10761F02A3963F2910FF6900063B10761F02A3963E2910E9
:200F2800FF6900063B10761F02A3963D2910FF6900063B10761F02A3963C2910FF6900063E
:200F38003B10761F02A3963B2910FF6900063B10761F02A3963A2910FF6900063B10761FC0
:200F480002A396392910FF6900063B10761F02A096182910FF6900063B10761F02A3963844
:200F58002910FF6900063B10761F02A396372910FF6900063B10761F02A396362910FF69E7
:200F680000063B10761F02A396352910FF6900063B10761F02A396342910FF6900063B102B
:200F7800761F02A396332910FF6900063B10761F02A396322910FF6900063B10761F02A336
:200F880096312910FF6900063B10761F02A396302910FF6900063B10761F02A3962F291066
:200F9800FF6900063B10761F02A096172910FF6900063B10761F02A3962E2910FF69000605
:200FA8003B10761F02A3962D2910FF6900063B10761F02A096162910FF6900063B10761F85
:200FB80002A3961F2910FF6900063B10761F02A3961E2910FF6900063B10761F02A3961D00
:200FC8002910FF6900063B10761F02A3961C2910FF6900063B10761F02A3961B2910FF69AD
:200FD80000063B10761F02A096152910FF6900063B10761F02A3961A2910FF6900063B10F8
:200FE800761F02A396192910FF6900063B10761F02A396182910FF6900063B10761F02A3FA
:200FF80096172910FF6900063B10761F02A396162910FF6900063B10761F02A39615291044
:20100800FF6900063B10761F02A396142910FF6900063B10761F02A396132910FF690006AF
:201018003B10761F02A396122910FF6900063B10761F02A396112910FF6900063B10761F31
:2010280002A096142910FF6900063B10761F02A396102910FF6900063B10761F02A3960FB9
:201038002910FF6900063B10761F02A3960E2910FF6900063B10761F02A3960D2910FF6958
:2010480000063B10761F02A3960C2910FF6900063B10761F02A3960B2910FF6900063B109C
:20105800761F02A3960A2910FF6900063B10761F02A396092910FF6900063B10761F02A3A7
:2010680096082910FF6900063B10761F02A396072910FF6900063B10761F02A096132910F6
:20107800FF6900063B10761F02A396062910FF6900063B10761F02A396052910FF6900065B
:201088003B10761F02A396042910FF6900063B10761F02A396032910FF6900063B10761FDD
:2010980002A396022910FF6900063B10761F02A396012910FF6900063B10761F02A3960076
:2010A8002910FF6900063B10761F02A2963F2910FF6900063B10761F02A2963E2910FF6988
:2010B80000063B10761F02A2963D2910FF6900063B10761F02A096122910FF6900063B10F8
:2010C800761F02A2963C2910FF6900063B10761F02A2963B2910FF6900063B10761F02A0D8
:2010D80096112910FF6900063B10761F02A296312910FF6900063B10761F02A29630291035
:2010E800FF6900063B10761F02A096102910FF6900063B10761F02A296282910FF690006C2
:2010F8003B10761F02A2961D2910FF6900063B10761F02A2961C2910FF6900063B10761F3D
:2011080002A2961B2910FF6900063B10761F02A296172910FF6900063B10761F02A29616C3
:201118002910FF6900063B10761F02A2960F2910FF6900063B10761F02A2960E2910FF6977
:2011280000063B10761F02A2960D2910FF6900063B10761F02A2960C2910FF6900063B10BB
:20113800761F02A2960B2910FF6900063B10761F02A2960A2910FF6900063B10761F02A2C7
:2011480096092910FF6900063B10761F02A296082910FF6900063B10761F02A1963F2910E7
:20115800FF6900063B10761F02A1963E2910FF6900063B10761F02A1963D2910FF6900060E
:201168003B10761F02A1963C2910FF6900063B10761F02A1963B2910FF6900063B10761F90
:2011780002A1963A2910FF6900063B10761F02A196392910FF6900063B10761F02A19638F3
:201188002910FF6900063B10761F02A196372910FF6900063B10761F02A196362910FF69B9
:2011980000063B10761F02A196352910FF6900063B10761F02A196342910FF6900063B10FD
:2011A800761F02A196332910FF6900063B10761F02A196322910FF6900063B10761F02A10A
:2011B80096312910FF6900063B10761F02A196302910FF6900063B10761F02A1962F291038
:2011C800FF6900063B10761F02A1962E2910FF6900063B10761F02A1962D2910FF690006BE
:2011D8003B10761F02A1962C2910FF6900063B10761F02A1962B2910FF6900063B10761F40
:2011E80002A1962A2910FF6900063B10761F02A196292910FF6900063B10761F02A19628B3
:2011F8002910FF6900063B10761F02A196272910FF6900063B10761F02A296232910FF696B
:2012080000063B10761F02A296242910FF6900063B10761F02A296212910FF6900063B10AE
:20121800761F02A296222910FF6900063B10761F02A096082910FF6900063B10761F02A0D5
:2012280096072910FF6900063B10761F02A096022910FF6900063B10761F02A0960329104D
:20123800FF6900063B10761F02A096002910FF6900063B10761F02A296202910FF69000688
:201248003B10761F02A296072910FF6900063B10761F02A2963A2910FF6900063B10761FE3
:20125800029C960D2910FF6900063B10761F029C960C2910FF6900063B10761F02A29601AC
:201268002910FF6900063B10761F02A296052910FF6900063B10761F02A296032910FF693B
:2012780000063B10761F029C96112910FF6900063B10761F029C96102910FF6900063B106E
:20128800761F029C960B2910FF6900063B10761F029C960A2910FF6900063B10761F02A282
:2012980096002910FF6900063B10761F02A296042910FF6900063B10761F02A296022910DF
:2012A800FF6900063B10761F029C960F2910FF6900063B10761F029C960E2910FF69000625
:2012B8003B10761F02A296182910FF6900063B10761F02A296192910FF6900063B10761F83
:2012C80002A2961A2910FF6900063B10761F029C96232910FF6900063B10761F029C9625F4
:2012D8002910FF6900063B10761F02A296262910FF6900063B10761F02A0962D2910FF6982
:2012E80000063B10761F02A0962F2910FF6900063B10761F02A0962C2910FF6900063B10BC
:2012F800761F02A0962E2910FF6900063B10761F02A2961E2910FF6900063B10761F02A2D1
:2013080096252910FF6900063B10761F02A2961F2910FF6900063B10761F029C9622291014
:20131800FF6900063B10761F029C96242910FF6900063B10761F02A096092910FF690006A0
:201328003B10761F02A296062910FF6900063B10761F02A5963F2910FF6900063B10761FFB
:2013380002A2962D2910FF6900063B10761F02A096012910FF6900063B10761F029C9600B3
:201348002910FF6900063B10761F02A0960A2910FF6900063B10761F02A696282910FF692E
:2013580000063B10761F02A696292910FF6900063B10761F02A096242910FF6900063B1053
:20136800761F02A696002910FF6900063B10761F029C961B2910FF6900063B10761F029C97
:20137800961A2910FF6900063B10761F029C961D2910FF6900063B10761F029C961C2910BD
:20138800FF6900063B10761F02A296382910FF6900063B10761F02A296392910FF690006E4
:201398003B10761F02A2962E2910FF6900063B10761F029C961F2910FF6900063B10761F8C
:2013A800029C961E2910FF6900063B10761F02A296342910FF6900063B10761F02A29633EA
:2013B8002910FF6900063B10761F02A2962A2910FF6900063B10761F02A296102910FF69B8
:2013C80000063B10761F02A2962C2910FF6900063B10761F02A2962B2910FF6900063B10DB
:2013D800761F029C96212910FF6900063B10761F029C96202910FF6900063B10761F02A007
:2013E800962B2910FF6900063B10761F02A0962A2910FF6900063B10761F029A9614291035
:2013F800FF6900063B10761F029A96152910FF6900063B10761F029A96202910FF690006C0
:201408003B10761F029A96212910FF6900063B10761F029A960E2910FF6900063B10761F43
:20141800029A960F2910FF6900063B10761F029A961A2910FF6900063B10761F029A961BCC
:201428002910FF6900063B10761F029A96122910FF6900063B10761F029A96132910FF696C
:2014380000063B10761F029A961E2910FF6900063B10761F029A961F2910FF6900063B1094
:20144800761F029A960C2910FF6900063B10761F029A960D2910FF6900063B10761F029AC8
:2014580096182910FF6900063B10761F029A96192910FF6900063B10761F029A96102910F2
:20146800FF6900063B10761F029A96112910FF6900063B10761F029A961C2910FF69000657
:201478003B10761F029A961D2910FF6900063B10761F029A960A2910FF6900063B10761FDB
:20148800029A960B2910FF6900063B10761F029A96162910FF6900063B10761F029A961768
:201498002910FF6900063B10761F029C962B2910FF6900063B10761F029C962A2910FF69C8
:2014A80000063B10761F02A096332910FF6900063B10761F02A096352910FF6900063B10ED
:2014B800761F02A096322910FF6900063B10761F02A096342910FF6900063B10761F02A0F9
:2014C80096362910FF6900063B10761F029C962D2910FF6900063B10761F029C962C291030
:2014D800FF6900063B10761F02A096312910FF6900063B10761F029A96282910FF690006B5
:2014E8003B10761F02A696342910FF6900063B10761F029D961E2910FF6900063B10761F31
:2014F80002A296292910FF6900063B10761F02A696272910FF6900063B10761F02A09606C0
:201508002910FF6900063B10761F02A696262910FF6900063B10761F02A496302910FF6944
:2015180000063B10761F02A496312910FF6900063B10761F02A596312910FF6900063B1079
:20152800761F02A5962E2910FF6900063B10761F02A5962D2910FF6900063B10761F02A584
:20153800962C2910FF6900063B10761F02A5962F2910FF6900063B10761F02A596302910B1
:20154800FF6900063B10761F02A5962A2910FF6900063B10761F02A5962B2910FF69000638
:201558003B10761F02A596292910FF6900063B10761F02A596262910FF6900063B10761FBC
:2015680002A596252910FF6900063B10761F02A596242910FF6900063B10761F02A596272E
:201578002910FF6900063B10761F02A596282910FF6900063B10761F02A596222910FF69E0
:2015880000063B10761F02A596232910FF6900063B10761F02A596212910FF6900063B1026
:20159800761F02A5961E2910FF6900063B10761F02A5961D2910FF6900063B10761F02A534
:2015A800961C2910FF6900063B10761F02A5961F2910FF6900063B10761F02A59620291071
:2015B800FF6900063B10761F02A5961A2910FF6900063B10761F02A5961B2910FF690006E8
:2015C8003B10761F02A596192910FF6900063B10761F02A596162910FF6900063B10761F6C
:2015D80002A596152910FF6900063B10761F02A596142910FF6900063B10761F02A59617EE
:2015E8002910FF6900063B10761F02A596182910FF6900063B10761F02A596122910FF6990
:2015F80000063B10761F02A596132910FF6900063B10761F02A596112910FF6900063B10D6
:20160800761F02A5960E2910FF6900063B10761F02A5960D2910FF6900063B10761F02A5E3
:20161800960C2910FF6900063B10761F02A5960F2910FF6900063B10761F02A59610291030
:20162800FF6900063B10761F02A5960A2910FF6900063B10761F02A5960B2910FF69000697
:201638003B10761F02A596092910FF6900063B10761F02A596062910FF6900063B10761F1B
:2016480002A596052910FF6900063B10761F02A596042910FF6900063B10761F02A59607AD
:201658002910FF6900063B10761F02A596082910FF6900063B10761F02A596022910FF693F
:2016680000063B10761F02A596032910FF6900063B10761F02A596012910FF6900063B1085
:20167800761F02A4963E2910FF6900063B10761F02A4963D2910FF6900063B10761F02A416
:20168800963C2910FF6900063B10761F02A4963F2910FF6900063B10761F02A59600291071
:20169800FF6900063B10761F02A4963A2910FF6900063B10761F02A4963B2910FF690006C9
:2016A8003B10761F02A496392910FF6900063B10761F02A496362910FF6900063B10761F4D
:2016B80002A496352910FF6900063B10761F02A496342910FF6900063B10761F02A49637B0
:2016C8002910FF6900063B10761F02A496382910FF6900063B10761F02A496322910FF6971
:2016D80000063B10761F02A496332910FF6900063B10761F02A3962C2910FF6900063B10BD
:2016E800761F02A3962B2910FF6900063B10761F029C96272910FF6900063B10761F029CE0
:2016F80096262910FF6900063B10761F02A296152910FF6900063B10761F02A2963729100F
:20170800FF6900063B10761F02A696252910FF6900063B10761F029A96292910FF69000687
:201718003B10761F02A696352910FF6900063B10761F029D961F2910FF6900063B10761FFC
:2017280002A696012910FF6900063B10761F02A696242910FF6900063B10761F02A19603B6
:201738002910FF6900063B10761F02A196222910FF6900063B10761F02A196232910FF692B
:2017480000063B10761F02A196242910FF6900063B10761F02A196252910FF6900063B1067
:20175800761F02A196202910FF6900063B10761F02A196212910FF6900063B10761F02A079
:2017680096282910FF6900063B10761F02A196042910FF6900063B10761F029C96132910D8
:20177800FF6900063B10761F029C96122910FF6900063B10761F02A096202910FF69000637
:201788003B10761F02A196072910FF6900063B10761F02A096212910FF6900063B10761FBA
:2017980002A196142910FF6900063B10761F02A196062910FF6900063B10761F02A0962738
:2017A8002910FF6900063B10761F02A096262910FF6900063B10761F02A196132910FF69C8
:2017B80000063B10761F02A0963C2910FF6900063B10761F02A0963B2910FF6900063B10CB
:2017C800761F02A196002910FF6900063B10761F02A0963F2910FF6900063B10761F02A00C
:2017D80096392910FF6900063B10761F02A0963A2910FF6900063B10761F02A1960C291024
:2017E800FF6900063B10761F02A1960E2910FF6900063B10761F02A1960D2910FF690006D8
:2017F8003B10761F02A1960F2910FF6900063B10761F02A1960B2910FF6900063B10761F57
:2018080002A196102910FF6900063B10761F029C96152910FF6900063B10761F029C9614D8
:201818002910FF6900063B10761F02A096382910FF6900063B10761F02A096232910FF6936
:2018280000063B10761F02A096222910FF6900063B10761F02A0963E2910FF6900063B1071
:20183800761F02A0963D2910FF6900063B10761F029C96172910FF6900063B10761F029C8F
:2018480096162910FF6900063B10761F029C96192910FF6900063B10761F029C96182910F4
:20185800FF6900063B10761F02A196152910FF6900063B10761F02A196052910FF69000668
:201868003B10761F02A296142910FF6900063B10761F02A296272910FF6900063B10761FC3
:2018780002A0960B2910FF6900063B10761F02A596342910FF6900063B10761F02A596351C
:201888002910FF6900063B10761F02A596362910FF6900063B10761F02A596382910FF69A9
:2018980000063B10761F02A5963B2910FF6900063B10761F02A596372910FF6900063B10E5
:2018A800761F02A5963C2910FF6900063B10761F02A5963D2910FF6900063B10761F02A5E3
:2018B80096392910FF6900063B10761F02A5963A2910FF6900063B10761F02A5963E291008
:2018C800FF6900063B10761F02A296122910FF6900063B10761F02A296112910FF690006ED
:2018D8003B10761F02A296132910FF6900063B10761F02A196082910FF6900063B10761F74
:2018E80002A2962F2910FF69000658A97680BC0D8F40BC0A97967C950006761F029A4300C3
:2018F8006D0942006D0A0A09540966071A0000046F031800FFF72B090006761F029ACD00EE
:201908000300FFD7612253016109530260120A085408661B1A0003006F0A520060041A0089
:20191800030000061800FEFF1A0002002B080006761F02F0920F761F02F0930C7648BF2C45
:20192800761F029A1800FCFF0006761F029ACD0000C0FFD5612253016109530260120A07AA
:201938005407661B1A0000C06F0A520060041A0000C000061800FFBF1A0000802B07000622
:20194800761F02F0920E761F02F0930B7648BF2C761F029A1800FF3F0006761F029ACD00FF
:201958000030FFD3612253016109530260120A065406661B1A0000306F0A520060041A00E7
:20196800003000061800FFEF1A0000202B060006761F02F0920D761F02F0930A7648BF2CBF
:20197800761F029A1800FFCF0006B2BDD01F8D40A68A9A1FAABD8AA12B9176489FDE8D8088
:20198800A6C0D01FC5A196918AA2D103F61F248428A905008AA29B407648A11B520060296E
:20199800D01F28A905009B405C927648A18052046020761F029AD1031A02001028A90A5090
:2019A8008AA29B407648A11B5200600FD01F28A90A509B405C927648A18052046006761FCA
:2019B800029A1A0200206F14D98192A160E86F04D98192A160CE761F02D71A3A0080761FDA
:2019C80002EF9A009B0256BF38117648BF2C86BE8BBE0006B2BD8D0001B58D40A80028A945
:2019D80001B5AABD8AA12B9176489FDE8D80A9C08D0001B5C5A18AA296918F4001B5D103E5
:2019E800F7A5248428A901008AA228A8036C7648A11B5200602E8D0001B528A9010028A81F
:2019F800036C5C927648A18052046023761F029AD1031A02000428A906508AA228A8036C03
:201A08007648A11B520060118D0001B528A9065028A8036C5C927648A18052046006761FBA
:201A1800029A1A0200086F14D98192A160E56F04D98192A160C8761F02D71A3A0080761F9A
:201A280002EF9A009B0256BF38117648BF2C86BE8BBE0006B2BDD05F8D40A7009A5FAABD6A
:201A38008AA12B9176489FDE8D80A780D05FC5A196918AA2D103F65F24849A008AA29BC05E
:201A48007648A11B52006028D05F9A009BC05C927648A18052046020761F029AD1031A0242
:201A5800000128A905508AA29BC07648A11B5200600FD05F28A905509BC05C927648A18008
:201A680052046006761F029A1A0200026F14D98192A160E86F04D98192A160D0761F02D75D
:201A78001A3A0080761F02EF9A009B0256BF38117648BF2C86BE8BBE0006530058A9610866
:201A880088A8DE8192959694D801000EFFFD00069A009B1F8F00A68A8F48E9DF76481A8566
:201A98000006B2BDD103AABD8D80A68A28A905008AA29B407648A1F752006010D01E889244
:201AA8002901FF20AAAA0FA660099A1F76480910520160041A0100106F2FD98192A160E77F
:201AB800D10328A90A508AA29B407648A1F752006010D01E88922901FF20AAAA0FA660092D
:201AC8009A1F76480910520160041A0100206F14D98192A160E776481A90761F02EF56BF22
:201AD8003811761F02D79A009B021A3A00807648BF2C7648197D86BE8BBE00069A0028A832
:201AE80001B58F00A8008F48E59876481A850006B2BDD103AABD8D80A80028A901008AA2DD
:201AF80028A8036C7648A1F7520060148D0001B488922901FF20AAAA0FA6600C28A901B5D2
:201B08007648091E52016006761F029A1A0100046F34D98192A160E2D10328A906508AA236
:201B180028A8036C7648A1F7520060148D0001B488922901FF20AAAA0FA6600C28A901B5B1
:201B28007648091E52016006761F029A1A0100086F14D98192A160E276481AE6761F02EF15
:201B380056BF3811761F02D79A009B021A3A00807648BF2C764819D286BE8BBE00069A0037
:201B48009B5F8F00A7008F48E97F76481A850006B2BDD103AABD8D80A7009A008AA29BC02C
:201B58007648A1F752006012D05E88922901FF20AAAA0FA6600B9A5F7648092C52016006A9
:201B6800761F029A1A0100016F31D98192A160E6D10328A905508AA29BC07648A1F7520074
:201B78006012D05E88922901FF20AAAA0FA6600B9A5F7648092C52016006761F029A1A01E5
:201B880000026F14D98192A160E576481B47761F02EF56BF3811761F02D79A009B021A3AE9
:201B980000807648BF2C76481A3286BE8BBE0006B2BDAABD764805C31BA9270F66039B000D
:201BA8006F059A01764813449B01764801571BA9270F69059A0076480B879B017648015347
:201BB8001BA9270F69059A0076480B809B017648014F1BA9270F69059A0076480B799B0138
:201BC8007648014B1BA9270F69059A0076480B729B01764801471BA9270F69059A00764854
:201BD8000B6B9B0176480143521269059A1276480B649B017648015F520061059A00764864
:201BE8000B959B0176480163520B61059A0076480B9C9B017648015B520B61059A007648EC
:201BF8000B8E9B017648055BD100D2001BA9080064067648055B1BA92000650628A9100053
:201C08007648128E9B01764805571BA983006406764805571BA97D0065059A007648128741
:201C18009B017648053F1BA9080064067648053F1BA92000650628A910007648125D9B01DD
:201C28007648053B1BA9830064067648053B1BA97D0065059A00764812569B017648056FB6
:201C38001BA9080064067648056F1BA92000650628A91000764812B19B017648056B1BA9E5
:201C4800830064067648056B1BA97D0065059A00764812AA9B01764805531BA908006406BA
:201C5800764805531BA92000650628A91000764812809B017648054F1BA9830064067648B9
:201C6800054F1BA97D0065059A00764812799B017648082F1BA9080064067648082F1BA9FA
:201C78002000650628A910007648177A9B017648082B1BA9830064067648082B1BA97D0021
:201C880065059A00764817739B01764808871BA908006406764808871BA92000650628A964
:201C98001000764818149B01764808831BA983006406764808831BA97D0065059A00764850
:201CA800180D9B01764808A31BA908006406764808A31BA92000650628A910007648184508
:201CB8009B017648089F1BA983006406764808831BA97D0065059A007648183E9B0176485E
:201CC80008AB1BA908006406764808AB1BA92000650628A91000764818539B01764808A740
:201CD8001BA983006406764808A71BA97D0065059A007648184C9B01764805DF1BA908005D
:201CE8006406764805DF1BA92000650628A91000764813759B01764805DB1BA9830064066F
:201CF800764805DB1BA97D0065059A007648136E9B01764805E71BA908006406764805E784
:201D08001BA92000650628A91000764813839B01764805E31BA983006406764805E31BA9DA
:201D18007D0065059A007648137C9B01764805FF1BA908006406764805FF1BA92000650638
:201D280028A91000764813A69B01764805FB1BA983006406764805FB1BA97D0065059A0035
:201D38007648139F9B017648061F1BA9080064067648061F1BA92000650628A91000764895
:201D480013DE9B017648061B1BA9830064067648061B1BA97D0065059A00764813D79B01F6
:201D5800764805A71BA908006406764805A71BA92000650628A91000764813139B017648F3
:201D6800057F1BA9830064067648057F1BA97D0065059A00764812CD9B01764805AB1BA934
:201D780008006406764805AB1BA92000650628A910007648131A9B01764805831BA9830027
:201D88006406764805831BA97D0065059A00764812D49B01764807E3520061059A0076484E
:201D980016F59B01764807DF520061059A00764816EE9B017648013F520061059A00764822
:201DA8000B5D9B017648013B520061059A0076480B569B017648068F1BA9080064067648C9
:201DB800068F1BA92000650628A91000764814A29B017648068B1BA9830064067648068BE7
:201DC8001BA97D0065059A007648149B9B01764806AB1BA908006406764806AB1BA92000B5
:201DD800650628A91000764814D39B01764806A71BA983006406764806A71BA97D0065052C
:201DE8009A00764814CC9B017648006F520061059A00764809B89B017648004752006105B0
:201DF8009A00764809729B0176480043520061059A007648096B9B017648003F5200610586
:201E08009A00764809649B017648003B520061059A007648095D9B017648010F52006105C8
:201E18009A0076480AD09B017648010B520061059A0076480AC99B01764801075200610515
:201E28009A0076480AC29B0176480103520061059A0076480ABB9B01764800FF5200610532
:201E38009A0076480AB49B01764800FB520061059A0076480AAD9B01764800F7520061054F
:201E48009A0076480AA69B01764800F3520061059A0076480A9F9B01764800EF520061056B
:201E58009A0076480A989B01764800EB520061059A0076480A919B01764800E75200610587
:201E68009A0076480A8A9B01764800E3520061059A0076480A839B01764800DF52006105A3
:201E78009A0076480A7C9B01764800DB520061059A0076480A759B01764800D752006105BF
:201E88009A0076480A6E9B01764800D3520061059A0076480A679B01764800CF52006105DB
:201E98009A0076480A609B01764800CB520061059A0076480A599B01764800C752006105F7
:201EA8009A0076480A529B01764800C3520061059A0076480A4B9B01764800BF5200610513
:201EB8009A0076480A449B01764800BB520061059A0076480A3D9B01764800B7520061052F
:201EC8009A0076480A369B01764800B3520061059A0076480A2F9B01764800AF520061054B
:201ED8009A0076480A289B01764800AB520061059A0076480A219B01764800A75200610567
:201EE8009A0076480A1A9B01764800A3520061059A0076480A139B017648009F5200610583
:201EF8009A0076480A0C9B017648009B520061059A0076480A059B0176480097520061059F
:201F08009A00764809FE9B0176480093520061059A00764809F79B017648008F52006105BC
:201F18009A00764809F09B017648008B520061059A00764809E99B017648008752006105D8
:201F28009A00764809E29B0176480083520061059A00764809DB9B017648007F52006105F4
:201F38009A00764809D49B017648007B520061059A00764809CD9B01764800775200610510
:201F48009A00764809C69B0176480073520061059A00764809BF9B017648006B5200610530
:201F58009A00764809B19B0176480067520061059A00764809AA9B0176480063520061055E
:201F68009A00764809A39B017648052B520061097648052B520161059A007648123AD101F2
:201F7800764805BF52006109764805BF520161059A007648133DD101764805235200610DB0
:201F8800764805235201610976480523520261059A007648122CD1017648052752006105EC
:201F980076480527521069059A0176481233D10176480177520669059A0076480BBFD1010F
:201FA8007648016B520269059A0076480BAAD101764806C752016109764806C752026105C1
:201FB8009A0176481504D1017648051F520061097648051F520161059A0176481225D1012A
:201FC8007648051B520061097648051B520161059A007648121ED101764805AF5200610940
:201FD800764805AF520161059A0076481321D101764805C752006109764805C752016105D7
:201FE8009A017648134BD101764808BF52006109764808BF520161059A0176481876D10118
:201FF8007648011F520061059A0076480AECD1017648011B520061059A0076480AE5D10168
:2020080076480127520061059A0076480AFAD10176480123520061059A0076480AF3D1012B
:202018007648046B520061059A00764810EAD1017648045F520061059A00764810D5D101B7
:2020280076480453520061059A00764810C0D10176480427520061059A0076481073D10183
:20203800764803FB520061059A0076481026D101764803CF520061059A0076480FD9D1015A
:20204800764803B7520061059A0076480FAFD101764803AB520061059A0076480F9AD10169
:202058007648037F520061059A0076480F4DD10176480353520061059A0076480F00D101E5
:2020680076480327520061059A0076480EB3D101764802FB520061059A0076480E66D101BC
:20207800764802CF520061059A0076480E19D101764802A3520061059A0076480DCCD10192
:202088007648028B520061059A0076480DA2D10176480287520061059A0076480D9BD1018B
:20209800764808335202610976480833520361059A0276481781D1017648083B5214690524
:2020A8009A027648178FD101764808935200610976480893520161059A0076481829D101B4
:2020B8007648088F764805D3526469059A0176481360D1017648027B520061059A00764810
:2020C8000D86D101764801F3520061059A0076480C98D101764806275200610976480627C9
:2020D800520161059A01764813ECD10176480597526469059A14764812F7D1017648058FEE
:2020E800526469059A50764812E9D101764801C3520061059A0076480C44D101764806AF18
:2020F80052006109764806AF520161059A00764814DAD1017648069B520061059A00764859
:2021080014B7D10176480693520061059A00764814A9D1017648069F520061059A007648B1
:2021180014BED10176480697526469059A00764814B0D10176480697526469059A007648BF
:2021280014C5D101764801BF520061059A0076480C3DD10176480867526469059A0076489A
:2021380017DCD10176480857526469059A05764817C0D1017648089B526469059A0F76488F
:202148001837D1017648085F526469059A0A764817CED101764801BB520061059A0076486A
:202158000C36D101764801B7520061059A0076480C2FD1017648080752C869059A00764813
:202168001734D101764808B352006109764808B3520161059A0076481861D1017648084327
:202178005200610976480843520161059A007648179DD10176480837520061097648083735
:20218800520161059A0076481788D101764808FB764801B3520061059A0076480C28D1016C
:20219800764801AF520061059A0076480C21D1017648087B520061097648087B52016105B3
:2021A8009A00764817FFD101764808731BA9038469059A3C764817F1D1017648086F1BA97E
:2021B800038469059A0C764817EAD101764808771BA9038469059A1E764817F8D1017648D0
:2021C800087F520061097648087F520161059A0076481806D101764801AB520061059A00B2
:2021D80076480C1AD101764801A7520061059A0076480C13D1017648084F5200610976483B
:2021E800084F520161059A01764817B2D1017648083F520061097648083F520161059A01B9
:2021F80076481796D101764808AF52006109764808AF520161059A017648185AD1017648D0
:20220800017F520061097648017F520161059A0176480BCDD101764801A3520061059A00CC
:2022180076480C0CD1017648019F520061059A0076480C05D1017648019B520061059A0001
:2022280076480BFED10176480197520061059A0076480BF7D10176480193520061059A001F
:2022380076480BF0D1017648018F520061059A0076480BE9D1017648018B520061059A003B
:2022480076480BE2D10176480187520061059A0076480BDBD10176480183520061059A0057
:2022580076480BD4D1017648081B1BA90C4468059A0076481757D1017648081F1BA90C4404
:20226800680628A90C447648175ED1017648080B1BA9FFFF68059A007648173BD101764888
:20227800080F1BA9FFFF68059A0076481742D101764808131BA9FFFF68059A0076481749BD
:20228800D101764808171BA90C4468059A0076481750D1017648017B520061059A0176482A
:202298000BC6D10176480507520061059A00764811FBD10176480503520061059A007648F5
:2022A80011F4D101764804FF520061059A00764811EDD101764804FB520061059A007648D1
:2022B80011E6D101764804F7520061059A00764811DFD101764804F3520061059A007648ED
:2022C80011D8D101764804EF520061059A00764811D1D101764804EB520061059A00764809
:2022D80011CAD101764804E7520061059A00764811C3D101764804E3520061059A00764825
:2022E80011BCD101764804DF520061059A00764811B5D101764804DB520061059A00764841
:2022F80011AED101764804D7520061059A00764811A7D101764804D3520061059A0076485D
:2023080011A0D101764804CF520061059A0076481199D101764804CB520061059A00764878
:202318001192D101764804C7520061059A007648118BD101764804C3520061059A00764894
:202328001184D101764804BF520061059A007648117DD101764804BB520061059A007648B0
:202338001176D101764804B7520061059A007648116FD101764804B3520061059A007648CC
:202348001168D101764804AF520061059A0076481161D101764804AB520061059A007648E8
:20235800115AD101764804A7520061059A0076481153D10176480543520061059A00764863
:202368001264D101764805675200610628A908FC764812A3D1017648054B520061059A00B0
:2023780076481272D10176480547520061059A007648126BD101764805B3520061097648D8
:2023880005B3520161059A0176481328D101764805335200610976480533520161059A0063
:2023980076481248D101764804A3520061059A007648114CD1017648049F520061059A00E4
:2023A80076481145D1017648049B520061059A007648113ED10176480497520061059A00F6
:2023B80076481137D10176480493520061059A0076481130D1017648048F520061059A0012
:2023C80076481129D1017648048B520061059A0076481122D10176480487520061059A002E
:2023D8007648111BD1017648060F5200610D7648060F520161097648060F520261059A01DE
:2023E800764813C2D101764808F752006109764808F7520161059A00764818D8D1017648A9
:2023F80008B752006109764808B7520161059A0176481868D101764807E752006109764843
:2024080007E7520161059A01764816FCD10176480483520061059A0076481114D1017648C6
:20241800047F520061059A007648110DD101764805735200610976480573520161059A01A5
:20242800764812B8D101764805775200610976480577520161059A01764812BFD101764897
:20243800057B520061097648057B520161059A00764812C6D1017648047B520061059A00C0
:2024480076481106D10176480477520061059A00764810FFD10176480473520061059A001C
:20245800764810F8D1017648059B520061097648059B520161059A00764812FED1017648A3
:2024680005A352006109764805A3520161059A007648130CD1017648052F1BA9190069064A
:2024780028A9012C76481241D10176480513526469059A5076481210D1017648051752643D
:2024880069059A1476481217D1017648059F1BA9EA6069059A0076481305D10176480587F5
:202498001BA9EA60690628A93A98764812DBD101764808BB52006109764808BB5201610510
:2024A8009A007648186FD1017648046F520061059A00764810F1D101764806BF5200610910
:2024B800764806BF520161059A00764814F6D1017648060B520061097648060B5201610581
:2024C8009A00764813BBD10176480467520061059A00764810E3D101764804635200610521
:2024D8009A00764810DCD10176480167526469059A3276480BA3D1017648060752006109F3
:2024E80076480607520161059A00764813B4D101764806031BA91D4C690628A907D0764896
:2024F80013ADD1017648016F520061097648016F520161059A0176480BB1D1017648017348
:202508005200610976480173520161059A0076480BB8D101764807EB52006109764807EB03
:20251800520161059A0076481703D101764805EB764805EF1BA904B069059A007648139164
:20252800D101764805375200610976480537520161059A007648124FD1017648045B52005E
:2025380061059A00764810CED10176480457520061059A00764810C7D1017648044F5200E0
:2025480061059A00764810B9D1017648044B520061059A00764810B2D1017648044752000E
:2025580061059A00764810ABD10176480443520061059A00764810A4D1017648043F52002A
:2025680061059A007648109DD1017648043B520061059A0076481096D10176480437520046
:2025780061059A007648108FD10176480433520061059A0076481088D1017648042F520062
:2025880061059A0076481081D1017648042B520061059A007648107AD10176480423520082
:2025980061059A007648106CD1017648041F520061059A0076481065D1017648041B5200B0
:2025A80061059A007648105ED10176480417520061059A0076481057D101764804135200CC
:2025B80061059A0076481050D1017648040F520061059A0076481049D1017648040B5200E8
:2025C80061059A0076481042D10176480407520061059A007648103BD10176480403520004
:2025D80061059A0076481034D101764803FF520061059A007648102DD101764803F7520026
:2025E80061059A007648101FD101764803F3520061059A0076481018D101764803EF520054
:2025F80061059A0076481011D101764803EB520061059A007648100AD101764803E7520070
:2026080061059A0076481003D101764803E3520061059A0076480FFCD101764803DF52008C
:2026180061059A0076480FF5D101764803DB520061059A0076480FEED101764803D75200A9
:2026280061059A0076480FE7D101764803D3520061059A0076480FE0D101764803CB5200C9
:2026380061059A0076480FD2D101764803C7520061059A0076480FCBD101764803C35200F7
:2026480061059A0076480FC4D101764803BF520061059A0076480FBDD101764803BB520013
:2026580061059A0076480FB6D1017648012B520269059A0076480B01D101764801335200E7
:2026680061059A0076480B0FD1017648012F520061059A0076480B08D1017648013752007D
:2026780061059A0076480B16D1017648002F520061059A0076480948D1017648002B520036
:2026880061059A0076480941D10176480037520061059A0076480956D101764800275200EB
:2026980061059A007648093AD10176480033520061059A007648094FD10176480113520000
:2026A80061059A0076480AD7D10176480117520061059A0076480ADED101764807DB52000F
:2026B8006109764807DB520161059A00764816E7D101764807D752006109764807D75201D1
:2026C80061059A00764816E0D101764803B3520061059A0076480FA8D101764803AF52009D
:2026D80061059A0076480FA1D101764803A7520061059A0076480F93D101764803A3520000
:2026E80061059A0076480F8CD1017648039F520061059A0076480F85D1017648039B520023
:2026F80061059A0076480F7ED10176480397520061059A0076480F77D1017648039352003F
:2027080061059A0076480F70D1017648038F520061059A0076480F69D1017648038B52005A
:2027180061059A0076480F62D10176480387520061059A0076480F5BD10176480383520076
:2027280061059A0076480F54D1017648037B520061059A0076480F46D101764803775200A1
:2027380061059A0076480F3FD10176480373520061059A0076480F38D1017648036F5200C4
:2027480061059A0076480F31D1017648036B520061059A0076480F2AD101764803675200E0
:2027580061059A0076480F23D10176480363520061059A0076480F1CD1017648035F5200FC
:2027680061059A0076480F15D1017648035B520061059A0076480F0ED10176480357520018
:2027780061059A0076480F07D1017648034F520061059A0076480EF9D1017648034B520044
:2027880061059A0076480EF2D10176480347520061059A0076480EEBD10176480343520068
:2027980061059A0076480EE4D1017648033F520061059A0076480EDDD1017648033B520084
:2027A80061059A0076480ED6D10176480337520061059A0076480ECFD101764803335200A0
:2027B80061059A0076480EC8D1017648032F520061059A0076480EC1D1017648032B5200BC
:2027C80061059A0076480EBAD10176480323520061059A0076480EACD1017648031F5200E7
:2027D80061059A0076480EA5D1017648031B520061059A0076480E9ED1017648031752000A
:2027E80061059A0076480E97D10176480313520061059A0076480E90D1017648030F520026
:2027F80061059A0076480E89D1017648030B520061059A0076480E82D10176480307520042
:2028080061059A0076480E7BD10176480303520061059A0076480E74D101764802FF52005E
:2028180061059A0076480E6DD101764802F7520061059A0076480E5FD101764802F352008A
:2028280061059A0076480E58D101764802EF520061059A0076480E51D101764802EB5200AD
:2028380061059A0076480E4AD101764802E7520061059A0076480E43D101764802E35200C9
:2028480061059A0076480E3CD101764802DF520061059A0076480E35D101764802DB5200E5
:2028580061059A0076480E2ED101764802D7520061059A0076480E27D101764802D3520001
:2028680061059A0076480E20D101764802CB520061059A0076480E12D101764802C752002C
:2028780061059A0076480E0BD101764802C3520061059A0076480E04D101764802BF52004F
:2028880061059A0076480DFDD101764802BB520061059A0076480DF6D101764802B752006D
:2028980061059A0076480DEFD101764802B3520061059A0076480DE8D101764802AF520089
:2028A80061059A0076480DE1D101764802AB520061059A0076480DDAD101764802A75200A5
:2028B80061059A0076480DD3D1017648029F520061059A0076480DC5D1017648029B5200D0
:2028C80061059A0076480DBED10176480297520061059A0076480DB7D101764802935200F3
:2028D80061059A0076480DB0D1017648028F520061059A0076480DA9D101764806CF5200C7
:2028E8006109764806CF520161059A0076481512D101764806D3520061059A0076481519F4
:2028F800D101764807CF520061059A00764816D2D101764807D3520061059A00764816D9F9
:20290800D101764807C3520061059A00764816BDD101764807BF520061059A00764816B640
:20291800D101764807BB520061059A00764816AFD101764807C7520061059A00764816C430
:20292800D101764807CB520061059A00764816CBD101764807B7520061059A00764816A820
:20293800D101764807AF520061059A007648169AD101764807B3520061059A00764816A168
:20294800D101764807A3520061059A0076481685D1017648079F520061059A007648167EB0
:20295800D1017648079B520061059A0076481677D101764807A7520061059A007648168CA0
:20296800D101764807AB520061059A0076481693D10176480797520061059A007648167090
:20297800D1017648078F520061059A0076481662D10176480793520061059A0076481669D8
:20298800D10176480783520061059A007648164DD1017648077F520061059A007648164620
:20299800D1017648077B520061059A007648163FD10176480787520061059A007648165410
:2029A800D1017648078B520061059A007648165BD10176480777520061059A007648163800
:2029B800D1017648076F520061059A007648162AD10176480773520061059A007648163148
:2029C800D10176480763520061059A0076481615D1017648075F520061059A007648160E90
:2029D800D1017648075B520061059A0076481607D10176480767520061059A007648161C80
:2029E800D1017648076B520061059A0076481623D10176480757520061059A007648160070
:2029F800D1017648074F520061059A00764815F2D10176480753520061059A00764815F9BA
:202A0800D10176480743520061059A00764815DDD1017648073F520061059A00764815D601
:202A1800D1017648073B520061059A00764815CFD10176480747520061059A00764815E4F1
:202A2800D1017648074B520061059A00764815EBD10176480737520061059A00764815C8E1
:202A3800D1017648072F520061059A00764815BAD10176480733520061059A00764815C129
:202A4800D10176480723520061059A00764815A5D1017648071F520061059A007648159E71
:202A5800D1017648071B520061059A0076481597D10176480727520061059A00764815AC61
:202A6800D1017648072B520061059A00764815B3D10176480717520061059A007648159051
:202A7800D1017648070F520061059A0076481582D10176480713520061059A007648158999
:202A8800D10176480703520061059A007648156DD101764806FF520061059A0076481566E2
:202A9800D101764806FB520061059A007648155FD10176480707520061059A0076481574D2
:202AA800D1017648070B520061059A007648157BD101764806F7520061059A0076481558C2
:202AB800D101764806EF520061059A007648154AD101764806F3520061059A00764815510B
:202AC800D101764806E3520061059A0076481535D101764806DF520061059A007648152E53
:202AD800D101764806DB520061059A0076481527D101764806E7520061059A007648153C43
:202AE800D101764806EB520061059A0076481543D101764806D7520061059A007648152033
:202AF800D10176480283520061059A0076480D94D1017648027F520061059A0076480D8D3D
:202B0800D101764808C352006109764808C3520161059A007648187DD101764808C75200B6
:202B180061059A0076481884D101764808CB520061059A007648188BD101764808D752006C
:202B280061059A00764818A0D101764808CF764808E3520061059A00764818B5D10176489A
:202B380008E7520061059A00764818BCD101764808D3520061059A0076481899D1017648EE
:202B480008DB520061059A01764818A7D101764808DF520061059A00764818AED1017648DD
:202B580008EB764805B752006109764805B7520161059A017648132FD101764805D75200A8
:202B68006109764805D7520161059A0176481367D101764807FF52006109764807FF520154
:202B780061059A0176481726D10176480277520061059A0076480D7FD10176480273520045
:202B880061059A0076480D78D1017648026F520061059A0076480D71D1017648026B52000C
:202B980061059A0076480D6AD10176480267520061059A0076480D63D10176480263520028
:202BA80061059A0076480D5CD1017648025F520061059A0076480D55D1017648025B520044
:202BB80061059A0076480D4ED10176480257520061059A0076480D47D10176480253520060
:202BC80061059A0076480D40D1017648024F520061059A0076480D39D1017648024B52007C
:202BD80061059A0076480D32D10176480247520061059A0076480D2BD10176480243520098
:202BE80061059A0076480D24D1017648023F520061059A0076480D1DD1017648023B5200B4
:202BF80061059A0076480D16D10176480237520061059A0076480D0FD101764802335200D0
:202C080061059A0076480D08D1017648022F520061059A0076480D01D1017648022B5200EB
:202C180061059A0076480CFAD10176480227520061059A0076480CF3D10176480223520009
:202C280061059A0076480CECD1017648021F520061059A0076480CE5D1017648021B520025
:202C380061059A0076480CDED10176480217520061059A0076480CD7D10176480213520041
:202C480061059A0076480CD0D1017648020F520061059A0076480CC9D1017648020B52005D
:202C580061059A0076480CC2D10176480207520061059A0076480CBBD10176480203520079
:202C680061059A0076480CB4D101764801FF520061059A0076480CADD101764801FB520097
:202C780061059A0076480CA6D101764801F7520061059A0076480C9FD101764801EF5200B7
:202C880061059A0076480C91D10176480803521069059A007648172DD101764807EF5200F2
:202C98006109764807EF520161059A007648170AD101764806CB52006109764806CB5201CD
:202CA80061059A007648150BD101764806C352006109764806C3520161059A00764814FD70
:202CB800D101764805CB52006109764805CB520161059A0076481352D101764805CF52091D
:202CC80069059A0076481359D101764801EB520061059A0076480C8AD101764801E75200CE
:202CD80061059A0076480C83D101764801E3520061059A0076480C7CD101764801DF5200C1
:202CE80061059A0076480C75D101764801DB520061059A0076480C6ED101764801D75200DD
:202CF80061059A0076480C67D101764801D3520061059A0076480C60D101764801CF5200F9
:202D080061059A0076480C59D101764801CB520061059A0076480C52D101764801C7520014
:202D180061059A0076480C4BD1017648067B520061059A007648147FD2017648067F52006A
:202D280061059A0076481486D2017648065B520061059A0076481447D2017648065F52008E
:202D380061059A007648144ED2017648063B520061059A007648140FD2017648063F52002E
:202D480061059A0076481416D2017648066B520061059A0076481463D2017648066F5200A2
:202D580061059A007648146AD2017648064B520061059A007648142BD2017648064F5200B6
:202D680061059A0076481432D2017648062B520061059A00764813F3D2017648062F520057
:202D780061059A00764813FAD20176480683520061059A007648148DD20176480687520035
:202D880061059A0076481494D20176480663520061059A0076481455D20176480667520002
:202D980061059A007648145CD20176480643520061059A007648141DD201764806475200A2
:202DA80061059A0076481424D20176480673520061059A0076481471D20176480677520016
:202DB80061059A0076481478D20176480653520061059A0076481439D2017648065752002A
:202DC80061059A0076481440D20176480633520061059A0076481401D201764806375200CA
:202DD80061059A0076481408D2017648005F520061059A007648099CD2017648005B52001E
:202DE80061059A0076480995D20176480057520061059A007648098ED201764800535200AA
:202DF80061059A0076480987D2017648004F520061059A0076480980D2017648004B5200C6
:202E080061059A0076480979D2015301600376481A3292A152016003764819D292A25201BD
:202E180060037648197D86BE8BBE0006761F029A9A012B002B012B0276480B1D9A017648C1
:202E28000B2E7648A28B76481B5076481AF076481A9976481BA09A00D4019B05764818EDB9
:202E38009A01D4049B05764818ED9A02D4029B05764818ED0006B2BDAABDA2BD764864432F
:202E48005AA97648083B88A992A20EA90FA656B100A1610592A27648178FD1017648638973
:202E580093A97648084B55A9670628A90640764817ABD1017648638593A97648084755A94C
:202E68006805764808475200600628A90898764817A4D1017648082388A9FF20012C0FA641
:202E7800610728AC012C12A276481765D1017648638D93A97648062355A9670628A90640BE
:202E8800764813E5D10128AC017712A293A9764805935BA855A968087648059388A92DA249
:202E980035FA54A6690728AC011F12A2764812F0D1017648058B93A355A968087648058B07
:202EA80088A92DA235FA54A6690728AC015112A2764812E2D1017648088B93A355A9680A1C
:202EB80028AC019012A293A97648088B88A855A9690C28AC016812A27648181BD10128AC29
:202EC800019092A212A988A97648086393A355A968067648086393A655A9690728AC015475
:202ED80012A2764817D5D1017648085380A928AC014512A254A768087648085380A92DA21E
:202EE80035D454A7690728AC011812A2764817B9D1017648089793A355A9680876480897F7
:202EF80080A92DA235FA54A7690728AC011F12A276481830D1017648085B93A355A96808E3
:202F08007648085B80A92DA235FA54A7690728AC011812A2764817C7D1017648082793A6C1
:202F180055A968097648082788A928AC012C12A254A6690592A37648176CD1017648086B76
:202F280093A355A968097648086B88A928AC012C12A254A6690728AC016D12A2764817E3B5
:202F3800D101764863A993A97648055F55A9670628A904E276481295D1017648639D93A92C
:202F48007648056355A9670628A902587648129CD101764863D193A9764808F355A967061D
:202F580028A903E8764818D1D101764863B152016119764808EF88A9FF2008980FA6613397
:202F6800764808EF88A9FF2008FC0FA6612C764808EF88A9FF2009600FA6612528A908FC80
:202F78006F1F764808EF88A9FF20044C0FA6611B764808EF88A9FF20047E0FA661147648B6
:202F880008EF88A9FF2004B00FA6610D764808EF88A9FF2004F60FA6610628A904B07648AD
:202F980018CAD1017648050B93A355A968097648050B88A928AC011312A254A6690728AC19
:202FA800015412A276481202D1017648050F93A355A968097648050F88A928AC011312A246
:202FB80054A6690728AC011F12A276481209D101764806171BA903E8690628A903E87648C9
:202FC80013D0D101764806131BA903E8690628A903E8764813C9D101764863D19BC895A984
:202FD800764805BB55A9660628A901F476481336D101764805F31BA90BB86606764805F7EF
:202FE8001BA90960670628A90A5A76481398D101764805F31BA908986609764805F71BA9B8
:202FF8000384680492A160076F0E28A90384764818E6D1019A0176480B4692A161049A01EC
:2030080076480B3E82BE86BE8BBE000608A9AF00B2BD88A85216D10027A969059CE952077A
:20301800690E6F6676C8EBA8290106A7560401AB1EA7C5C7762092A67648666CD1126F5845
:2030280092A6764866606F5492A67648661C6F5092A6764866406F4C92A6764866446F4824
:2030380092A6764866486F4492A67648664C6F4092A6764866506F3C92A6764866546F381C
:2030480092A6764866586F3492A6764866206F3092A6764866246F2C92A6764866286F28C0
:2030580092A67648662C6F2492A6764866306F2092A6764866346F1C92A6764866386F18EC
:2030680092A67648663C6F1492A67648665C6F1092A6764866646F0C92A6764866686F0880
:2030780092A6764866186F0492A67648661492A18BBE000608A9AF0076486457000608A9CF
:203088000400B2BD523059A862675230FFE10141521962335219FFE101B8520C6219520C8A
:20309800FFE101D65209620C5209FFE101F45207FFE101FF5208FFE101F4FFEF0232520A82
:2030A800FFE101E0520BFFE101D0FFEF022A5213620C5213FFE10222520DFFE101B352128C
:2030B800FFE101A3FFEF021D5214FFE102135217FFE10194FFEF0215522862195228FFE1DA
:2030C800013E521E620C521EFFE1015B521AFFE10174521CFFE10163FFEF02035220FFE167
:2030D80001475221FFE1013AFFEF01FB522B620C522BFFE1010D5229FFE10112522AFFE1F8
:2030E80001E5FFEF01EE522DFFE100F9522FFFE100E8FFEF01E6524B622D524B6164523C73
:2030F8006219523CFFE1009E5233620C5233FFE100B35231FFE100C45232FFE100B7FFEFF6
:2031080001D05238FFE1009F5239FFE10093FFEF01C8523F6209523F6169523D6179523EC8
:20311800616EFFEF01BE524261575243614BFFEF01B8526162175261FFE10198525D620A74
:20312800525DFFE1019F5251611F52526119FFEF01A8525EFFE101925260FFE1018BFFEF51
:2031380001A05262FFE1017E5263FFE101775264FFE101705265FFE10169FFEF019292A1FA
:20314800520160146F1992A152016107761F01FC1A120040FFEF0185761F01FC1A0B010000
:20315800FFEF017F92A152016107761F01FC1A0C0400FFEF0176761F01FC1A0A0400FFEF32
:20316800017092A1520161039A006F029A017648C13BFFEF016692A1520161039A006F0242
:203178009A017648C137FFEF015C1BA11F40FFE6015892A176485259FFEF01531BA11F4049
:20318800FFE6014F92A17648525DFFEF014A1BA11194FFE6014692A176485265FFEF0141B4
:2031980092A15201FFE6013D76485261FFEF01391BA1012CFFE6013592A17648AB1CFFEF2B
:2031A80001301BA1012CFFE6012C92A17648AB24FFEF0127764863D154A1FFE8012292A1E1
:2031B8007648524DFFEF011D92A15287FFE601192DA1356476485251FFEF01131BA1177076
:2031C800FFE6010F92A17648AB20FFEF010A92A15202FFE6010676485241FFEF01027648CA
:2031D800B0685201FFE000FD1BA10BB8FFE600F992A17648B07FFFEF00F41BA10BB8FFE6CD
:2031E80000F092A17648523DFFEF00EB92A15203FFE600E77648B149FFEF00E392A152011B
:2031F8006107761F01FC1A140080FFEF00DA761F01FC1A120080FFEF00D492A15201610759
:20320800761F01FC1A0D0400FFEF00CB761F01FC1A0B0400FFEF00C592A1525AFFE600C13D
:203218002DA1350A7648B60EFFEF00BB1BA102DAFFE600B792A17648B61CFFEF00B21BA10B
:2032280005DCFFE600AE7648B5F35204FFE000A992A17648B638FFEF00A492A15204FFE6EF
:2032380000A05202FFE1009D7648B85B92A17648B65FFFEF009692A15264FFE6009276488C
:20324800B304FFEF008E1BA10EA6FFE6008A92A17648B308FFEF008592A15203FFE6008147
:20325800764815046F3392A152016106761F01FC1A1402006F75761F01FC1A1202006F70AB
:2032680092A15201666D7648B45D6F6A92A152016106761F01FC1A1200046F62761F01FC33
:203278001A1400046F5D92A152016106761F01FC1A0D02006F55761F01FC1A0B02006F5054
:2032880092A15202664D76480BAA9A0176480B4E6F4792A15203664476485C356F4192A1AD
:20329800CCA9FFFE603D92A1764863516F3992A152016106761F01FC1A1400026F31761FD6
:2032A80001FC1A1200026F2C92A17648B66D6F2892A17648B6666F2492A17648B62A6F2095
:2032B80092A17648B6236F1C92A17648B67B6F1892A17648B6746F1492A17648B4726F10C4
:2032C80092A17648B4796F0C92A17648B3FA6F0892A17648B4646F0492A17648B4488BBE86
:2032D8009A000006FE0208A90400527788A9661976C8EA10290106A7560401A61EA7C5C7A7
:2032E800762076485B635200600976485184BE0A0EA9F60F1FA6FFEF01CA7648B5CF6FF8BB
:2032F80028A9FFFFFFEF01C39A77FFEF01C09A76FFEF01BD9A75FFEF01BA9A74FFEF01B74D
:203308009A73FFEF01B49A72FFEF01B19A71FFEF01AE9A70FFEF01AB9A6FFFEF01A89A6E55
:20331800FFEF01A59A6DFFEF01A29A6CFFEF019F9A6BFFEF019C9A6AFFEF01999A69FFEFC8
:2033280001969A68FFEF01939A67FFEF01909A66FFEF018D7648B5FBFFEF01897648B5F71E
:20333800FFEF01857648B5E3FFEF01817648B5DFFFEF017D7648B603FFEF01797648B5FF2C
:20334800FFEF01757648B444FFEF01717648B424FFEF016D7648B42CFFEF016976487F0EB8
:20335800FFEF016576487F06FFEF016176487EE2FFEF015D76487EDAFFEF015976487EFE6C
:20336800FFEF0155764851C8FFEF0151764851CCFFEF014D764891EDFFEF0149764891F11F
:20337800FFEF01457648BCEDFFEF01417648B428FFEF013D7648B430FFEF0139764863CDEC
:20338800FFEF013576487F0AFFEF013176487EE6FFEF012D76487EDEFFEF012976487F02EB
:20339800FFEF01257648B2E0FFEF012176485198FFEF011D764851ACFFEF01197648519C80
:2033A800FFEF0115764851A8FFEF011176485168FFEF010D764851B8FFEF01097648518C7D
:2033B800FFEF0105761F01FCCC090800FFCAFFEF00FE761F01FCCC100008FFC2FFEF00F7C1
:2033C80076485178FFEF00F3764851D8FFEF00EF764851D0FFEF00EB764851D4FFEF00E749
:2033D800764851E0FFEF00E3764851DCFFEF00DF76485190FFEF00DB76488972FFEF00D777
:2033E8007648AB08FFEF00D37648AB10FFEF00CF764851A0FFEF00CB764851A4FFEF00C78D
:2033F800764851B0FFEF00C3764851C4FFEF00BF764851B4FFEF00BB764851BC9B6400C8C7
:20340800C08DFFEF00B47648AB0CFFEF00B076485194FFEF00AC7648B060FFEF00A8764843
:203418008E2EFFEF00A476485143FFEF00A076488E0AFFEF009C7648B068FFEF009876486C
:20342800B438FFEF0094761F01FCCC100080FFC6FFEF008D761F01FCCC090400FFC9FFEFC7
:20343800008676485180FFEF00827648517C6F7E76486B156F7B76486AFD6F787648AAFDDE
:203448006F757648B5DBFFEFFEA47648B5D76F6E7648B8456F6B7648B5EF6F6828A9C350C9
:203458006F657648B5F36F627648B2F86F5F7648B2FC6F5C7648B3006F5928A94E206F569F
:203468007648B2F46F53764851706F507648B5EB6F4D7648B4186F4A7648B4086F47761FBE
:2034780001FCCC1002006F2576486B816F3F764851C06F3C7648B43C6F39761F02E128A954
:2034880068C0881A28A80478FF5A0200F61F561700A692AB6F2B7648B4146F28761F01FC05
:20349800CC100004FFC16F22761F01FCCC090200FFC86F1C7648016B6F1976485B676F1671
:2034A80076485B636F13761F01FCCC100002FFC06F0D76488DDA6F0A7648B2DC6F0776483D
:2034B80064396F049A0B6F029A50FE8200069A00000628A955AA000608A9EF0076486461C5
:2034C800000608A908007648646C0006522058A967058F00A68A9294000628A9FFFF0006F2
:2034D80058A91BA001B667058F00A8009294000628A9FFFF0006526058A967058F00A70068
:2034E8009294000628A9FFFF00069A00000608A9DF00B2BD52E5AABD59A888A9D200FFE2A1
:2034F80000D852E5FFE1070152AD627152ADFFE104CE529462385292FFE306F75205621925
:203508005205FFE106C55202620C5202FFE106D55200FFE106E05201FFE106D6FFEF06EEC7
:203518005203FFE106C35204FFE106B9FFEF06E6526B620D5260FFE301BB5206FFE106A26A
:203528009CF95258FFE906D1FFEF06D89C945213FFE906CB92A608A9FF805211FFE901B403
:20353800FFEF06CC52A6621E52A6FFE104C252A3621152A3FFE104E508A9FF6B520BFFE917
:2035480001AF92A608A9FF5F5201FFE906AEFFEF06B552A4FFE104C152A5FFE104B4FFEFBC
:2035580006AD52AA620C52A9FFE3069F52A7FFE1049652A8FFE106A9FFEF06A052ABFFE147
:20356800048452ACFFE1046CFFEF069852C2623652C2FFE103FD52B4621C52B4FFE10427AC
:2035780052B0620C52B0FFE1043652AEFFE1044652AFFFE1043AFFEF068108A9FF4F520197
:20358800FFE9067392A652B3FFE1041BFFEF067652BF620C52B7FFE3066852B5FFE103FD5D
:2035980052B6FFE103F0FFEF066952C0FFE103E252C1FFE103D6FFEF066152E0621B52E002
:2035A800FFE1039752C5620C52C5FFE103A652C3FFE103B552C4FFE103A9FFEF064F52C6BA
:2035B800FFE1039108A9FF395218FFE9063EFFEF064552E1FFE1063952E2FFE1037152E3B8
:2035C800FFE1063352E4FFE10362FFEF06371BA60118627A1BA60118FFE1063352F9623698
:2035D80052F9FFE102C652F2621952F2FFE102F352EF620C52E8FFE3061852E6FFE1033DC7
:2035E80052E7FFE10330FFEF061952F0FFE1031E52F1FFE10311FFEF061152F5620C52F5EF
:2035F800FFE102BB52F3FFE102CC52F4FFE102BFFFEF060408A9FF0A5201FFE905F692A61C
:2036080052F8FFE102A0FFEF05F91BA6011362221BA60113FFE101B21BA6010F620E52FE98
:20361800FFE300EA52FAFFE1027A08A9FF055202FFE905DBFFEF05E208A9FEF05201FFE99E
:2036280005D488A6FF2001120FA6FFE101A1FFEF05D580A6FF2001140FA7FFE1018680A6AD
:20363800FF2001150FA7FFE1017680A6FF2001160FA7FFE1016688A6FF2001170FA6FFE1DD
:203648000156FFEF05BB1BA601DF62511BA601DFFFE101121BA601D362281BA6014DFFE365
:2036580005A41BA6014A62131BA6011BFFE3059D80A6FF2001190FA7FFE1013088A6FF2054
:20366800011A0FA6FFE10120FFEF059880A6FF20014B0FA7FFE1010E88A6FF20014C0FA661
:20367800FFE100FEFFEF058A1BA601D862131BA601D8FFE1058080A6FF2001D40FA7FFE119
:2036880000E592A608A9FE2B5202FFE9056EFFEF057508A9FE275204FFE9056788A6FF2047
:2036980001DE0FA6FFE10563FFEF05681BA6020662271BA60206FFE1008A1BA6020362131B
:2036A8001BA601E2FFE3055180A6FF2001E00FA7FFE100A888A6FF2001E10FA6FFE1009866
:2036B800FFEF054C80A6FF2002040FA7FFE1008388A6FF2002050FA66173FFEF053F80A61A
:2036C800FF2002070FA7615880A6FF2002080FA7614980A6FF2002090FA7613992A608A913
:2036D800FDF6522BFFE90521FFEF0528560301A688A908A6FF4076C8EB0006A70DA61EA7CD
:2036E800C5C77620560301A688A908A6FF0076C8EB1806A70DA61EA7C5C77620560301A63A
:2036F80088A908A6FED676C8EB3C06A70DA61EA7C5C77620560301A688A908A6FE0476C834
:20370800EB5406A70DA61EA7C5C7762092A1520956B612A2FFE60503761F02ED7934FFEFC1
:2037180004ED92A1CCA9FFFEFFE004DF761F02ED7933FFEF04E392A1CCA9FFFEFFE004D5D7
:20372800761F02ED7932FFEF04D992A1CCA9FFFEFFE004CB761F02ED7931FFEF04CF92A112
:20373800CCA9FFFEFFE004C1761F02ED7930FFEF04C592A19CFF5210FFE704B7761F02ED22
:203748009A01792E76486365FFEF04B892A1CCA9FFFEFFE004AA92A176481726FFEF04BCE1
:2037580092A1CCA9FFFEFFE004A092A176481367FFEF04B292A1CCA9FFFEFFE0049692A1C9
:203768007648132FFFEF04A892A1CCA9FFFEFFE0048C761F02ED7935FFEF049092A1CCA937
:20377800FFFEFFE0048292A1764816E0FFEF049492A1CCA9FFFEFFE0047892A1764816E774
:20378800FFEF048A92A1CCA9FFFEFFE0046E92A17648124FFFEF04801BA104B0FFE604652D
:2037980092A176481391FFEF047792A1CCA9FFFEFFE0045B92A176481703FFEF046D92A193
:2037A800CCA9FFFEFFE0045192A176480BB8FFEF046392A1CCA9FFFEFFE0044792A1764892
:2037B8000BB1FFEF04591BA11D4CFFE6043E92A1764813ADFFEF045092A1CCA9FFFEFFE027
:2037C800043492A1764813B4FFEF044692A15264FFE6042B76480BA3FFEF043E1BA10898C4
:2037D800FFE604231BA10384FFE8041F92A1764818E6FFEF04311BA10BB8FFE604161BA12C
:2037E8000960FFE8041292A176481398FFEF0424764863D19BC895A955A1FFE8040692A1FC
:2037F80076481336FFEF04181BA103E8FFE603FD92A1764813C9FFEF040F1BA103E8FFE6BA
:2038080003F492A1764813D0FFEF040692A1CCA9FFFEFFE003EA92A1764813BBFFEF03FCC0
:2038180092A1CCA9FFFEFFE003E092A1764814F6FFEF03F292A1CCA9FFFEFFE003D692A1BB
:203828007648186FFFEF03E81BA1EA60FFE603CD92A1764812DBFFEF03DF1BA1EA60FFE60E
:2038380003C492A176481305FFEF03D67648644328AC044C12A954A1FFE603B7764864439C
:2038480028AC05DC12A954A1FFE803AF92A176481209FFEF03C17648644328AC044C12A960
:2038580054A1FFE603A27648644328AC05DC12A954A1FFE8039A92A176481202FFEF03ACE1
:2038680092A15264FFE6039176481217FFEF03A492A15264FFE6038976481210FFEF039C9B
:203878001BA11900FFE6038192A176481241FFEF039392A1CCA9FFFEFFE0037792A176483B
:20388800130CFFEF038992A1CCA9FFFEFFE0036D92A1764812FEFFEF037F92A1CCA9FFFE7D
:20389800FFE0036392A1764812C6FFEF037592A1CCA9FFFEFFE0035992A1764812BFFFEF0C
:2038A800036B92A1CCA9FFFEFFE0034F92A1764812B8FFEF036192A1CCA9FFFEFFE00345E3
:2038B80092A1764816FCFFEF035792A1CCA9FFFEFFE0033B92A176481868FFEF034D92A101
:2038C800CCA9FFFEFFE0033192A1764818D8FFEF0343764863B15200601288A1FF200898C8
:2038D8000FA6612288A1FF2008FC0FA6611D88A1FF2009600FA66118FFEF031788A1FF20EA
:2038E800044C0FA6611188A1FF20047E0FA6610C88A1FF2004B00FA6610788A1FF2004F602
:2038F8000FA6FFE0030292A1764818CA76486545FFEF0312764863D154A1FFE802F692A1E0
:20390800764818D1FFEF030892A1CCA9FFFE610592A15202FFE002E992A1764813C2FFEFEF
:2039180002FB92A1CCA9FFFEFFE002DF92A176481248FFEF02F192A1CCA9FFFEFFE002D5A6
:2039280092A176481328FFEF02E71BA1028AFFE602CC92A17648129CFFEF02DE1BA107D081
:20393800FFE602C392A1764812A3FFEF02D5764863A954A1FFE802B992A176481295FFEF73
:2039480002CB92A1CCA9FFFEFFE002AF92A176480BC6FFEF02C11BA10C44FFE602A692A11E
:2039580076481750FFEF02B81BA1270FFFE6029D92A176481749FFEF02AF1BA1270FFFE645
:20396800029492A176481742FFEF02A61BA1270FFFE6028B92A17648173BFFEF029D1BA1D9
:203978000C44FFE6028292A17648175EFFEF02941BA10C44FFE6027992A176481757FFEFD3
:20398800028B92A1CCA9FFFEFFE0026F92A176480BCDFFEF028192A1CCA9FFFEFFE0026578
:2039980092A17648185AFFEF027792A1CCA9FFFEFFE0025B92A176481796FFEF026D92A136
:2039A800CCA9FFFEFFE0025192A1764817B2FFEF026392A1CCA9FFFEFFE0024792A1764890
:2039B8001806FFEF02591BA10384FFE6023E92A1764817F8FFEF02501BA10384FFE6023581
:2039C80092A1764817EAFFEF02471BA10384FFE6022C92A1764817F1FFEF023E76486443D4
:2039D80028AC04B012A954A1FFE6021F7648644328AC05DC12A954A1FFE8021792A17648D6
:2039E80017E3FFEF022992A1CCA9FFFEFFE0020D92A1764817FFFFEF021F92A1CCA9FFFE5E
:2039F800FFE0020392A176481788FFEF021592A1CCA9FFFEFFE001F992A17648179DFFEF25
:203A0800020B92A1CCA9FFFEFFE001EF92A176481861FFEF0201764864432DA935FA54A163
:203A1800FFE601E37648644328AC017712A954A1FFE801DB92A17648176CFFEF01ED92A11E
:203A280052C8FFE601D276481734FFEF01E5764864432DA935FA54A1FFE601C7764864435E
:203A380028AC017712A954A1FFE801BF92A1764817C7FFEF01D192A15264FFE601B67648F9
:203A480017CEFFEF01C9764864432DA935FA54A1FFE601AB7648644328AC017712A954A170
:203A5800FFE801A392A176481830FFEF01B592A15264FFE6019A76481837FFEF01AD764816
:203A680064432DA935FA54A1FFE6018F7648644328AC017712A954A1FFE8018792A1764867
:203A780017B9FFEF019992A15264FFE6017E764817C0FFEF019192A15264FFE60176764871
:203A880017DCFFEF01897648644328AC011812A954A1FFE6016A7648644328AC016D12A9FF
:203A980054A1FFE8016292A1764817D5FFEF01747648644328AC011812A954A1FFE6015552
:203AA8007648644328AC019012A954A1FFE8014D92A17648181BFFEF015F92A15264FFE60F
:203AB8000144764814C5FFEF015792A15264FFE6013C764814B0FFEF014F92A1CCA9FFFE5C
:203AC800FFE0013392A1764814DAFFEF014592A15264FFE6012A764812E9FFEF013D92A1A7
:203AD8005264FFE60122764812F7FFEF01357648644328AC03E812A954A1FFE60116764897
:203AE800644328AC05DC12A954A1FFE8010E92A1764812E2FFEF01207648644328AC03E8A4
:203AF80012A954A1FFE601017648644328AC05DC12A954A1FFE800F992A1764812F0FFEF8C
:203B0800010B7648638D54A1FFE800EF7648084B54A16731FFEF00E992A1CCA9FFFEFFE01F
:203B180000E492A1764813ECFFEF00F688A1FF2002800FA6FFE000D928A902807648176511
:203B2800FFEF00EA7648638554A1FFE800CE92A1764817A4FFEF00E07648638954A1FFE855
:203B380000C492A1764817AB7648062393A155A9FFE700D292A1764813E5FFEF00CD92A14E
:203B48005264FFE600B276481360FFEF00C592A1CCA9FFFEFFE000A992A176481829FFEFDF
:203B580000BB92A1520261045203FFE0009E76481781FFEF00B192A1CCA9FFFEFFE00095C6
:203B680092A176481876FFEF00A792A1CCA9FFFEFFE0008B92A17648134BFFEF009D92A10D
:203B7800CCA9FFFEFFE0008192A176481321FFEF009392A1CCA9FFFE607792A17648121E18
:203B8800FFEF008A92A1CCA9FFFE606E92A176481225FFEF008192A1520366667648150470
:203B98006F7A92A15202666076480BAA6F7492A15206665A76480BBF6F6E92A15210665482
:203BA80052006152764812336F6692A1CCA9FFFE610492A15202604892A17648122C6F5BEE
:203BB80092A1CCA9FFFE604092A17648133D6F5392A1CCA9FFFE603892A17648123A6F4B71
:203BC80092A15212663176480B646F2A1BA1270F662B92A176480B6B6F231BA1270F6624F1
:203BD80092A176480B726F1C1BA1270F661D92A176480B796F151BA1270F661692A1764807
:203BE8000B806F0E1BA1270F660F92A176480B876F071BA1270F660892A1764813449A0112
:203BF80076480B4E6F0AD2126F08761F02ED79376F04761F02ED79369A00600D6F0F92A130
:203C08007648138A6F0892A1764818DF6F0492A1764818229A0176480B4692A286BE8BBED9
:203C1800000608A9DF00526068131BA9021667059CA0764834D800061BA90236670608A95B
:203C2800FDEA764834CE000628A9FFFF0006764834E300069A0000069A00000608A9BF006F
:203C3800B2BD88A85249D100624A5249FFE101E7523C62265239FFE301E0522F6214520E97
:203C4800FFE301DB5200FFE101A65201FFE1019A93A99DFE530AFFE901D0520DFFE1018A40
:203C5800FFEF01D95230FFE1016A93A99DCF5306FFE901C35238FFE10147FFEF01CC524506
:203C680062135245FFE10119523DFFE10136523EFFE101B9523FFFE101239CC05204FFE937
:203C780001ACFFEF01B85246FFE100FA5247FFE101A45248FFE100E4FFEF01AD5255622223
:203C88005255617A524E6212524EFFE100A4524AFFE10193524BFFE100BF524CFFE100AFE9
:203C9800524DFFE1018AFFEF0196524FFFE1008693A99DB05303FFE901805254616AFFEFCF
:203CA800018A5259620D5259FFE101775256FFE10174525761395258612AFFEF017C525AC8
:203CB8006116525B61079CA45203FFE90166FFEF017292A628A8271000C8C15A7648A4A1F6
:203CC80059A95200FFE1015BFFEF016592A65201FFE0012A764808AB1BA91000FFE1015BE2
:203CD80028A9100076481853FFEF014992A628A8271000C8C15A7648A45A59A95200FFE178
:203CE800013EFFEF014892A6520161065202FFE0010BFFEF0140764808A31BA91000FFE1C9
:203CF800013A28A910007648184528A910007648778AFFEF012492A628A8271000C8C15AA0
:203D08007648A32359A95200FFE10119FFEF012392A65201FFE000E8764805A71BA9100027
:203D1800FFE1011928A910007648131328A910007648772DFFEF010392A628A8271000C890
:203D2800C15A7648A42859A95200FFE100F8FFEF010292A65201FFE000C7764805E71BA91A
:203D38001000FFE100F828A910007648138328A9100076487770FFEF00E292A628A82710B9
:203D480000C8C15A7648A3E159A95200FFE100D7FFEF00E192A65201FFE000A6764805DFAA
:203D58001BA91000FFE100D728A910007648137528A9100076487763FFEF00C192A65201E6
:203D6800FFE000927648061F1BA91000FFE100C328A91000764813DEFFEF00B192A628A839
:203D7800271000C8C15A7648A39A59A95200FFE100A6FFEF00B092A652016075764805FF7C
:203D88001BA91000FFE100A728A91000764813A628A910007648777DFFEF009192A628A84E
:203D9800271000C8C15A7648A4A359A95200FFE10086FFEF009092A6520160557648A58F82
:203DA800FFEF008992A65201610B28A8271000C8C15A7648A2F159A9520061706F7B764885
:203DB800056F1BA91000617628A91000764812B128A91000764877206F6192A65201610B6D
:203DC80028A8271000C8C15A7648A2AA59A9520061556F607648055B1BA91000615B28A98F
:203DD80010007648128E28A91000764876F96F4692A6523C6618520A6816764852496F4A6A
:203DE80092A6CCA9FFFE600F76485B5F5204600B6F4192A65201611B520261165203610F22
:203DF80052046103D1126F3676481B4776481AE69A059B017648BF2C9B046F1876481AE6C3
:203E080076481A906F0E76481AE66FF776481B4776481AE676481A909A059B017648BF2C67
:203E18009A059B047648BF2C9B029A057648BF2C76482E436F0FD1026F0D9A0176480B4E10
:203E28006F0992A628A8271000C8C15A7648A52359A992A18BBE0006761F02ED9235000685
:203E3800761F02ED92330006761F02ED92340006761F02ED92320006761F02ED923600062B
:203E4800761F02ED92310006761F02ED922B00069A000006761F02ED92300006761F02ED56
:203E5800922E0006761F02ED9237000600060006B2BDAABDA2BDFE06C55286A492CC5203F8
:203E6800C346DA03C550A04227D45BABC344605AD10392A372A1D00472A05603089C9B03FE
:203E780095AB949459A992A87648794688A10EA90FA6604892A16146761F02ED922D52015C
:203E880061335203611A5202603D92A361118D400200DB81560308C2C54694CA93A992A1F8
:203E98003E675200602FD901DA02000BFFF5761F02ED1A3C00106F2C92A361118D40F800DE
:203EA800DB81560308C2C54494CA93A992A13E6752006018D901DA02000BFFF5761F02EDFD
:203EB8001A3C00016F1592A361138D400100DB81560308C2C54294CA93A992A13E6752004E
:203EC80061039A006F10D901DA02000BFFF3761F02ED923C2B2D521160052B3C9A02764877
:203ED80063659A01FE8682BE86BE8BBE0006B2BDC5A48BA5AABD5AA98AA592C796C19A80A5
:203EE80094CF96C997D19A037648794693A9FFD790FF96E197D992A27648AA4B520161064D
:203EF80092A29B058AA17648A8E786BE8BBE0006B2BDAABDA2BDFE089641C552A84456035D
:203F080008D4A04693CC94DCC3485BA9530661088B44560308E194E9D90760056F138B4413
:203F18009A01D9045AA9DA81560308C1C54894C993A992A33E6793A96027DB01D902000A8D
:203F2800FFF5C5448A4692C796C48BA492CF96CC92D796D492DF96DC92E796E492EF96EC5B
:203F38009A067648794693A9FFD790FF96F997F192417648AA4B5201610C92418A469B0808
:203F48007648A8E76F0692418A44834676483EDFFE8882BE86BE8BBE0006B2BDAABDA2BDC4
:203F5800FE0458A859A086A4964382A5D981D88256030892949A59A992A07648794693A962
:203F680080A188430EA883A30FA76055560308D293CA94DA80A953066108560308E294EA5C
:203F7800527D69049B036F489A011BA7210068411BA72A0068371BA74100683B1BA742003C
:203F8800682A1BA7510068351BA7530068181BA7FC00682F1BA7FD00680B1BA7FD18672954
:203F980094A71BA9FD1866258F089C7B6F0E94A71BA9FD00661E8F0830876F0794A71BA9FC
:203FA800530066178F08300EA84292A68AA276483F006F1694A71BA94200660B8F083C36C9
:203FB8006FF494A71BA92A0066048F0834EF6FED9B126F029B1192A68AA276483EDFFE8452
:203FC80082BE86BE8BBE00060006B2BDAABDA2BDFE04C5A49641A34E82A5560308D7A9444C
:203FD80094DF9642560308E793C794EF97C3CDA9007FFF9080CFD103520097D37FCB6110E1
:203FE8005AA9DA81C54492423E6793A9FFD70A4290FF979BD901969BD901000AFFF58AA3AA
:203FF80092A17648794693A9FFD790FF979BD901969B92417648AA4B52016107D90192412D
:204008008AA393A17648A8E7FE8482BE86BE8BBE0006B2BDAABDA2BDFE0458A859A086A43B
:20401800964382A5D981D88256030892949A59A992A07648794693A980A188430EA883A3FE
:204028000FA76070560308D294DA80A9560308E294EA527B66651BA72100680B1BA72A008D
:20403800670894A71BA92A0066548F083C196F401BA7110068531BA712C068471BA7F800F0
:20404800680B1BA7F900670894A71BA9F90066418F0834C96F2D1BA7510068401BA753001C
:20405800682D1BA7FC00680B1BA7FD00670894A71BA9FD00662E8F0832DA6F1A1BA7D00006
:20406800682D1BA7E000680E1BA7FD0068271BA7FD18672494A71BA9FD18661B8F089D30E2
:204078006F0794A71BA9E00066148F089C74A84292A68AA276483FCD6F1A94A71BA95300BF
:2040880066088F0830826FF494A71BA912C069039B126F098F0834C46FEB9B026F049B0305
:204098006F029B1192A68AA276483EDFFE8482BE86BE8BBE0006B2BDAABDA2BDFE0459A91E
:2040A8007648AAEA86A492A17648AAE182A492A160138F483C328F083C34A042A8448F4843
:2040B80034ED8AA276483E60761F02ED5201962B60032B2C6F1F92CA52036116520661126C
:2040C80052106018560308E294EAFF809C0993A953FF56B6FFA892A18AA283A376483F5501
:2040D8006F099B086FF992A19B088AA283A376484011FE8482BE86BE8BBE00069A00000619
:2040E800B2BD59A9AABD8D80BB329A068AA256BF1EC256BF03CA56BF01D22BDA2BE256BF34
:2040F80020EA7648794693A9FFD790FF96FA97F292A17648AA4B5201610692A19B088AA2C5
:204108007648A8E786BE8BBE0006761F02ED932B53016007542C66042B2C2B2B00060A2CE7
:2041180000060006B2BDAABD86A559A956BF41C256BF0DCA7648AA4B5201610692A19B0237
:204128008AA27648A8E786BE8BBE0006B2BDAABDA2BDFE02D108560308F4C44CD00994FC8F
:204138005BA9C2425603089C9494DC0B8BA461105AA9DA81560308C1C54294C993A992A35E
:204148003E6752006006DB01D902000AFFF59A00FE8282BE86BE8BBE0006B2BDAABDA2BD23
:20415800FE04C5A49641A34E82A5560308D7A94494DF9642560308E793C794EF97C3CDA988
:20416800007FFF9080CFD103520097D37FCB61105AA9DA81C54492423E6793A9FFD70A4251
:2041780090FF979BD901969BD901000AFFF58AA392A17648794693A9FFD790FF979BD901F9
:20418800969B92417648AA4B52016107D90192418AA393A17648A8E7FE8482BE86BE8BBEFB
:204198000006B2BD59A9AABD8D80BBB39A068AA256BF03CA56BFF8D22BDA2BE256BF10EA00
:2041A80097C27648794693A9FFD790FF96FA97F292A17648AA4B5201610692A19B088AA2C5
:2041B8007648A8E786BE8BBE0006B2BD59A9AABD8D80BBDF9A068AA256BF03CA56BF02D2F1
:2041C8002BDA2BE256BF20EA97C27648794693A9FFD790FF96FA97F292A17648AA4B5201DD
:2041D800610692A19B088AA27648A8E786BE8BBE0006B2BDAABD59A95AA87648083393A276
:2041E80052036046761F02ED0A38553867052B380A390A3A0A3B923A52036125923B520206
:2041F800610D9239520160342B3992A1764840E8761F02ED56BF012D6F2B2B3B2B39764821
:204208003E56520061257648643D5201602176483E5693A992A1764841BD761F02ED56BFE1
:20421800022D6F162B3A2B3B2B3976483E565200610F7648643D5201600B76483E5693A9E4
:2042280092A176484199761F02ED56BF032D86BE8BBE0006B2BD7622D03C02008F407C00EF
:20423800D17CBE003100B60029011E95D0BC1E9D8D4001BCC2958D0001FCBEFFA99D1E952F
:2042480092A7901F5206610B92A75223610852306106560301A907A58AA9A9C4DF01000E6D
:20425800FFF18F007F00BE1F02001E84000EFFFF761A8BBE000688A87622761F01D18F47D7
:204268002064CD25F000CCC50FFFCAA88F4720669625D068761F01D9CCC50FFFCD25F00080
:204278008F472068CAA89625761F01A9CCC50FFF8F47206ACD25F000CAA89625761F01B107
:20428800CCC50FFF8F47206CCD25F000CAA89625761F01B9CCC50FFF8F45D700CD25F0008B
:20429800CAA8CDA600039625761F175DCC95FFFCD069CAA89628CC95FFFCCAA896295603AF
:2042A80002A6900FCD28FFF3CBA99728CD29FFF3CBA9CCA600039729560304A9CD28FFCF3B
:2042B800CBA99728CD29FFCFCBA9CCA600039729560306A9CD28FF3FCBA99728CD29FF3FA4
:2042C800CBA9CCA600039729560308A9CD28FCFFCBA99728CD29FCFFCBA9CCA40001FF89A2
:2042D8009729CD28FBFFCAA89628CCA40001FF8ACD28F7FFCAA89628CCA40001FF8BCD28E2
:2042E800EFFFCAA89628CCA40001FF8CCD28DFFFCAA89628CCA40001FF8DCD28BFFFCAA877
:2042F8009628761A0006C5A4A0A983440FA7690B03A719018AA99287DC819685020019010B
:204308000FA460FA0006B2BDAABDE20304BDFE02E6CF000486A9E811FC048B4CAD14631F0B
:20431800E8020000E6CF00217648BBEEE89048007700E68A000077007700BFA70F120264DC
:204328001EAC0200566500A7F61F561700A1A9A903A71EA606A7FF301EA76F0B8F0004B006
:204338000200A8ABF61F561700A1A9A6B618DE8CBDAB0F127700770077007700E68B000090
:204348007700E70000207700E68A00007700AAA9BFAC0F12610276258F05E70006A6DC0891
:20435800910FA3C4D00C8F05E70018AB000018AAFFF083A4C4A4FF69CAABCBAADE08DD10BF
:204368001EC6ABA97F94910FA3C5DC1018AB000018AAFFF0FE82CAABCBAA1EC4E2AF04BEE3
:2043780086BE8BBE0006B2BDA2BDFE0282A9274B2F4A2D497622FF586006761F174D1A0CC4
:2043880000016F0276257685E7008EA6C5A6D814DF141AC000011AC70002CCC6FFF0500514
:204398008EA696C6CCC6FF1F505096C6CCC60FFF1AA9500096C692A5600683A076C0A00024
:2043A800DD24C3C592A4610D52016105520261065205600B8F00A0006F068F00A0016F034C
:2043B8008F00A002DE28A8C688AC9B0192AB28AC000195AA72ACBDA60F1212A80EA9BDA9A6
:2043C8000F1677007700FF69E68B0000E68B00097648BBEE02011E42A2A97648430B8F05BA
:2043D800E700CCC4F8FF1AA90A0096C4CCC4FFF8500A96C4761ADC1406C49B009003FF5826
:2043E80061FC06C4B602BE009B0090030FA756B101A6FE8282BE92A68BBE00065200610A82
:2043F8009CFF88A98F002EDF7700000CFFFF000EFFFBFF6900069A03764843F6BE03FF20D2
:2044080001FF761F17480F3067071A3100011831FFFE0F3068FBFF2007FF0F3060FD000EF0
:20441800FFF0000676228F45D2008AA5761F1748DC3218C4FFFE1A320002761A7648440364
:204428007622D008CC95FFFC50019608761AD02E40956C027625FF6900067622761F174853
:20443800CC08FFFE50029608761A000676228F45D2008AA5761F1748DC3218C4FFFE18327B
:20444800FFFD761A764844037622D008CC95FFFC50019608761A6F0E76221A2E0002761A89
:20445800764844037622D008CC95FFFC50019608761AD02E40956DF100067622761F174831
:204468001808FFFC761A0006B2BDAABDA2BDFE081EA7D00806567C452DA5A3525B531E48B3
:2044780092A490038F05D20088A99644929490030EA90FA66029D032CC940002FFC05DA913
:20448800CC450004FFC188A9A0A90FA6601DD01488AC929490FF0EA90FA66016D015CC949F
:204498001F00FFC70EA90FA7600FD0159294901F0EA90FAB6009D02288A39294903F0EA9E6
:2044A8000FA6FFE100B27622D01488AC929490FF0EA90FA66011D015CC941F00FFC70EA98A
:2044B8000FA7600AD0159294901F0EA90FAB6004D00E40946D728F45D200DC0E18C4FFFD3C
:2044C800F678770006A7FF378AA5CAABCBAAFF3FDC0EAFAC18C4FFFE86A9761AF642770029
:2044D800D008934488A8929590030EA90FA6600ED032CC950002FFC00EA91EA6CC4500049D
:2044E800FFC15CA906A60FA46118924561135201610D5202610752056010FF697648441A04
:2044F8006F0CFF69764844356F08FF697648443E6F04FF6976484465F63C770076227685ED
:20450800D20083A68AA6D114D016DD22DC0E18C5FFC0AA9E1AC40001CC9600012FA906A709
:20451800FF39FF1A00011EA692AA5201610A06A66108761F1748CC160001DE81520160F87D
:20452800761A2141FF693F42D5007F4306485C457648437B52006127762292A3523F6006F8
:20453800761F17481A22003F6F0C9A01D0228F05D20094A3CD94FFC0903FD022CAA89694D2
:204548008F45D2008AA5DC0E1AC40002F664770092A3D022903FCD95FFC0D022CAA896953D
:20455800761A6F027625FE88FF6982BE86BE8BBE0006B2BDAABDFE087622761F01C0922961
:204568009007964750689629761A3B1076260000762F0000BE000200D401D51EFF69C24238
:204578002B431E4602017648446C76FFB2203E677622761F174802028F05D3001E2CC5A44A
:20458800C4A483A4761F174C8BA4DF22DE238EA4DD261AC700011A220004C5A41A22000857
:204598001A2200101A220020DF281AC60001C4A41A2300041A2301001AC5000183A4DE2A7D
:2045A800D9321A260002DD301A2600041A2600081A2600101A2600201A2600401A2600801D
:2045B8001A2601001A2602001A2604001A2608001AC70001C5A41A2800021AC60001C4A4FC
:2045C800D834DF3686A4DE391A2A00021A2A00041AC5000183A41A3000021A3000041AC167
:2045D80000011A3200021AC000011A3400021AC70010C5A41A3600201AC60001C4A4DD3C1D
:2045E8008BA4DF3EDE401AC5000183A48EA4DA44D946DD431A3C00021A3C00041A3C0008A3
:2045F8001A3C00101AC70001C5A41A3E00021A3E00041A3E0008761F174D1AC60001C4A49A
:204608001A0000021A0000041AC5000183A4D848DF4ADE4CDD56DC581AC200011A0400027A
:204618001AC100011A0600021AC000011AC700011AC600011A0C00021AC500011AC40001FF
:20462800761AFE8886BE8BBE00063B10761F00331820FFFE2B222B24FF692B262B282B2A84
:204638002B2C2B2E2B302B322B342B362B382B232B252B272B292B2B2B2D2B2F2B312B33D1
:204648002B352B372B3900068F48E3DE8F000D067622BEDC06851E84000EFFFE761A761F5D
:2046580000331A200001000676228F004000D084761F010283A4CC94FFFE50029604DD47E7
:20466800CC04FFFB500896041AC500C0761A761F0101C5A483A4C4A428230F42761F010086
:20467800DD61DF0892C52BC583A4DE6B2B0418C4E3FFDD0C18C4FC7FCCC4FFFE500296C4E0
:2046880018C4FFFB18C4FFF718C4FFBF18C7FFEF76C0FFFF1808FFFC1808FFBF1808FFF3C4
:20469800761F010128000555280205551AC6FFFFC32C761F010018C5FFFCCC0CFFFB500800
:2046A800960C761F0101A8A909A683A956BF901356BF9011761F010218C5FFF3CC26FFFCCB
:2046B80050019626A8A909A483A91AC50008CC24FFF850029624A8A909AA8AA91AC40001BB
:2046C8001A240800CC24F8FF1AA902009624CC26F7FF1AA904009626CC26FDFF1AA9010009
:2046D80096267622F5A94082CCA9FFF85002F4A94082F5A940D25040F4A940D2F5A940C064
:2046E800500FF4A940C0F5A940801AA94000F4A94080F5A940801AA98000F4A94080F5A95C
:2046F80040C318A9FFFEF4A940C3761A9A049B017648B6C476228F004100BFA97A24D0847D
:20470800761F0106500183A4BDA97A24F5A940975005DD47F4A94097CC94FFFE50029604CE
:20471800CC04FFFB500896041AC500C0761A761F010583A4C5A4C4A428230F42DD61761F94
:20472800010492C52BC583A4DF08DE6B2B04DD0C18C4E3FF18C4FC7FCCC4FFFE500296C468
:2047380018C4FFFB18C4FFF718C4FFBF18C7FFEF76C0FFFF1808FFFC1808FFBF1808FFF313
:20474800761F010528000555280205551AC6FFFFC32C761F010418C5FFFCCC0CFFFB500847
:20475800960C761F0105A8A909A683A956BF901356BF9011761F010618C5FFF3CC26FFFC12
:2047680050019626A8A909A483A91AC50008CC24FFF850029624A8A909AA8AA91AC400010A
:204778001A240800CC24F8FF1AA902009624CC26F7FF1AA904009626CC26FDFF1AA9010058
:2047880096267622F5A94182CCA9FFF85002F4A94182F5A941D25040F4A941D2F5A941C0AE
:20479800500FF4A941C0F5A941801AA94000F4A94180F5A941801AA98000F4A94180F5A9A6
:2047A80041C318A9FFFEF4A941C3761A9A049B017648B6C47622BFA97A245001BDA97A2499
:2047B800F5A941975005F4A94197761A0006762276804200D084761F010A8AA6CC96FFFEB8
:2047C80050029604DC47CC04FFFB500896041AC400C0761A8AA6761F010928230368761FBE
:2047D8000108DC6192C42BC48AA683A62B0418C6E3FFDC0818C6FC7FCCC6FFFE500296C674
:2047E80018C6FFFB18C6FFF718C6FFBF1AF6000218C4FFEF8AA6DD6B76C0FFFFDC0C1808D9
:2047F800FFFC1808FFBF1808FFF3761F010928000555280205551AC5FFFFC32C761F0108A7
:2048080018C4FFFCCC0CFFFB5008960C761F010906A609A68AA956BF321356BF3211761F79
:20481800010A18C4FFF3CC26FFFC5001962606A609A48AA91AC40008CC24FFF85002962448
:2048280006A609AA8AA9761F0109D0401AC400012B00CC96FFEF5020D0429600CC00FF7F73
:2048380050409600282B03682B02CC96FDFF1AA90100BE009602CC02FBFF1AA908009602AC
:20484800C22C762276C043008AA7D084761F010EDC47CC97FFFE50029604CC04FFFB500897
:2048580096041AC400C0761A8AA7761F010D83A7C4A7DC612823036892C42BC48AA7761F11
:20486800010CDE08DD6BDC0C2B0418C7E3FF18C7FC7FCCC7FFFE500296C71AC7000418C7C0
:20487800FFF718C7FFBFCCCF3FFF1AA980009601CCDFFFE05003960318C6FFEF7680FFFFA4
:204888001808FFFC1808FFBF1808FFF3761F010D28000555280205551AC5FFFFC22C761FFC
:20489800010C18C4FFFCCC0CFFFB5008960C761F010D06A709A68AA92B132B11761F010E00
:2048A80018C4FFF3CC26FFFC5001962606A709A48AA91AC40008CC24FFF85002962406A715
:2048B80009AA8AA9761F010DD040BE001AC400012B00CC97FFEF5020D0429600CC00FF7FCC
:2048C80050409600282B03682B02CC97FDFF1AA901009602CC02FBFF1AA908009602C22CEB
:2048D8000006762276804400D084761F01128AA6CC96FFFE50029604DC47CC04FFFB50082C
:2048E80096041AC400C0761A8AA6761F0111282305DC761F0110DC6192C42BC48AA683A664
:2048F8002B0418C6E3FFDC0818C6FC7FCCC6FFFE500296C618C6FFFB18C6FFF718C6FFBFEF
:204908001AF6000218C4FFEF8AA6DD6B76C0FFFFDC0C1808FFFC1808FFBF1808FFF3761F7F
:20491800011128000555280205551AC5FFFFC32C761F011018C4FFFCCC0CFFFB5008960C52
:20492800761F011106A609A68AA956BF321356BF3211761F011218C4FFF3CC26FFFC5001D4
:20493800962606A609A48AA91AC40008CC24FFF85002962406A609AA8AA9761F0111D040F5
:204948001AC400012B00CC96FFEF5020D0429600CC00FF7F50409600282B05DC2B02CC96AA
:20495800FDFF1AA90100BE009602CC02FBFF1AA908009602C22C7622F5A94484CCA9FFFEA0
:204968005002F4A94484F5A94484CCA9FFFB5008F4A94484F5A94482CCA9FFF85002F4A927
:204978004482F5A944D25008F4A944D2F5A944C0500FF4A944C0F5A944801AA94000F4A9F6
:204988004480F5A944C318A9FFFEF4A944C3761A9A0028A80C007648B6C47622BFA97A206C
:204998005040BDA97A20F5A944975005F4A94497761A00067622D08476C04500761F011680
:2049A800CC97FFFE50029604761A761F01158AA7C4A783A728230EA6761F0114DC61DE08D6
:2049B80092C4DD6B2BC42B048AA78D00FFFF18C7E3FF18C7FC7FDC0CCCC7FFFE500296C725
:2049C80006A709A618C7FFFB18C7FFF718C6FFEF1EA61808FFFC1808FFBF1808FFF3761F95
:2049D8000115280005551AC5FFFF3A2C761F011418C4FFFC180CFFF3761F0115281301C2A4
:2049E800281101C2761F011618C6FFF3CC26FFFC5001962606A709A48AA91AC40008CC24DA
:2049F800FFF85002962406A709AA8AA9761F0115D040BE001AC400012B00CC97FFEF5020C5
:204A0800D0429600CC00FF7F50409600282B0EA62B02CC97FDFF1AA901009602CC02FBFFBF
:204A18001AA908009602C22C0006FE0476228F05D78206C418A9FFF81EC48F05D78406C483
:204A280018A9FFF81EC4F5A9550018A9FFBCF4A95500F5A9550018A9BEFF1AA90200F4A9A0
:204A38005500F5A95504CCA9FFFE5080F4A95504F5A9552418A9FFFEF4A95524761AB600A9
:204A480028A80BB828A9047BD501D401F4A85506C342F4A95512FF2055007648BB290200A8
:204A5800D401D5011E42FF2055007648BB0D7622F5A9550018A9FFC3F4A95500F5A9550046
:204A680018A9C3FFF4A955009A00F4A95501761A2B41D400D500FF2055002B4256BF01434D
:204A780056BF01447648BAB52B41D400D500FF2055002B4256BF014356BF01447648BA8DE9
:204A88007622F5A9550318A9FFFBF4A95503F5A9550318A9FBFFF4A95503F5A9550418A972
:204A9800F0FFF4A95504F5A9550418A9EFFFF4A95504761AD400D500FF2055007648BAF860
:204AA8007622F5A955001AA98000F4A95500761AFE840006FE0476228F05D78206C418A904
:204AB800F3FF1AA902001EC48F05D78406C418A9F3FF1AA902001EC4F5A955C018A9FFBC03
:204AC800F4A955C0F5A955C018A9BCFFF4A955C0F5A955C4CCA9FFFE5080F4A955C4F5A9EE
:204AD80055E418A9FFFEF4A955E4761AB60028A80C009A00D501D401F4A855C6C342F4A931
:204AE80055D2FF2055C07648BB290200D401D5011E42FF2055C07648BB0D7622F5A955C09F
:204AF80018A9FFC3F4A955C0F5A955C018A9C3FFF4A955C09A00F4A955C1761A2B41D40064
:204B0800D500FF2055C02B4256BF014356BF01447648BAB52B41D400D500FF2055C02B4281
:204B180056BF014356BF01447648BA8D7622F5A955C318A9FFFBF4A955C3F5A955C318A990
:204B2800FBFFF4A955C3F5A955C418A9F0FFF4A955C4F5A955C418A9EFFFF4A955C4761AF5
:204B3800D400D500FF2055C07648BAF87622F5A955C01AA98000F4A955C0761AFE840006B8
:204B48007622761F174C1823FFFB761A7648465C764847BF764848D9764849A276484A1D27
:204B580076484AB27622761F174C1A230004761A00068F005200761F0148C4A483A42B168D
:204B68002818FFFFDE14DD1518C6FEFF18C5FFEF83A41815FDFF1A150001DC12DD161A15D5
:204B780000C01815FFDF1815FFF91A1400011814FFFD1814C1FF1A1500081A1401001AC5A5
:204B880000021A15001018C4FF800006B2BDAABD7622761F174C76FFB2201A3C00011A3C11
:204B980000021A3C00043E67761A9B00D401764842639B00D401764842639B00D401764898
:204BA800426376228F4074008D406A0076C076001AC500041AC700041AC100041AC5008084
:204BB8001AC700801AC10080761A9A05764843F67622761F01D0CCCDFFF050069601761FF3
:204BC80001D8CCCFFFF050069601761F01A8CCC9FFF050069601761A9A05764843F6762210
:204BD8008EA5761F01D0D81A18C07FFF18C8FFF0D01C069518A8FFF018A97FFFD01E510158
:204BE8001E1C069518A8FFF11AA98000D02051011E1E069518A8FFF018A97FFFD022510299
:204BF8001E20069518A8FFF01AA98000D02451021E22069518A8FFF018A97FFFD026510378
:204C08001E24069518A8FFF01AA98000D02851041E26069518A8FFF11AA98000D02A51054E
:204C18001E28069518A8FFF018A97FFFD02C51061E2A069518A8FFF018A97FFFD02E510733
:204C28001E2C069518A8FFF71AA98000D03051071E2E069518A8FFF818A97FFFD0325108FE
:204C38001E30069518A8FFF818A97FFFD03451091E32069518A8FFFE18A97FFFD036510ED3
:204C48001E34069518A8FFFC18A97FFFD01A510D1E36761F01D8069718A8FFF31AA98000C9
:204C5800D01C51031E1A06978EA718A97FFF510FD81E1E1C18C07FFF18C8FFF0D020069771
:204C680018A8FFF01AA98000D0221E20069718A8FFF018A97FFFD02451021E22069718A89B
:204C7800FFFD1AA98000D026510D1E24069718A8FFF01AA98000D02851021E26069718A8CC
:204C8800FFF11AA98000D02A51051E28069718A8FFFC18A97FFFD02C510D1E2A069718A8AD
:204C9800FFF818A97FFFD01A51091E2C761F01A8069118A8FFFD1AA980008EA5510D1E1A9B
:204CA800761F01D0D81BCC1AFE00500F961ACC1CFE00500F961CCC1EFE00500F961ECC20C2
:204CB800FE00500F9620CC22FE00500F9622CC24FE00500F9624CC26FE00500F9626CC28C0
:204CC800FE00500F9628CC2AFE00500F962ACC2CFE00500F962CCC2EFE00500F962ECC3070
:204CD800FE00500F9630CC32FE00500F9632CC34FE00500F9634CC36FE00500F9636761F8F
:204CE80001D8CC1AFE00500F961ACC1CFE00500F961CCC1EFE00500F961ECC20FE00500FA5
:204CF8009620CC22FE00500F9622CC24FE00500F9624CC26FE00500F9626CC28FE00500F80
:204D08009628CC2AFE00500F962ACC2CFE00500F962C761F01A8CC1AFE00500F961A18C09A
:204D1800F80F8EA5D81D18C0F80F8EA5D81F18C0F80F8EA5D82118C0F80F8EA5D82318C053
:204D2800F80F8EA586A5D82518C0F80F8EA5DA27D82918C2F80F18C0F80F8EA5D82B18C027
:204D3800F80F8EA5D82D18C0F80F8EA5D82F18C0F80F8EA5D83118C0F80F8EA5D83318C0F3
:204D4800F80F8EA5D835DD3718C0F80F18C5F80F83A7DD1B18C5F80F83A7DD1D18C5F80F1F
:204D580083A786A78EA7C4A7DD1F18C5F80F83A78AA7DA23D825DD2118C5F80F83A7DE29FC
:204D6800DC2BD91BDD27DF2D18C2F80F18C0F80F18C5F80F18C6F80F18C4F80F18C7F80FCE
:204D780018C1F80F761A86BE8BBE0006B2BDAABDA2BD7648423276227685D70006A6FF1389
:204D880000238EA98D807C00AAA91AC00001FF1200751EA706A6FF10011983A91AC70001CC
:204D9800AAA9FF1001D51AC500048AA9761F17608DC07F0006A61AC40004FF10011783A2FB
:204DA8001A1800108EA9761F01F7AAA98AA21A140010FF100195761F17601EA71A18000878
:204DB80006A6761F01F7FF10010B1A140008761F17601A180040761F01F71A140040761F43
:204DC80017601A181000761F01F71A141000761F17601AC000808EA31EA6DD15DC0CD81426
:204DD8001AC700801A170040761F01F63AAB1A150040C5A2761F17601A170020761F01F6B9
:204DE8001A150020761F17601AC600201AC500201A0B1000761F01F083A21A1510001AC454
:204DF8000001CCF2FFFC50018AA296061A0C0002CC06FFF7500496061A0C0004CC06FFDF0E
:204E0800501096061A0C0008CC06FF7F504096061A0C0010CC06FDFF1AA9010096061A0C5A
:204E18000020CC06F7FF1AA9040096061A0C0040CC06DFFF1AA9100096061A0C0080CC0632
:204E28003FFF1AA9400096061A0C0100CCFAFFFC500196071A0C0200CC07FFF750049607D5
:204E38001A0C0400CC07FFDF50109607AAA9098C1EA6AAA9098A8BA9AAA909868EA91AC6C3
:204E48000008A9A6DF0DDD0BDC091AC600081AC100088BA218C0FF3F8EA21AC740001AEBD6
:204E580040001AC5400018C4CFFF8AA2C5A2C4A383A2DC4D1AC408008AA3D94BD849DF4C66
:204E6800DC0D1AC408008AA2DE0CDD4AAAA9DC461AC1080018C0FF3F1AC700041AC60004E7
:204E78001AC5000418C4FFCF8AA20987761F01F21EA6DC471A0C8000761F01FC18147FFF80
:204E8800761F01F2180A7FFF18C63FFF1A0C4000761F01FC1814BFFF761F01F2180ABFFF7C
:204E98001807CFFF1A0C2000761F01FC1814DFFF761F01F2180ADFFF1807F3FF761F01F10B
:204EA800180CEFFF761F01FC1A0C1000761F01F1180AEFFF18C4FCFF180CDFFF761F01FC0E
:204EB8001A0C2000761F01F1180ADFFF1807F3FF761F01F21A0C0400761F01FC1A14040086
:204EC800761F01F21A0A04001807FFCF1A0C0200761F01FC1A140200761F01F21A0A020095
:204ED8001807FFF31A0C0100761F01FC83A38AA31814FEFF761F01F2180AFEFF1807FFFCB3
:204EE8001A0C0040761F01FCDD0ADC121814FFBF761F01F2180AFFBF1806CFFF1A0C0080F9
:204EF800761F01FC1814FF7F761F01F21A0A008018063FFF761F01F11A0D0400761F01FC92
:204F0800180DFBFF761F01F11A0B04001809FFCF1A0D0200761F01FC180DFDFF761F01F168
:204F18001A0B02001809FFF3180DFEFF761F01FC180DFEFF761F01F11A0B01001809FFFCA0
:204F2800761F01F0180DFEFF1ADB01001A0B01001809FFFC761F01F1180CFFFE1AC5000101
:204F38001A0A00011806FFFC761F01F2180CFFDF1AC400208AA283A21A0A0020DC0A1806FA
:204F4800F3FF180CFFEF761F01FC1A120010761F01F21A0A00101806FCFF761F01F0180DF7
:204F5800F7FF761F01FC1A050800761F01F01A0B08001809FF3F180DFBFF761F01FC1A05A8
:204F68000400761F01F01A0B04001809FFCF180DFDFF761F01FC1A030200761F01F01A0B0A
:204F780002001809FFF3761F01F21A0C0002761F01FC1814FFFD761F01F21A0A00021806CE
:204F8800FFF31A0C0004761F01FC1814FFFB761F01F21A0A00041806FFCF761F01F11A0CEC
:204F98000400761F01FC180CFBFF761F01F11A0A04001807FFCF761F01F01A0C080018E3FA
:204FA800F7FF1AC408008AA2DD08D063DC451807FF3F1A0C1000761F01FC1804EFFF761FE4
:204FB80001F01A0A10001807FCFF761F01F11A0C4000761F01FC180CBFFF761F01F11A0A8E
:204FC80040001807CFFF761F01F01A0D2000761F01FC1805DFFF761F01F01A0B2000180956
:204FD800F3FF1A0D0001761F01FC1805FFFE761F01F01A0B0001761F01F118C5FFFC180DC3
:204FE8007FFF1AC4C000CC093FFF1AA980009609CC923FFF1AA940009623180DBFFFCC0988
:204FF800EFFF1AA920009609CC23DFFF1AA910009623761F01F0180DFF7F1AE2C0001A08C9
:20500800C000180DFFBF1A083000761A82BE86BE8BBE0006761F01C856BF070056BF03019D
:2050180056BF010256BFE70356BF030456BF2301761F01C856BF071056BF031156BF011231
:2050280056BFE71356BF031456BF2311761F01C856BF072056BF032156BF012256BFE723BA
:2050380056BF032456BF232100060200761F00308F000C0019011E022B062B071AE40010B0
:205048001A040020761F02EBA8380006E700000A83C4E6880012E20300E4E20301F4BFA9DF
:205058000F1A19011ED583C42BF583C42BFD83C41AE5001083C41AE5002083C418E5FBFF32
:2050680083C418E5F7FF83C402001AE540001ED40006FE02764845613B1076260000762F7E
:205078000000FF697648462D7648464C8F00BC208F48D557A8428F08C188764842FB764046
:20508800CFC876484B4876484B6176484B8E76484D7E764850127648503DE80218B0E8028F
:205098001FD18F00BAF87648504E761F0030280440017622761F00347688BF988F40C834B8
:2050A8008F00C7D7C23E76C8AD6E761F00357688AE04A80C8F00C95DA0208F48ADD2A8229F
:2050B8008F08ADA0C230761F00377688AD3CA0008F48AD0AA8028F08ACD8C304C206761F38
:2050C8000036A038A83A761A7623010576800CE083A68AA6761F0033DD02DC121AC50001F9
:2050D8001A2200401AF600011A2600021AC400011A3200021A3200041A320008FE82000692
:2050E800761F01C8280AE040280B20442B0C56BF070056BF03011A0400011A04000256BFA1
:2050F800010256BFE70356BF030456BF2301761F01C8281AE040281B20442B1C56BF071067
:2051080056BF03111A1400011A14000256BF011256BFE71356BF031456BF2311761F01C8F5
:20511800282AE040282B20442B2C56BF072056BF03211A2400011A24000256BF012256BFB6
:20512800E72356BF032456BF23210006761F00331A3200011A3200021A3200041A320008BB
:205138000006BE3B7700000EFFFFFF690006761F02E092010006761F02E092000006761FB3
:2051480002E0920A0006761F02E0922EB2BD520361047648088B6F037648086359A97648B7
:2051580008335203610B76480833520261077648644328AC016D12A959A992A18BBE0006A0
:20516800761F02E092120006761F02E092050006761F02E092060006761F02E0920B0006C3
:20517800761F02E0923E0006761F02E092330006761F02E092320006761F02E09231000607
:20518800761F02E092020006761F02E092150006761F02E0920F0006761F02E0920D000698
:20519800761F02E092210006761F02E0921F0006761F02E092250006761F02E09224000632
:2051A800761F02E0921E0006761F02E092200006761F02E092180006761F02E0921600063F
:2051B800761F02E092100006761F02E092170006761F02E192010006761F02E09219000659
:2051C800761F02E092140006761F02E092130006761F02E0922A0006761F02E09229000611
:2051D800761F02E0922B0006761F02E092270006761F02E092280006761F02E0CC090001C3
:2051E8000006B2BD764808EF761F02E096067648016F520061397648B068520361357648D1
:2051F8005B6F52016131761F02E056BF010B7648991859A9764863D154A1630576485B5F18
:205208005203610D761F02E056BF01050A06764808EF761F02E05406661F6F19764863D19C
:2052180093A992A19EA89B0A00C8C08D761F02E096057406764863E9761F02E05406650C2F
:20522800764863E96F06761F02E02B0B764808EF761F02E096068BBE0006761F02E0960B0B
:205238000006761F02E096010006761F02E096000006761F02E0960D0006761F02E09622DA
:205248000006761F02E0961D0006761F02E096160006761F02E096170006761F02E19601AE
:205258000006761F02E0962A0006761F02E096290006761F02E096270006761F02E0962848
:205268000006761F02D74A346D06761F01FC1A0D04000006761F01FC1A0B04000006B2BDCE
:20527800FE0276485B6352006006761F02D92D15350A6F037648B5CF761F02E09632764840
:205288006B093B01BEE6761F02E08F0003E885A987A6566500A90200F61F561700A43F3962
:2052980076480563761F02E05439670676480563761F02E0963976486B953B0128AC03E83A
:2052A80085A91EA6761F02E032390200F61F561700A61BAB03E83F386903283803E892383F
:2052B8005432562A08327648B0685203612F7648B068520260287648991834A903E88BA9BE
:2052C80076486B953B0185A91E42B2A900C8BFED761F02E096361BA903E862069A005672B3
:2052D800003696366F03283603E8923694321BA903E896326903283203E892385432562A73
:2052E80008326F04761F02E02B3676486B95761F02E088323B0185A91EAC566500A6A9A153
:2052F80076486B093B0185A91EA6B2AB761F02E00200F61F561700A692AB3F3752E656B641
:20530800E6371A09000176485B635200605576485B5F5200614A76485B5F52046146761F42
:2053180002E040096C42764805375200600C761F02D743316C08761F02E00A309230529633
:20532800683B6F33761F02D79234FFC1CA34FFC1CA3448A96D244E346D137648B5F3520133
:20533800610F761F02E00A2F1B2F01F468252B2F2B309A017648B65F7648B85B6F1D761F54
:2053480002D79234FFC1CA34FFC1CA3448A96D074E346C127648B5F35200610E761F02E027
:205358000A30923052966808761F02E09A002B2F2B307648B65F7648B5F35201600F761F8B
:2053680002E0923754316908923D0A3C543C66092B3C0A316F0696316F04761F02E02B314C
:2053780076486B8D7648B61CFE828BBE0006B2BDAABD59A45AA8A2BD5BA97648051B520098
:20538800614976485B5F520360457648991893A355A9620F761F02E10A0F920F2B0E520513
:2053980069392B0F2B107648B068520261336F2F761F02E192A20A0E2B0F540E67102B0E72
:2053A8007648B0545200610B761F02E19A0056BF01107648B1499A007648B078761F02E17D
:2053B8009210520160170A0D92A1540D680F920D520A69107648B0545200610C9A007648FA
:2053C800B1499A007648B0786F052B0D9A027648B14982BE86BE8BBE0006764808EF761F2E
:2053D80002E19611764899181BA9041A6217761F02E0922D6007922C520A690556BF0A2CF1
:2053E8006F040B2D922C61020B2C764808EF761F02E1541169550A110006761F02E00A2C84
:2053F8001BA907D056BF0A2D6403932C60571BA907D0631F1BA906A46404932C5319664EFF
:205408001BA906A463161BA905786404932C534B66451BA90578630D1BA904B064041B2C14
:2054180004E2663C1BA904B063041B2C09C466361BA907D06404932C530266251BA907D020
:20542800631F1BA906A46404932C530C661C1BA906A463161BA905786404932C53646613ED
:205438001BA90578630D1BA904B064041B2C05DC660A1BA904B063041B2C0BB8660476481A
:2054480008EF6F27761F02D79A301A39800076486355761F02E02B2C00069206761F02E152
:20545800541164030A116F029611764808EF761F02E154116706764808EF761F02E1961162
:20546800764863E9761F02E154116506764863E9761F02E196110006761F02E1920AB2BD20
:205478005201610E52036009761F01FC4810761F02E156BC010A6F3456BF010A6F31D010D2
:205488008D407F0048916D160A0B920B523268289A007648B4929A0076485C359A017648B6
:205498006351D90C761F02E01AC1040056BF01076F17761F02E092075201600E9A00764839
:2054A800B4929A0076485C359A0176486351761F01FC1A0B0100761F02E12B0B2B0A8BBEC4
:2054B8000006764863B15200600E761F02E0283F0E10761F02DB281B0E10761F02E12801CC
:2054C8000E106F0D761F02E0283F076C761F02DB281B076C761F02E12801076C761F02E026
:2054D8002B00764808EF761F02E096010006761F02E02B082B092B002B012B032B042B3FC4
:2054E800761F02DB2B1B761F02E12B01764808EF761F02E096067648B85B0006B2BDFE023A
:2054F8007648016B761F02E0960E76480607761F02E0962776480603761F02E09629764895
:205508000617761F02E096287648062352006148761F02D99215651C7648B5F35201601886
:2055180076486B1588A9761F02D92D15350A9EA659A956B400A17648062354A168069B003D
:2055280092A1567200A86F0C764806236F0976480623761F02D92D15310A567400AB52004B
:2055380059A9651E2DA13B013511FF4359A976486B958F0003E82DA9A84212A100C8BFED1B
:20554800761F02E09610764863D1761F02E05410630A764863D1761F02E096106F04761FD5
:2055580002E02B107648B5F352016105761F02E02B116F1A76486B152DA93B013511FF43E3
:2055680059A976486B952DA98F0003E892A1A84212A900C8BFED761F02E028A8025896117F
:205578005675001197117648897A3B0185A91EA628AC001F761F02E0562207A6FF4096122A
:205588001BA907D0620728A9F8305672001296126F03281207D0761F02D934150011FF43F5
:2055980059A976486B95BE642DA912A1C24200C8BFED761F02E09613764863D1761F02E087
:2055A80054136306764863D1761F02E09613761F02D93B0134160011FF4359A976486B95F8
:2055B800BE642DA912A1C24200C8BFED761F02E09614764863D1761F02E054146306764897
:2055C80063D1761F02E096147648897A761F02E08F0003E82DA9A842122800C8BFED5429D1
:2055D800640392296F0C7648897A761F02E08F0003E82DA9A842122800C8BFED962A764878
:2055E80005BB9BC8761F02E008A9FF389511962B552B640728A9FF385672002B962B6F02A2
:2055F800972B76489918761F02E0930D963EFFE000CB920E601E9227600392106F03922AC3
:205608009E3E9618567400102B1559A99618764863D154A164079A00761F02E056720018EB
:205618006F03764863D1761F02E09619FFEF00F85201616A5202FFE000C276483E4C520055
:2056280060127648059359A976486B9593A155A9673C7648058B59A976486B9593A155A9C5
:20563800660E6F1276480597761F02D95417672D7648058F761F02D954176906761F02E081
:20564800920F60066F25761F02E056BF010F923EFF5C9618764863D1761F02E09615931873
:20565800620F764863D1761F02E0FF5C54186509764863D1761F02E0FF5C96186F022B18FD
:2056680092189619FFEF00AF761F02E02B0F9227600392106F03922A9E3E9618567400102B
:205678002B1559A99618764863D154A164079A00761F02E0567200186F03764863D1761FE6
:2056880002E096186FDF9227600892109311941197159E3E96196F0A922A94119E3E96197C
:20569800764863D1761F02E0961592199E11961892195674001059A99619764863D154A1B9
:2056A800640C764863D1761F02E0FF5C5419650A764863D1FF5C6F03764863D1761F02E0AA
:2056B800961992185674001059A99618764863D154A16453764863D1761F02E0FF5C541821
:2056C80065516F18920D5201611D520260179216FF5C96199618764863D1761F02E09615D6
:2056D8009318620E764863D1761F02E0FF5C54186539764863D1FF5C6F322B192B152B1814
:2056E8006F31341700113B01FF4359A976486B958F0027102DA9A84212A100C8BFED761F26
:2056F80002E09610764863D1761F02E054106306764863D1761F02E09610591092102B157A
:2057080096197918764863D154A164079A00761F02E0567200186F03764863D1761F02E023
:2057180096187648897A761F02E0E5912B332B1AE2C80018761F02E1E8800000E2030112D8
:20572800761F02E0E68C0000961CE213001876485B5F5205610976485B5F52106105764882
:205738005B5F520660267648B068520360227648B2DC761F02E0541E6607761F02E12B06C1
:205748007648B2DC6F12761F02E10A067648B2DC761F02E12D06761F02E030A92D1D3132F8
:2057580088ABC24200C8BFED761F02E0961E6F07761F02E12B06761F02E02B1E76485B5F04
:205768005205610976485B5F5210610576485B5F520660267648B068520360227648B2DCD1
:20577800761F02E0541F6607761F02E12B077648B2DC6F12761F02E10A077648B2DC761FD9
:2057880002E12D07761F02E030A92D1D313288ABC24200C8BFED761F02E0961F6F07761F0B
:2057980002E12B07761F02E02B1F9218FF5C59A99624764863D154A1640C764863D1761F7C
:2057A80002E0FF5C5424650A764863D1FF5C6F03764863D1761F02E09624921E542464054A
:2057B800921FFF5C56720024962476487EFA761F02E05424640C76487EFA761F02E0FF5C82
:2057C8005424650A76487EFAFF5C6F0376487EFA761F02E0962476485B5F52056109764879
:2057D8005B5F5210610576485B5F520660057648B0685203612476485B635200FFE000ABF2
:2057E80076485B5F5210FFE100A676485B5F5206FFE100A1761F02DB2B19761F02DB2B1A83
:2057F800761F02E02B202B21761F02DB2817FFFB761F02DB56BF0518FFEF008D764863E5B3
:20580800761F02E054206207764863E5761F02E096206F0392227220764863E5761F02E0C4
:2058180054216207764863E5761F02E096216F020A217648897A3B01761F02E085A91E42C0
:205828003424058600C8BFED1EA6020A1E4206A600C8BFED93209625552564069221FF5C59
:20583800567200256F02922096257648897A3B01761F02E085A91E42342B058600C8BFED25
:205848001EA6020A1E4206A600C8BFED93209626552664069221FF5C567200266F0292207D
:20585800962693259225761F02DB971962215200639C76486B8D3B01761F02E0BE0A85A9B0
:20586800FF35FF5A0200F61F561700A63F2392237648AB20761F02E028A9FFFB9E25761F2F
:2058780002DB56BF0818761F02DB96176F13761F02E028A90FA028230FA07648AB20761F4E
:2058880002E09225761F02DB2817FFF8761F02DB9618FE828BBE0006B2BDAABD76488A3B77
:20589800D2005200601076485B5F5203610C7648897A5AA928AC00BF290130A2FF469BC827
:2058A80095A95AA876488A3B5200610676486C05520056B000A276486B9588A9761F02E1D4
:2058B8002D08350394A694099608900396099208FFA19608590879007648644328AC05DCF0
:2058C80012A954A167097648644328AC05DC761F02E112A99600764863752DA902641EA627
:2058D800761F02E137000200F61F561700A692A23F00540067025A00764863B15200600DBC
:2058E8001BA20ED868071BA212C069128D8012C06F0F8D800ED86F0C1BA2076C68071BA25D
:2058F800096069068D8009606F038D80076C761F02E0593F7648B434520060057648B0680E
:205908005200610B92A254A1680F9C9C54A1660992A29CF654A1660359A26F07D90A6F0599
:2059180059A2D9DA6F02D98A764863B15200600D1BA10ED864071BA112C065128D4012C0AB
:205928006F0F8D400ED86F0C1BA1076C64071BA1096065068D4009606F038D40076C7648E3
:20593800B4345202600308A1FED476485B6F520060223B10761F02E09AC8793FFF6994A160
:20594800761F02DB791B761F02E19601764863B152006009761F02E11B0112C06921280184
:2059580012C06F1E761F02E11B0109606919280109606F163B10761F02E0793FFF69761FC3
:2059680002E17901764863B152006006761F02DB281B0FA06F05761F02DB281B07D029109B
:2059780086BEFF698BBE0006B2BD764808EF761F02E088010EA90FA66106764808EF761FD3
:2059880002E09601764808EF59A976487EEA93A155A9680476487EEA6F03764808EF761F29
:2059980002E096019200960276487EEA761F02E05402630676487EEA761F02E096027648FD
:2059A80008EF764880C6761F02E054026308764808EF764880C6761F02E0960292065402F6
:2059B800562A04027648B068520261127648B0685201610E761F02EA921E76488E67761F9B
:2059C80002EA921E76488E6E764891D96F1976485B6352016105761F02E092026F04761F71
:2059D80002E09200D4019B0376488EF6761F02E0920361069204D4019B0F76488F918BBED7
:2059E8000006B2BD7648B5F35201611776485B5F5205611376485B5F5206610F761F02E1FE
:2059F8002B032B042B05761F02E02B2E0200761F02E11E14FFEF00A77648086359A9764808
:205A08006B9993A155A9662A76486BB5520063267648084B9B0A00C8C08DFF5C59A9764819
:205A18006BB593A155A9631A761F02E0922E5201610352026013764808335203610F761F97
:205A280002E10A0592059CFF1BA91770690A2B05761F02E056BF032E6F0E761F02E12B056A
:205A3800761F02E0922E616A5201614F52026135520360687648086359A976486B9908A1AC
:205A4800FF3893A155A96811761F02E10A0392039CFF1BA901F4690C761F02E0020056BFEB
:205A5800012E761F02E11E14761F02E12B037648086359A976486B99D9B293A155A9689706
:205A68000201761F02E1560100148F027100061419010FA469376F887648088B59A97648A7
:205A78006B9908A1FF3893A155A9680B761F02E10A0392039CFF1BA901F469242B036F1ECF
:205A8800761F02E12B036F1E7648088B59A976486B99D99E93A155A9660D761F02E10A0414
:205A980092049CFF1BA901F4690D761F02E056BF022E761F02E12B046F05761F02E056BF2B
:205AA800012E8BBE0006B2BDAABD764854DF9A007648BEFF59A942A16C507648547476489F
:205AB800730976488E867648733E76488EC9764872DC76488E757648732A76488EB8764812
:205AC8008DDA76488E9776487279764899887648729A764899CB7648724C764899777648F8
:205AD8008E0E5AA9764889C593A992A27648999976488F29764899DC76489B937648919B24
:205AE800764851E9764854F6764858947648597C9A0A764890BE9A05764891139A05764853
:205AF80091379A0A76489B5A9A4B76489B0328A903849B0A76489C3640A16CAA7648527723
:205B08007648B87B764859E99AFA7648B8E2764882C528A90BB828A80BB87648B3F4764851
:205B18005B5F520061959A969BFA7648809A9A969BFA764882159A969BFA76487FC46F88F7
:205B28000006B2BD59A976485B5F5203611576485B5F5205611176485B5F5202610D76486A
:205B38005B5F5206610976485B5F52106105761F02E12B0C6F1776489918761F02E05DA178
:205B48008F00B84C930C76487DFC5200610B761F02D71A3B8000761F02E19A502B0C76487C
:205B580063558BBE0006761F02EF92190006761F02EF92100006761F02EF92170006761FF7
:205B680002EF92160006761F02EF92110006761F02EF921200065200AABD6005520156B99F
:205B780001A269025AA9DA819A007648BEFF40A96CFC000AFFFB86BE9A0000069A007648FB
:205B8800BEFF40A96CFC7648B781520061F87648512E9A000006B2BD59A9764864769A00CE
:205B98007648BEFF40A96CFC92A1764865BA520061F78BBE9A000006B2BD59A976487821B6
:205BA8009A007648BEFF40A96CFC92A17648769D520061F7761F02EF9210520460039A044A
:205BB8006F029A008BBE0006B2BDAABDA2BDFE02D3008D800BB8D1002B416F4552026139BC
:205BC8005203601F7648BB459A01D40FD5009B007648BE3B9A00D40FD5009B0A7648BE3BD8
:205BD8007648BB559A017648C13B9A007648B149D90192A1520A6927D100284100046F236F
:205BE8007648BB459A01D40FD5009B007648BE3B9A00D40FD5009B147648BE3B7648BB55B4
:205BF8009A017648C137761F02EF56BF05106F31284100036F08DB0192A352326804D30035
:205C0800284100019A007648BEFF42A96D1E40A96CFA924161F1520160B27648B4345201B5
:205C180061059A027648B4926F058D800BB828410002DA8192A260E7761F02D71A388000A1
:205C2800761F02EF56BF2011761F02EF56BF0410FE8282BE86BE8BBE0006761F02EF96165C
:205C38000006B2BDAABDA2BDFE049A007648B1499A007648B4929A007648C13B9A00764873
:205C4800C137D300D200D1002B4128420BB82B436F56924161525201614552026138520341
:205C58006122520461065205604A56BF06106F697648B434520161089A017648B4999A0244
:205C68007648B4926F0528420BB8284100050B426036761F02D71A388000761F02EF56BF4B
:205C780020116F4BD90192A1529665097648B068D100520361049A037648B149DA0192A2F9
:205C88005296651DD200284100046F199A017648C137DB0192A352326512D300284100032F
:205C98006F0E9A017648C13B0A439243526465072B43284100026F03284100019A007648C9
:205CA800BEFF42A96D1A40A96CFA761F02EF9216521061A09A007648C13B9A007648C13729
:205CB8009A007648B4929A007648B1499A0076485C3556BF01106F05761F02EF56BF0410AA
:205CC800FE8482BE86BE8BBE0006B2BDAABDD100D2006F1440A96C1292A26009D90192A15A
:205CD800523256B701A256B700A16F085201761F02EF56B00210600BD2029A007648BEFF0E
:205CE80042A96CE9761F02EF56BF041086BE8BBE0006B2BDAABDA2BDFE029A007648B14993
:205CF8009A007648B4929A0076488E679A0076488E6E8D400BB88DC001F42B416F7292415B
:205D080060197648B434520161059A027648B4926F058D400BB828410001D98192A1606147
:205D1800761F02D71A388000761F02EF56BF20116F7152016144520260547648513F5AA92E
:205D28007648514393A255A966277648513F7648523D7648513F5AA976488DEA08A2FF3847
:205D380093A255A967207648BB459A01D40FD5009B007648BE3B9A00D40FD5009B1476486F
:205D4800BE3B7648BB559A017648C137761F02EF56BF03106F437648514393A99A6494A8FB
:205D58007648523DDB8192A3601C761F02D71A390002761F02EF56BF22116F2C9A0076484D
:205D6800523D9A0076488E679A0076488E6E7648B068520261049A027648B149284100029D
:205D78009A007648BEFF42A96D1540A96CFA761F02EF9216610A76486C0552006006761F25
:205D880002D74035FFECFF7D761F02EF56BF01106F05761F02EF56BF0410FE8282BE86BE73
:205D98008BBE0006761F02EF2B132B1000069A007648B4929A007648B1499A007648B65F3A
:205DA8008F007F0083A49A00DC0DDD141AC500081AC408007648C1379A007648C13B761FC6
:205DB80001FC9A011A0D01007648C13F9A0576485B7376485B869A0F76485B939A0A7648CC
:205DC8005BA493116007520456B0011056B10410000656BF04100006B2BD9A10AABD7648B6
:205DD8005C359A017648C13BD2029A007648BEFF59A942A1FFED009945A1FFED008549A131
:205DE8006C049A007648C13748A16C127648C12B5200600E7648BB459A01D40FD5009B322C
:205DF8007648BE3B7648BB559A017648C13743A192A15040562A0DA146A16D2D40A16CD63C
:205E0800761F02D79231FFC0CA31FFC0CA31FFC0CA3144A96C059A009B067648BF2C92A2A5
:205E180060097648B068520361069A037648B1496F02DA81761F02EF9216520161B7520261
:205E280061B5521061B39A007648C1379A007648C13B6F45761F02EE9A0056BF961C7648D2
:205E3800B149761F02D743316D2E7648C12B5200612A7648B434520160269A007648C13B79
:205E48007648B434520161049A017648B4927648060F520161057648BB459B646F047648C3
:205E5800BB459B329A00D40FD5007648BE3B7648BB559A007648B1499A0276485C3556BF34
:205E680003106F169A007648C13B9A007648C1379A007648B1499A007648B492761F02EF68
:205E780056BF01106F05761F02EF56BF041086BE8BBE00069A007648BEFF42A96D0840A9D0
:205E88006CFA761F02EF56BF01100006761F02EF56BF04100006B2BD9A017648C13F9A01CA
:205E98007648C1377648B434520161049A017648B4927648B068520261509A027648B14908
:205EA8006F4C43A16C04761F02EF2B1D40A16C4576488E5552016026761F02D745316D227E
:205EB80044316D2047316D1E46316D1C7648B2E05200600B761F02EF1B1D01F468042B1D51
:205EC8009B076F0A0A1D6F18761F02EF1B1E01F468072B1E9B059A007648BF2C6F0D0A1EFE
:205ED8006F0B761F02EF9A002B1D7648C13B7648513F7648523D761F02EF9216520161078A
:205EE80052026105520356B00110607A9A007648BD8A761F02EF96199A007648BEFF59A9AF
:205EF80042A16D6A45A16D5748A16C127648C12B5200600E7648BB459A01D40FD5009B3277
:205F08007648BE3B7648BB559A017648C13749A16C089A007648C137761F02EF921661471F
:205F180047A16D1E4BA16C8E7648BB459A01D40FD5009B007648BE3B9A00D40FD5009B467A
:205F28007648BE3B7648BB559A007648B1499A017648C13B761F02EF56BF06106F3176481E
:205F3800BB459A01D40FD5009B007648BE3B9A00D40FD5009B467648BE3B7648BB559A0052
:205F48007648B1499A017648C13B761F02EF56BF05106F169A007648C13B9A007648C13753
:205F58009A007648B1499A007648B492761F02EF56BF01106F05761F02EF56BF04108BBE21
:205F68000006B2BD9A01AABD7648C13BD2029A007648BEFF59A942A1FFED009545A1FFEDC7
:205F7800008D49A16C049A007648C13748A16C127648C12B5200600E7648BB459A01D40FC5
:205F8800D5009B327648BE3B7648BB559A017648C13743A192A15040562A0DA146A16D2F29
:205F980040A16CD6761F02D79231FFC5CA31FFC0CA31FFC0CA31FFC0CA3144A96C059A00B0
:205FA8009B067648BF2C92A260097648B068520361069A037648B1496F02DA81761F02EFB9
:205FB8009216520161B5520261B3520361B19A007648C1379A007648C13B6F3F761F02EE12
:205FC8009A0056BF961C7648B149761F02D743316D2E7648C12B5200612A7648B4345201A3
:205FD80060269A007648C13B7648B434520161049A017648B4927648060F52016105764888
:205FE800BB459B646F047648BB459B329A00D40FD5007648BE3B7648BB559A007648B14973
:205FF8009A0276485C3556BF03106F109A007648B1499A007648B492761F02EF56BF01105B
:206008006F05761F02EF56BF041086BE8BBE0006B2BD8D407F00761F02EF83A18AA19A0098
:206018002B1B2B1CDD14DC0D1AC500081AC408007648C1379A007648C13B9A007648B4928C
:206028009A007648B1499A007648B65F9A007648B499761F02EF9A002B1676488E679A0046
:2060380076488E6E8AA1761F01FCD90BDC121AC404001A1202001AC10200D1FA1A0B04001E
:206048001A1200026F7740A96C7592A16015761F02EF9217601292165202610B52106106E0
:206058005200600B56BF01106F6E56BF10106F6B56BF0D106F68D981764808B752016023A3
:20606800761F02EF92105204611E9211601C8F00B5F143C46D1840E46D167648B2E05200F2
:2060780060129A007648B499761F02EF0A1B921B9CFF523268392B1B76485B5F5203613431
:206088009A026F3076488E55520160258F00B5F145C46D2144C46D1F47C46D1D46C46D1BBD
:2060980040E46D0C7648B2E0520161089A007648B499761F02EF2B1C6F179A017648B499A1
:2060A800761F02EF0A1C921C9CFF5232680D2B1C9A106F089A007648B499761F02EF9A00BD
:2060B8002B1B76485C359A007648BD8A761F02EF96199A007648BEFF42A96C86761F02EFE7
:2060C80056BF04108BBE0006B2BDAABDA2BDFE028F007F0083A49A00DC0DDD141AC500087B
:2060D8001AC408007648C13B9A007648C1379A007648B4929A007648B149761F02EF2B1601
:2060E8007622761F010956BF0509761F010D56BF0509761F01021A1B0004761F01061A1BD6
:2060F8000004761A761F02EF92119641520E6004761F02D70A0652156004761F02D70A0867
:20610800521B6004761F02D70A0A521C6004761F02D70A0C521D6004761F02D70A0E521F04
:206118006004761F02D70A1052206004761F02D70A1252226004761F02D70A1452236004DE
:20612800761F02D70A1652246004761F02D70A1852256004761F02D70A1A52266004761F81
:2061380002D70A1C52296004761F02D70A1E522E6004761F02D70A2052306004761F02D703
:206148000A2252316004761F02D70A2452326004761F02D70A2652596004761F02D70A2853
:20615800525A6004761F02D70A2A525B6004761F02D70A2C525C6004761F02D70A2ED10037
:20616800D300D2006F02D2009A007648BEFF40A96CFC924161108841761F02EF0E110FA662
:2061780061061BA101F4680592419611D1006F07D9016F05761F02EF921196419241520E40
:20618800FFE1013C5215FFE1012F521BFFE10122521CFFE10115521DFFE10108521FFFE1E6
:2061980000FB5220FFE100F25222FFE100E95223FFE100DC5224FFE100CF5225FFE100C2FC
:2061A8005226FFE100B55229FFE100A8522EFFE1009A5230FFE1008A5231617A5232616B33
:2061B80052386162524F6159525061505255614752596138525A6129525B611A525C610BC1
:2061C800525DFFE00107761F02D74C3CFFEC00FFFFEF00FF761F02D74B3CFFED00FA761FE4
:2061D80002D7922E5203FFE800F2FFEF00F2761F02D74A3CFFED00ED761F02D7922C5203B2
:2061E800FFE800E5FFEF00E5761F02D7493CFFED00E0761F02D7922A5203FFE800D8FFEF0D
:2061F80000D8761F02D7483CFFED00D3761F02D792285203FFE800CBFFEF00CB761F02D7A8
:20620800443CFFEC00C4FFEF00C4761F02D74F3BFFEC00BDFFEF00BD761F02D74E3BFFEC68
:2062180000B6FFEF00B6761F02D7473AFFEC00AFFFEF00AF761F02D7413AFFED00AA761FD2
:2062280002D792265203FFE800A2FFEF00A2761F02D7403AFFED009D761F02D7922452036D
:20623800FFE80095FFEF0095764805775200FFE10090761F02D792225203FFE80088FFEF77
:206248000088761F02D74D39FFED0083761F02D792205203687B6F7C761F02D748396D7834
:20625800761F02D7921E520368716F72761F02D745396D6E761F02D7921C520368676F681B
:20626800761F02D744396D64761F02D7921A5203685D6F5E761F02D743396D5A761F02D73A
:206278009218520368536F54761F02D742396D50761F02D79216520368496F4A761F02D7A0
:206288009214520368436F44761F02D792125203683D6F3E761F02D74E386D3A761F02D7DB
:206298009210520368336F34761F02D74C386D30761F02D7920E520368296F2A761F02D727
:2062A8004B386D26761F02D7920C5203681F6F20761F02D74A386D1C761F02D7920A520371
:2062B80068156F16761F02D744386D12761F02D792085203680B6F0C761F02D74D376D08A9
:2062C800761F02D7920652036703D3016F08D30092A3761F02EFCA1AFFE1FE97DA011BA227
:2062D80001F4FFE9FE93FE82761F02EF82BE56BF01102B112B1A86BE8BBE000676485D9A03
:2062E8009A017648BEFF9A017648BEFF6F35520161315205612C52036127520261225206F1
:2062F800611D520F6118520D6113520C610E521061095200600476485D9F6F1E56BF01109F
:206308006F1976485C396F1876485CCD6F1576485CF16F1276485BBC6F0F76485DD46F0C5F
:2063180076485E826F0976485E936F0676485F696F0376486010761F02EF9210520460C85F
:20632800764860CC6FF98F007F0083A4B2BD9A00DC0DDD141AC500081AC408007648B4921A
:206338009A007648B1499A007648B65F761F02EF2B169A007648BEFFD1009A017648BEFFC3
:20634800D90192A1520A67F66FF9761F02EF96100006761F02EF96170006761F02EF931073
:2063580061085304610696119B029A007648BF2C0006761F02EF96120006761F02AE900365
:206368001801FFE7FF8298010006761F02AF92140006761F02B092010006761F02B0920447
:206378000006761F02B092200006761F02B092210006761F02B092020006761F02B0920C3A
:206388000006761F02B0920B0006761F02B0920D0006761F02B8920D0006761F02B092222A
:206398000006761F02B092230006761F02B092090006761F02AE92130006761F02B0920A22
:2063A8000006761F02B092080006761F02AE92020006761F02B092000006761F02B092262B
:2063B8000006761F02B0922B0006761F02B0922D0006761F02B0922C0006761F02AE9216B1
:2063C80000069A0000069A000006761F02B092070006761F02B092150006761F02B0921AA2
:2063D8000006761F02B092190006761F02B092140006761F02B092160006761F02B09218CE
:2063E8000006761F02B092170006761F02B092060006761F02B0921B0006761F02B0921EC3
:2063F8000006761F02B0921F0006761F02B0921C0006761F02B0921D0006761F02B092278A
:206408000006761F02B092280006761F02B0922A0006761F02B092290006761F02AE92146B
:206418000006761F02B092120006761F02B092130006761F02B092050006761F02B09210AE
:206428000006761F02B0920F0006761F02B0920E0006761F02B092110006761F02AE920F9D
:206438000006761F02AE920E0006761F02AECC010018FFC20006761F02B092030006761FEB
:2064480002B092250006761F02B092240006761F02AE92120006761F02AE92010006521F84
:2064580058A967058F00ABC09294000628A9FFFF000658A91BA001B067058F00ACC09294C2
:20646800000628A9FFFF0006524A58A967058F00AC409294000628A9FFFF0006761F02AE6F
:206478007680AB928F40AC008F00AB802B022B032B042B052B062B072B082B092B0A2B0BAD
:206488002B0C2B0D2B01F6052B86F62D2B85F6002B840006761F02AE92025201613D520211
:20649800610A761F02D79A5D1A3C100076486355FFEF0088761F02B02802020056BF020335
:2064A800280712E828090258280A02D0280B07D0280C08FC280D07D0280E128E280F12C0EF
:2064B8002810157C56BF1E132814044C2815044C56BF5518281B03E8281C04D8281D050A78
:2064C800281E0474281F04A6282203522823038E282602586F31761F02B02802010156BFBA
:2064D8000103280729542809012C280A015E280B2EE0280C34BC280D2EE0280E15E0280FFB
:2064E8001644281016A856BF1113281401F4281501F42818015E281B01F4281C0334281D11
:2064F8000366281E02EE281F0384282202D028230302282601042B0056BF65012804028004
:2065080056BF010528061ADC2808157C28110BB828120368281608FC281705DC28190AF035
:20651800281A0A8C28200320282103522824029428250294282B0AF0282C0384282D06A496
:20652800761F02B09215761F02EE9614761F02D39630761F02D39631761F02B0920A764834
:20653800B61C00063B10FF69764854B9764882967648B4A02910FF690006B2BDAABDA2BD29
:20654800FE02764863B15200600A764863DD88A98D4C5C10FF2A15F9FF5A6F09764863DD2B
:206558008F189C6488A9A8AB8D4672640200F61F561700A63F41764863DD88A9B2AB020017
:20656800F61F561700A6764863DD59AB5AA9764808EF5BA9764808EF2DA90EA21EA637A354
:206578000200F61F561700A6924154AB680692A154AB690427A16F022741FE82761F02B092
:2065880082BE3F0786BE8BBE00068F08000088C42901FF20FFFF0FA6611D8F080003761F4E
:2065980002AE92D488C4CDA900FFFFC780A97E0E92A6FFC72DA9310ACCA600FF2DA794ABFE
:2065A80008A9FDF0310A73AB960E08ABFDF03F0F0006761F02D71A3C0010761F02EF56BFD5
:2065B800551100067648723852CE64441BA90266653D1BA9040065361BA9059A652F1BA93B
:2065C800073464281BA908CE64211BA90A66651A1BA90C0065131BA90D9A650C1BA90F34EF
:2065D8006405761F02AE0A0D6F28761F02AE0A0C6F24761F02AE0A0B6F20761F02AE0A0A17
:2065E8006F1C761F02AE0A096F18761F02AE0A086F14761F02AE0A076F10761F02AE0A0625
:2065F8006F0C761F02AE0A056F08761F02AE0A046F04761F02AE0A0356BF02027648649258
:2066080076482E437648653A764870D7764865457648658D9A010006761F02AF9600000646
:20661800761F02AF96010006761F02AF96140006761F02AF960C0006761F02AF960B0006AE
:20662800761F02AF960A0006761F02AF96090006761F02AF96080006761F02AF96070006A8
:20663800761F02AF96060006761F02AF96050006761F02AF96130006761F02AF961200068A
:20664800761F02AF96110006761F02AF96100006761F02AF960F0006761F02AF960E00066C
:20665800761F02AF960D0006761F02AF96040006761F02AF96150006761F02AF9603000671
:20666800761F02AF96020006761F02AF96160006B2BD761F02AEAABDCD00FFFE8D80B5F19E
:2066780092C2FFC2F0019001CAA859A9960076486B89764879BC9B00761F02AE520A56B674
:2066880001A8560301A8CDA1FFFDCAA896001800FFFB76486BB59B00761F02AE520656B3A4
:2066980001A8560302A8980092DACD00FFF7FFC6F00F9008CAA859A9960076486AF19B0055
:2066A800761F02AE520A56B201A8560304A8CDA1FFEFCAA896001800FFDF7648C12B9B00DC
:2066B800761F02AE520156B101A8560305A898001800FFBF7648991C9B00761F02AE520A57
:2066C80056B201A8560306A89800CC00FF7F88A9761F02D756030231F0FF761F02AE9080A9
:2066D800CAA659A9960076488976764879BC9B00761F02AE520A56B601A8560308A8CDA182
:2066E800FEFFCAA896001800FDFF764889769B00761F02AE520056B401A8560309A8980035
:2066F8001800C3FF86BE8BBE0006761F02B3B2BD0A0076485B5F761F02B32B022B032B0406
:206708002B052B062B072B082B092B0A2B0B2B0C2B0D2B0E2B0F2B102B112B122B132B14F9
:20671800960176485B6B761F02B376C0B5F18F00B5F6961592C7961692CF2FD427DC961722
:2067280092D7961892DF961992E7961AC5A488E493EC5DFC92C7961EDF0892C79626C5A4D2
:2067380092CC961F92F4761F02AE5C00761F02B37C2C761F02AE5C12761F02B37C2D761FDA
:2067480002AE5C13761F02B37C2E761F02AE5C14DF09761F02B37C2F761F02AE5C16761F40
:2067580002B396242B1B2B1C2B1D2B282B292B2A2B2B2B302B32972357203F217C317E22F5
:206768007D2592C7962776489205761F02D38830761F02AE9310761F02B32B362B372B388A
:206778002B392B3A2B3B2B3C2B3D2B3E2B3F963397357E3476486B09761F02B49600764818
:206788006B01761F02B4960176486B0959A976486B01761F02B42DA912A1960376486B119E
:20679800761F02B4960276486AF1761F02B42B052B062B072B082B092B0A2B0B2B0C2B0DC6
:2067A8002B0E2B0F96047648897E761F02B49610764889C5761F02B49612764889CD761F66
:2067B80002B4961176488976761F02B496137648898E761F02B4961476488986761F02B4D1
:2067C80096157648899E761F02B42B172B182B192B1A2B1B961676488DEE761F02B4961CA0
:2067D80076488E2E761F02B4961D76488E0E761F02B4961E76488DE6761F02B4961F7648E1
:2067E8008DFE761F02B4962076488DF6761F02B4962176488E06764879BC761F02B496227A
:2067F80076488E16761F02B42B242B252B262B27962376489924761F02B4962876489950AE
:20680800761F02B4962A76489958761F02B496297648991C761F02B4962B76489938761F09
:2068180002B4962C7648992C761F02B4962D76489960761F02B42B2F2B302B312B322B3389
:206828002B342B352B362B372B382B392B3A2B3B2B3C2B3D2B3E2B3F761F02B52B002B01F7
:206838002B022B032B042B052B062B072B082B09761F02B4962E76486B99761F02B5960AFF
:2068480076486BB5761F02B5960B76486B89761F02B5960C76489205761F02B5960D7648C3
:206858006B2D761F02B5960E76486B1D761F02B5960F76486B35761F02B5961076486B35B3
:20686800761F02B5961176486B79761F02B5961276486B81761F02B52B142B152B162B178F
:206878002B182B192B1A961376486B69761F02B52B1C961B76486B61761F02B52B1E961DE3
:2068880076486BC5761F02B5961F76486BBD761F02B5962076486B49761F02B52B222B23C0
:206898002B242B252B262B272B282B292B2A2B2B2B2C2B2D2B2E2B2F2B302B312B322B3378
:2068A8002B342B352B362B372B382B392B3A2B3B2B3C2B3D2B3E2B3F761F02B62B002B0176
:2068B8002B022B032B042B052B062B072B082B092B0A2B0B2B0C2B0D2B0E2B0F2B102B1178
:2068C8002B122B132B142B152B162B172B182B192B1A2B1B2B1C2B1D2B1E2B1F2B202B2168
:2068D8002B222B232B242B252B262B272B282B292B2A2B2B2B2C2B2D2B2E2B2F2B302B3158
:2068E8002B322B332B342B352B362B372B382B392B3A2B3B2B3C2B3D2B3E2B3F761F02B7D1
:2068F8002B002B012B022B032B042B052B062B072B082B092B0A2B0B2B0C2B0D2B0E2B0F58
:206908002B102B112B122B132B142B152B162B172B182B192B1A2B1B2B1C2B1D2B1E2B1F47
:206918002B202B212B222B232B242B252B262B272B28761F02B59621761F02B72B292B2A9E
:206928002B2B2B2C2B2D2B2E2B2F2B302B312B322B332B342B352B362B372B382B392B3A77
:206938002B3B2B3C2B3D2B3E2B3F761F02B82B002B012B022B032B042B052B062B072B0841
:206948002B092B0A2B0B2B0C2B0D2B0E2B0F2B102B112B122B132B142B152B162B172B1877
:206958002B192B1A2B1B2B1C2B1D2B1E2B1F2B202B212B222B232B242B252B262B272B2867
:206968002B292B2A2B2B2B2C2B2D2B2E2B2F2B302B312B322B332B342B352B362B372B3857
:206978002B392B3A2B3B2B3C2B3D2B3E2B3F8BBE761F02B92B002B012B022B032B042B0584
:206988002B062B072B082B092B0A2B0B2B0C2B0D2B0E2B0F2B102B112B122B132B142B1567
:206998002B162B172B182B192B1A2B1B2B1C2B1D2B1E2B1F2B202B212B222B232B242B2557
:2069A8002B262B272B282B292B2A2B2B2B2C2B2D2B2E2B2F000676486371761F02B1960002
:2069B80076486381761F02B12B0256BF0303960176480157761F02B1960476480153761F57
:2069C80002B196057648014F761F02B196067648014B761F02B1960776480147761F02B132
:2069D800960876480143761F02AE880E930F761F02B156BF500A56BF0B0C2B0D2B0E2B0FF4
:2069E8002810FFFF2811FFFF2812FFFF281403E82815FFFF56BF01162B312B322B332B34E6
:2069F8002B352B362B372B382B392B3A2B3B2B3C2B3D2B3E2B3F761F02B22B002B012B025B
:206A08002B032B042B052B062B072B082B09761F02B1960997137E0B0006B2BDAABDA2BDC2
:206A1800FE0476485B5F5205610576485B5F52066009764806BF52006007764889765200A3
:206A280063032B446F04764889769644764808BF520060077648991C520056B400A2640458
:206A38007648991C5AA97648051F761F02AE52009611617B76486B89764879BC5BA9764865
:206A48006AF1764879BC94A359A99244764879BC93A195A992A259A8764879BC93A195A9D2
:206A580059A876486B895BA976486AF194A39EA29444964376486B895200621276486B89FC
:206A680088A12D4312A9C24200C8BFED82A976486B89761F02AE93A395A997126F107648C6
:206A78006B8988A12D4312A9C24200C8BFED82A976486B89EAA3761F02AE7B1276486AF1E9
:206A880088A12D4312A9C24200C8BFED82A976486AF1EAA3761F02AE7B13921363022B1336
:206A98009244620988A12D4312A9C24200C8BFED94446F0988A12D4312A9C24200C8BFEDB5
:206AA8009344EBA988A1961412A2C24200C8BFED93A2FF5DEBA993129616FF5D9F139F142D
:206AB800971676488DE66F1276486B89761F02AE961276486AF1761F02AE93449613971437
:206AC80076488DE6761F02AE7A16761F02AE2B1796159213941294149416FE84961082BE71
:206AD80086BE8BBE0006FE02761F02D88F0003E82D101220A842FF12007D00C8BFEDFE8247
:206AE8000006761F02D8920A0006761F02D892190006761F02D892390006761F02D89221F5
:206AF8000006761F02D992010006761F02D892200006761F02D992000006761F02D892102F
:206B08000006761F02D892300006761F02D892110006761F02D892310006761F02D89212CD
:206B18000006761F02D892320006761F02D892280006761F02D992080006761F02D89225B9
:206B28000006761F02D992050006761F02D892290006761F02D992090006761F02D89226D2
:206B38000006761F02D992060006761F02D8921B0006761F02D8923B0006761F02D89222A2
:206B48000006761F02D992020006761F02D8921A0006761F02D8923A0006761F02D89214A6
:206B58000006761F02D892340006761F02D892160006761F02D892360006761F02D892156C
:206B68000006761F02D892350006761F02D892170006761F02D892370006761F02D8920B63
:206B78000006761F02D8922B0006761F02D8920C0006761F02D8922C0006761F02D8921866
:206B88000006761F02D892380006761F02D892000006761F02D9921B0006761F02D8920D70
:206B98000006761F02D8922D0006761F02D8920E0006761F02D8922E0006761F02D9921740
:206BA8000006761F02D992160006761F02D9921A0006761F02D8920F0006761F02D8922F41
:206BB8000006761F02D892240006761F02D992040006761F02D892230006761F02D9920351
:206BC8000006761F02D8921F0006761F02D8923F0006761F02D8921E0006761F02D8923ED7
:206BD8000006761F02D8921D0006761F02D8923D0006761F02D8922A0006761F02D9920AF2
:206BE8000006761F02D892270006761F02D992070006761F02D8921C0006761F02D8923CEA
:206BF8000006FE02BE64761F02D82D0D120FC242093200C8BFEDFE820006761F02D9CC0B0B
:206C08000004FFC10006761F02D9CC0B00010006761F02D7B2BD4E38AABD59A95AA86D5EBB
:206C180076485B5F5203614476485B5F5205611776485B5F52066113761F02D82D2D350958
:206C28009B0500C8C08D1BA903E8670328A903E808A9FC1854A1562A08A16F127648897E99
:206C38001BA90320670328A9032028AC00B5290130A9FF4608A9019054A1562A06A176480A
:206C48005B5F5205610576485B5F520360367648B43452016032761F02D893A15DA28F0096
:206C5800B664920B76487DFC5200612A6F26761F02D893A15DA28F00B664920B76487DFC9D
:206C68005200611E761F02D92B24761F02D79A1F1A384000764863556F13761F02D85DA25D
:206C78008F00B6649B00920B76487E0C52006108761F02D71838BFFF761F02D92B2486BE99
:206C88008BBE000676486B9593A955056505550663032B0A00062D08316456BF010A92ABBC
:206C980000C8C08D540796096503920796090006761F02D880A92D3996193B01761F02DACD
:206CA800351F81A781011EA692A6901F9601761F02D806A6FF4496390006761F02D8962133
:206CB800761F02D92D0180A93B01761F02DA351F81A781091EA692A6901F9609761F02D988
:206CC80006A6FF4496010006761F02D89620761F02D92D0080A93B01761F02DA351F81A70C
:206CD80081081EA692A6901F9608761F02D906A6FF4496000006761F02D880A952C82D30C0
:206CE8003B0156B400A7761F02D9351F81A781381EA692A6901F9638761F02D806A67F10D7
:206CF800FF4496300006761F02D880A92D3196113B01761F02D9351F81A781391EA692A6F2
:206D0800901F9639761F02D806A6FF4496310006761F02D880A92D3396133B01761F02D975
:206D1800351F81A7813B1EA692A6901F963B761F02D806A6FF4496330006761F02D880A9E2
:206D28002D3296123B01761F02D9351F81A7813A1EA692A6901F963A761F02D806A6FF4488
:206D380096320006761F02D8921E541D6304931E921D6F02931D9629923E9728543D6304AF
:206D4800933E923D6F02933D761F02D997089609761F02D8921E941DFFA0962A923E943DCC
:206D5800FFA0761F02D9960A0006761F02D8922454236304932492236F0293239725962658
:206D6800761F02D9920454036304930492036F02930397059606761F02D892249423FFA061
:206D78009627761F02D992049403FFA096070006761F02D880A92D3B961B3B01761F02DA01
:206D8800351F81A781031EA692A6901F9603761F02D806A6FF44963B0006761F02D880A9DA
:206D98002D3A961A3B01761F02DA351F81A781021EA692A6901F9602761F02D806A6FF4477
:206DA800963A0006761F02D880A92D3496143B01761F02D9351F81A7813C1EA692A6901FC2
:206DB800963C761F02D806A6FF4496340006761F02D880A92D3696163B01761F02D9351F14
:206DC80081A7813E1EA692A6901F963E761F02D806A6FF4496360006761F02D89622761F59
:206DD80002D92D0280A93B01761F02DA351F81A7810A1EA692A6901F960A761F02D906A64D
:206DE800FF4496020006761F02D880A92D3596153B01761F02D9351F81A7813D1EA692A623
:206DF800901F963D761F02D806A6FF4496350006761F02D880A92D3796173B01761F02D975
:206E0800351F81A7813F1EA692A6901F963F761F02D806A6FF4496370006761F02D8962454
:206E1800761F02D92D0480A93B01761F02DA351F81A7810C1EA692A6901F960C761F02D91D
:206E280006A6FF4496040006761F02D89623761F02D92D0380A93B01761F02DA351F81A7A1
:206E3800810B1EA692A6901F960B761F02D906A6FF4496030006761F02D880A92D2B960BD3
:206E48003B01761F02D9351F81A781331EA692A6901F9633761F02D806A6FF44962B0006B5
:206E5800761F02D880A92D2C960C3B01761F02D9351F81A781341EA692A6901F9634761FA0
:206E680002D806A6FF44962C0006761F02D880A92D3896183B01761F02DA351F81A7810024
:206E78001EA692A6901F9600761F02D806A6FF4496380006761F02D880A952002D2D3B0107
:206E880056B400A7761F02D9351F81A781351EA692A6901F9635761F02D806A67F0DFF4437
:206E9800962D0006761F02D880A952002D2E3B0156B400A7761F02D9351F81A781361EA678
:206EA80092A6901F9636761F02D806A67F0EFF44962E0006761F02D880A92D2F960F3B018D
:206EB800761F02D9351F81A781371EA692A6901F9637761F02D806A6FF44962F0006761FE0
:206EC80002D880A952002D3F3B0156B400A7761F02DA351F81A781071EA692A6901F96073F
:206ED800761F02D806A67F1FFF44963F0006761F02D880A952002D3E3B0156B400A7761FEC
:206EE80002DA351F81A781061EA692A6901F9606761F02D806A67F1EFF44963E0006761FFA
:206EF80002D880A952002D3D3B0156B400A7761F02DA351F81A781051EA692A6901F960515
:206F0800761F02D806A67F1DFF44963D0006761F02D880A92D3C961C3B01761F02DA351FE2
:206F180081A781041EA692A6901F9604761F02D806A6FF44963C0006B2BDAABD59A95AA857
:206F280076485B5F52005DA26128761F02D748346D14761F02D893A18F00B67092107648D4
:206F38007E0C5200611A761F02D71A340100761F01FC1A0C04006F11761F02D893A18F00B7
:206F4800B670921008A8FF3876487DFC52006105761F02D71834FEFF86BE8BBE0006B2BDD2
:206F580059A976485B5F5200612C761F02D74A346D17761F02D892105DA18F00B672761FF5
:206F680002D9931E76487DFC5200611B761F02D71A340400761F01FC1A0C04006F12761FE6
:206F780002D892105DA18F00B672761F02D9931F76487E0C52006105761F02D71834FBFFF2
:206F88008BBE0006B2BDAABD59A95AA876485B5F52005DA26127761F02D74C346D14761F6B
:206F980002D893A18F00B671921276487E0C52006119761F02D71A341000761F01FC1A0CD9
:206FA80004006F10761F02D893A18F00B67192129DCE76487DFC52006105761F02D7183435
:206FB800EFFF86BE8BBE0006761F02D956BF641A0006B2BD59A97648995C7648644328ACD2
:206FC800010E761F02D933A928AC011388AB3F2B33A993AB3F1D761F02D740356D11761F5D
:206FD80002D893A65DA18F00B66A920D76487DFC52006117761F02D71A3500016F12761F65
:206FE80002D85DA18F00B66A920D76487E0C52006108761F02D92B2A761F02D71835FFFEE3
:206FF800761F02D740356C1176485B5F5203600D9A0076485C359A017648634D9A00764895
:20700800B4929A0076485C358BBE0006761F02D7B2BD4C38AABD59A45AA55DA86D2693A952
:20701800761F02D88F00B662920B76487E0C5200600C761F02D893A15DA28F00B663920BB8
:2070280076487E0C52006125761F02D71A381000761F02D92B222B2376485B5F5204611905
:207038009A1D764863556F1593A9761F02D88F00B662920B08A8FF3876487DFC52006109BE
:20704800761F02D71838EFFF761F02D92B222B2386BE8BBE0006761F02D744385DA86D176B
:2070580093A9761F02D88F00B66E920C76487E0C5200611D761F02D71A38001076485B5FBC
:20706800520461159A1576486355000693A9761F02D88F00B66E920C08A8FE0C76487DFC24
:2070780052006105761F02D71838FFEF0006B2BDAABDA2BDFE047648644396417648088BCA
:207088009643764808635AA97648085B59A97648084B9B0A00C8C1555BA9764808479B0A76
:2070980000C8C155761F02D8934188A39742934397419643930A761F02D95B1B53016008ED
:2070A80092A6761F02D85409650988096F077648084B9B0A00C8C15588A92D4231FA93ABB2
:2070B80055A1562B06A1934155A263025A419B64761F02D995A1971035327B177A14790F74
:2070C80094A17E15960D92439616924196133564FE8494A182BE960E86BE8BBE0006761FE4
:2070D80002D9280B01002B182B1956BF641A2B0C76480897761F02D996107648707F000612
:2070E800761F02D89200761F02D9541361073B109213761F02D896002910FF690006761F17
:2070F80002D74D375DA86D1793A9761F02D88F00B660920D76487E0C5200611C761F02D71E
:207108001A37200076485B5F520461149A0E76486355000693A9761F02D88F00B660920DA0
:207118009D9C76487DFC52006105761F02D71837DFFF0006B2BD59A97648995C7648644305
:2071280028AC0118761F02D912A99B0A962895A99729761F02D741316D1193A9761F02D8C5
:207138005DA18F00B667920D76487DFC52006117761F02D71A3100026F12761F02D85DA144
:207148008F00B667920D76487E0C52006108761F02D71831FFFD761F02D92B278BBE000615
:20715800B2BDFE027648995C59A97648644393A1531463047648085B6F095332630428AC33
:20716800042E6F0328AC03F212A988A976486B993B0193A9761F02D992149FA62DA89EA600
:2071780085A91E42356400C8BFED2D2C88A93B0135FF81A6812D1EA692A690FF962D06A693
:20718800FF47962C520064075264562A051B56B2641B6F022B1BFE828BBE0006761F02D94F
:20719800430B5DA96D11761F02D893008F00B661920D9D3276487E0C52006114761F02D970
:2071A8001A0B00080006761F02D88F00B661920D930076487DFC52006105761F02D9180BCB
:2071B800FFF70006761F02D7B2BD4331AABD59A95AA86D11761F02D893A15DA28F00B66535
:2071C800920D76487DFC5200611A761F02D71831FFF76F15764864432DA9761F02D85DA22A
:2071D80035648F00B66594A193A9920D76487E0C52006105761F02D71A31000886BE8BBEF6
:2071E8000006761F02D740315DA86D1093A9761F02D88F00B666920D76487E0C520061151B
:2071F800761F02D71A310001000693A9761F02D88F00B666920D9DF676487DFC5200610540
:20720800761F02D71831FFFE0006761F02D744385DA86D1793A9761F02D88F00B66F920F39
:2072180076487E0C5200611C761F02D71A38001076485B5F520461149A1076486355000606
:2072280093A9761F02D88F00B66F920F9DFB76487DFC52006105761F02D71838FFEF00060D
:20723800FE02761F02DF9236650D3B0185361E429236761F02E6FFA085A9073400C8BFED6E
:207248006F029A00FE820006FE02761F02DF922265263B0185221E429222761F02E6FFA0CD
:2072580085A9070C00C8BFED8F00A000761F02991EA62D16A8421218FF1C000500C8BFED53
:207268008AA902641E4206A600C8BFED3B011EAC564400A4FF1B0001FF4B6F029A00FE82B9
:207278000006FE02761F02DF9220651A3B0185201E429220761F02E6FFA085A9070800C835
:20728800BFED764878F2761F02993B012DA933165603051707ABFF1B0001FF4B6F029A00F0
:20729800FE820006FE02761F02DF9221651A3B0185211E429221761F02E6FFA085A9070A58
:2072A80000C8BFED764878F2761F02993B012DA933185603051907ABFF1B0001FF4B6F029E
:2072B8009A00FE820006FE02761F02DF9223651A3B0185231E429223761F02E6FFA085A9A9
:2072C800070E00C8BFED764878F2761F02993B012DA933145603051507ABFF1B0001FF4BE2
:2072D8006F029A00FE820006FE02761F02DF921E65263B01851E1E42921E761F02E6FFA049
:2072E80085A9070400C8BFED8F00A000761F02991EA62D10A8421212FF1C000500C8BFEDD7
:2072F8008AA902641E4206A600C8BFED3B011EAC564400A4FF1B0001FF4B6F029A00FE8229
:207308000006FE02761F02DF921D651A3B01851D1E42921D761F02E6FFA085A9070200C8B3
:20731800BFED764878F2761F02993B012DA933105603051107ABFF1B0001FF4B6F029A006B
:20732800FE820006FE02761F02DF921F650D3B01851F1E42921F761F02E6FFA085A90706DE
:2073380000C8BFED6F029A00FE820006FE02761F02DF921C651A3B01851C1E42921C761F0D
:2073480002E6FFA085A9070000C8BFED764878F2761F02993B012DA933125603051307AB23
:20735800FF1B0001FF4B6F029A00FE820006FE02761F02DF922E650D3B01852E1E42922E68
:20736800761F02E6FFA085A9072400C8BFED6F029A00FE820006FE02761F02DF9230650DE1
:207378003B0185301E429230761F02E6FFA085A9072800C8BFED6F029A00FE820006FE0264
:20738800761F02DF922F650D3B01852F1E42922F761F02E6FFA085A9072600C8BFED6F02CF
:207398009A00FE820006FE02761F02DF922D650D3B01852D1E42922D761F02E6FFA085A9B7
:2073A800072200C8BFED6F029A00FE820006FE02761F02DF9232650D3B0185321E429232D4
:2073B800761F02E6FFA085A9072C00C8BFED6F029A00FE820006FE02761F02DF9231650D88
:2073C8003B0185311E429231761F02E6FFA085A9072A00C8BFED6F029A00FE820006B2BDA1
:2073D8008F08E8F280A954C46747D08C549469419B01BE0028AB008C92AB54A8691693AB98
:2073E80095A6FFD058A85DA70E940FA56005D8942DA0350A6F3392A75494662788A09A0131
:2073F80093AB94A655A966EC93A6538C68042DA6350A6F1858A6D1013B0173A1279428ACE1
:20740800000A92AB9E9C85A98AA992AB9EA727A932AB2DA60200F61F561700A492AB310AE0
:2074180094AB08A9FF386F0A9B0127A095A66FC528A904B06F0328A9FF388BBE0006FE0294
:20742800761F02DF9234650D3B0185341E429234761F02E6FFA085A9073000C8BFED6F0215
:207438009A00FE820006FE02761F02DF9233650D3B0185331E429233761F02E6FFA085A904
:20744800072E00C8BFED6F029A00FE820006FE02761F02DF9239650F3B0185391E42923910
:20745800761F02E6FFA085A9073A00C8BFED764873D76F029A00FE820006FE02761F02DF06
:20746800923F650F3B01853F1E42923F761F02E7FFA085A9070600C8BFED764873D76F0249
:207478009A00FE820006FE02761F02DF9238650F3B0185381E429238761F02E6FFA085A9B3
:20748800073800C8BFED764873D76F029A00FE820006FE02761F02DF923E650F3B01853EDF
:207498001E42923E761F02E7FFA085A9070400C8BFED764873D76F029A00FE820006FE0241
:2074A800761F02DF923D650F3B01853D1E42923D761F02E7FFA085A9070200C8BFED764858
:2074B80073D76F029A00FE820006761F02EC92240006761F02EC920B0006761F02EB922A36
:2074C8000006761F02EB92110006761F02EC92290006761F02EC92100006761F02EB922FC1
:2074D8000006761F02EB92160006761F02EC922A0006761F02EC92110006761F02EB9230A9
:2074E8000006761F02EB92170006761F02EC922B0006761F02EC92120006761F02EB923195
:2074F8000006761F02EB92180006761F02EC92280006761F02EC920F0006761F02EB922E8D
:207508000006761F02EB92150006761F02EC92220006761F02EC92090006761F02EB922891
:207518000006761F02EB920F0006761F02EC921B0006761F02EC92020006761F02EB92219C
:207528000006761F02EB92080006761F02EC92210006761F02EC92080006761F02EB922781
:207538000006761F02EB920E0006761F02EC92230006761F02EC920A0006761F02EB922965
:207548000006761F02EB92100006761F02EC92190006761F02EC92000006761F02EB921F71
:207558000006761F02EB92060006761F02EC921A0006761F02EC92010006761F02EB922068
:207568000006761F02EB92070006761F02EC921E0006761F02EC92050006761F02EB92244B
:207578000006761F02EB920B0006761F02EC921D0006761F02EC92040006761F02EB92233A
:207588000006761F02EB920A0006761F02EC921F0006761F02EC92060006761F02EB922525
:207598000006761F02EB920C0006761F02EC921C0006761F02EC92030006761F02EB92221C
:2075A8000006761F02EB92090006761F02EC92250006761F02EC920C0006761F02EB922BF4
:2075B8000006761F02EB92120006761F02EC92310006761F02EC92180006761F02EB9237B7
:2075C8000006761F02EB921E0006761F02EC922C0006761F02EC92130006761F02EB9232AA
:2075D8000006761F02EB92190006761F02EC92260006761F02EC920D0006761F02EB922CB1
:2075E8000006761F02EB92130006761F02EC92200006761F02EC92070006761F02EB9226B9
:2075F8000006761F02EB920D0006FE02761F02DF9225650D3B0185251E429225761F02E62D
:20760800FFA085A9071200C8BFED6F029A00FE820006FE02761F02DF9227650D3B018527EE
:207618001E429227761F02E6FFA085A9071600C8BFED6F029A00FE820006FE02761F02DF57
:207628009229650D3B0185291E429229761F02E6FFA085A9071A00C8BFED6F029A00FE82A6
:207638000006FE02761F02DF9228650D3B0185281E429228761F02E6FFA085A9071800C856
:20764800BFED6F029A00FE820006FE02761F02DF922C650D3B01852C1E42922C761F02E6B7
:20765800FFA085A9072000C8BFED6F029A00FE820006FE02761F02DF922B650D3B01852B88
:207668001E42922B761F02E6FFA085A9071E00C8BFED6F029A00FE820006FE02761F02DFFB
:20767800922A650D3B01852A1E42922A761F02E6FFA085A9071C00C8BFED6F029A00FE8251
:207688000006FE02761F02DF9235650D3B0185351E429235761F02E6FFA085A9073200C8C5
:20769800BFED6F029A00FE820006B2BDFE02761F02990A3D543D69039A006F442B3D3B10B2
:2076A80088398F00BA48761F02E987D48EE4830802003100B600761F02998F00B68E2B3849
:2076B8002B397E3A761F02DAABD43AE4A00E761F02E91E08A90AC30C291092A6761F02DAD0
:2076C800FFC088A6FF690EA90712C24200C8BFED59A952C862091BA1FF3864063B1029109D
:2076D8003B1029106F049A4F7648635592A152C862081BA1FF3864053B1029103B10291021
:2076E8009A01FE82FF698BBE0006761F029996370006761F029996360006761F0299962FB6
:2076F800000634A919C8761F0299FF1B0001562F032E0006761F02999635000634A9029433
:20770800761F0299FF1B0001562F03340006761F02999633000634A90294761F0299FF1B98
:207718000001562F03320006761F02999631000634A91EF0761F0299FF1B0001562F0330A5
:207728000006761F02999617000634A927F6761F0299FF1B0001562F03160006761F02993F
:207738009619000634A91D4C761F0299FF1B0001562F03180006761F02999623000634A979
:207748000E53761F0299FF1B0001562F03220006761F0299962500062DA928A99AB0761F4E
:20775800029930A9FF1B0001562F03240006761F02999611000634A927F6761F0299FF1BAF
:207768000001562F03100006761F02999613000634A91D4C761F0299FF1B0001562F031258
:207778000006761F02999615000634A927F6761F0299FF1B0001562F03140006761F0299F3
:20778800961D000634A92751761F0299FF1B0001562F031C0006761F0299961F000634A916
:2077980003DE761F0299FF1B0001562F031E0006761F0299961B000634A9018C761F029978
:2077A800FF1B0001562F031A0006761F02999627000634A90318761F0299FF1B0001562F43
:2077B80003260006761F0299962D000634A9018C761F0299FF1B0001562F032C0006761F85
:2077C8000299962B000634A919C8761F0299FF1B0001562F032A0006761F02999629000689
:2077D80034A919C8761F0299FF1B0001562F03280006761F02999621000634A90E53761F12
:2077E8000299FF1B0001562F03200006FE02761F0299923B3B019C01900788A9963B761F19
:2077F80002EB850A761F02995601003E92A66020063EBE00FF42963C5200C23E650C85A972
:20780800761F02EA1E42341C050000C8BFED761F02BA9602761F02BA1B020BB863071B0215
:2078180002586206280202586F0328020BB8FE8200063B10761F029931008F00BA48D01EFA
:207828000200B600BE002B3956BF0138A9D41E94C3E4C2C42910FF690006764805DF7648B5
:207838007763764805DB7648775F764805E776487770764805E37648776C764805A7764866
:20784800772D7648057F76487729764805AB7648773A7648058376487736764805FF7648CE
:20785800777D764805FB76487779764808A37648778A7648089F7648778628A910007648C9
:2078680077979A007648779328A91000764877A49A00764877A028A91000764877B19A0006
:20787800764877AD28A91000764877D89A00764877D428A91000764877CB9A00764877C706
:2078880028A91000764876F99A00764876F528A91000764877209A007648771C28A910000D
:20789800764877139A007648770F28A91000764877069A007648770228A910007648775453
:2078A8009A007648775028A91000764877479A007648774328A91000764877E59A007648DF
:2078B80077E128A91000764876F19A00764876ED0006B2BD8F00B0E68F40BAC676C0BB19A4
:2078C8008D00BB00BE188D40BADF2B812B802B872B852B84000EFFFB761F02998F00B950E4
:2078D8008F40B7DC76C0BA008D00B980BE23310002002B392B3A2B852B84A9801E87000E60
:2078E800FFFC7648783502008BBE2B3B2B3C2B381E3E0006FF588AA960039A0000069A0016
:2078F8009B400FA46806A8A92901FF49093F6F0FFF2F10000FA46806A8A92901FF4B09FFBF
:207908006F06A8A92901FF4DFF1003FFBE041EA72901B50900A6A8AB0200F61F561700A77F
:20791800A9A907A7FF401EA792A70006B6009A00BE0F27C59B012DA9FF67CFAB610728AC75
:20792800000F9B0174ACFF6799A79C01000EFFF47FC40006B6009A00BE0727C59B012DA974
:20793800FF67CFAB610728AC00079B0174ACFF6799A79C01000EFFF47FC40006B2BDFE0254
:2079480058A92901FF20FFFFD88188A08BA42841FFFF2B420FA661252901C5A15CAD5DAD75
:2079580092C7DC82DD8296425CA45DA576487932BE0756030842F241B50B00A64F415603CC
:207968000141562A0C41560301411CA98005562A0D41D88188A0FF20FFFFD9010FA660DED2
:207978005CAD5DADDC81DD815CA45DA57648791E560308419341FFD7CBA992A8FE828BBE07
:20798800000693C492A8FFC788A9560308A894A60006FE0292409642FE8200062BACBE0340
:2079980080C492A7523068035239690428A9FFFF0006350A94A7DC019CD02DA9000EFFF200
:2079A80000062BACBE0280C492A7523068035239690428A9FFFF0006350A94A7DC019CD028
:2079B8002DA9000EFFF2000652006302FF5C000680A988A89A0195A72BAC27A894AB93A76D
:2079C800600992A660039A0000069A02DF0194AB6F0493A660029CFF5200611088A9D000D3
:2079D8002BAADE810EA727A00FAB6105350A94949CD02DA9D801000EFFF792AC000683A4CE
:2079E800B600BE045CC592A4523068035239690402001901000606A7DCB0FF32DD01FF5A08
:2079F80006A7FF3007AB0DA41EA7000EFFED00065DC492A552306803523969040200190112
:207A08000006BE005239660F06A6DDB0FF321EA7DC0106A6FF3007A70DA55DC41EA692A537
:207A1800523067F106A600065DC4B600BE0192A5523068145239661D5239661206A7DDB0AC
:207A2800DC01FF32FF5A06A7FF3007AB0DA55DC41EA792A5523067F16F03522E600A522EC4
:207A38006008DC015DC492A5523068035239690402001901000606A7DDB0DE81FF32DC01E3
:207A4800FF5A06A7FF3007AB0DA51EA792A660EB06A70006FF5A92A45202611F520361165B
:207A58005204610B5205600F8F0027100200F61F561700A492AB6F1B8F0003E80200F61F40
:207A6800561700A4020A1EA66F0E02641EA60200F61F561700A66FF7020A1EA60200F61FFF
:207A7800561700A60200F61F561700A69C3000061EA783A48F01869FA8A90FA756B701A089
:207A8800670476C1869FD00006A7D40576487A5296C556BF2ECDD40406A776487A5296D552
:207A9800D40306A776487A5296DDD40206A776487A5296E5D40106A776487A5296ED2BF516
:207AA80092A000061BA9270F83A4562A09A056B901A769048D00270FB6000EA0D40476485B
:207AB8007A5296C556BF2ECDD4030EA076487A5296D5D4020EA076487A5296DDD4010EA0F9
:207AC80076487A5296E52BED92A700061BA903E783A4562A09A056B901A769048D0003E7A9
:207AD800B6000EA0D40376487A5296C556BF2ECDD4020EA076487A5296D5D4010EA07648A4
:207AE8007A5296DD2BE592A70006526383A4562A09A056B901A756B663A056B600A7D4029C
:207AF8000EA076487A52D40196C556BF2ECD0EA076487A5296D52BDD92A700061EA783A420
:207B08008F01869FA8A90FA756B701A0670476C1869FD00006A7D40576487A5296C5D40419
:207B180006A776487A5296CD56BF2ED5D40306A776487A5296DDD40206A776487A5296E592
:207B2800D40106A776487A5296ED2BF592A000061BA9270F83A4562A09A056B901A76904E8
:207B38008D00270FB6000EA0D40476487A5296C5D4030EA076487A5296CD56BF2ED5D402E9
:207B48000EA076487A5296DDD4010EA076487A5296E52BED92A700061BA903E783A4562A3E
:207B580009A056B901A769048D0003E7B6000EA0D40376487A5296C5D4020EA076487A529B
:207B680096CD56BF2ED5D4010EA076487A5296DD2BE592A700061EA692A45202610F5203A0
:207B780061095204610392A66F0C06A62901FF4B6F0806A62901FF476F0406A62901FF43D8
:207B8800900F520969039B376F029B3094A8000652FF83A4562A09AB56B901A7690428AB84
:207B980000FFB6000EABD40276487B7396C5D4010EAB76487B7396CD2BD592A700061EA7E1
:207BA80083A48F01869FA8A90FA756B701A0670476C1869FD00006A7D40576487A5296C52A
:207BB800D40406A776487A5296CDD40306A776487A5296D556BF2EDDD40206A776487A5295
:207BC80096E5D40106A776487A5296ED2BF592A000061BA9270F83A4562A09A056B901A73A
:207BD80069048D00270FB6000EA0D40476487A5296C5D4030EA076487A5296CDD4020EA046
:207BE80076487A5296D556BF2EDDD4010EA076487A5296E52BED92A700061EA783A48F010D
:207BF800869FA8A90FA756B701A0670476C1869FD00006A7D40576487A5296C5D40406A70C
:207C080076487A5296CDD40306A776487A5296D5D40206A776487A5296DD56BF2EE5D40179
:207C180006A776487A5296ED2BF592A0000680A983A4D4040EA776487B73D40396C50EA7CA
:207C280076487B73D40296CD0EA776487B73D40196D50EA776487B7396DD2BE59A01000631
:207C38001EA783A48F01869FA8A90FA756B701A0670476C1869FD00006A7D40576487A522F
:207C480096C5D40406A776487A5296CDD40306A776487A5296D5D40206A776487A5296DD56
:207C5800D40106A776487A5296E52BED92A000061BA9270F83A4562A09A056B901A76904C7
:207C68008D00270FB6000EA0D40476487A5296C5D4030EA076487A5296CDD4020EA0764864
:207C78007A5296D5D4010EA076487A5296DD2BE592A700061BA903E783A4562A09A056B9D9
:207C880001A769048D0003E7B6000EA0D40376487A5296C5D4020EA076487A5296CDD401EA
:207C98000EA076487A5296D52BDD92A70006526383A4562A09A056B901A756B663A056B60B
:207CA80000A7D4020EA076487A52D40196C50EA076487A5296CD2BD592A70006520983A47B
:207CB80056B901A769039A09B6000EA9D40176487A5296C52BCD92A70006CDA90055FFC0FE
:207CC800905594A8CDA90033FFC1903394A8CDA9000FFFC3900F94A80006FF5A2901FF4029
:207CD80018AB555518AA555518A9555518A8D55507ABFF5A18AB333318AA3333FF4118A901
:207CE800333318A8F33307ABFF5A18AB0F0F18AA0F0FFF4318A90F0F18A8FF0F07ABFF5A6A
:207CF80018AB00FF18AA00FFFF4790FF07ABFF5A18AA00000EA807AB0006CDA95555FFC0FA
:207D080018A9D55594A8CDA93333FFC118A9F33394A8CDA90F0FFFC318A9FF0F94A8CDA99E
:207D180000FFFFC794A8000693A9FF5E9DFFCEA8CDA90055FFC0905594A8CDA90033FFC185
:207D2800903394A8CDA9000FFFC3900F94A800061EA6FF55FF5A290106A61901CEABCFAAC1
:207D3800FF5A18AB555518AA5555FF4018A9555518A8D55507ABFF5A18AB333318AA333309
:207D4800FF4118A9333318A8F33307ABFF5A18AB0F0F18AA0F0FFF4318A90F0F18A8FF0F13
:207D580007ABFF5A18AB00FF18AA00FFFF4790FF07ABFF5A18AA00000EA807AB1EA692A677
:207D6800000693A9FF5E9DFFCEA8CDA95555FFC018A9D55594A8CDA93333FFC118A9F333C1
:207D780094A8CDA90F0FFFC318A9FF0F94A8CDA900FFFFC794A800062BACBE0180C492A7BE
:207D880052306803523969039AFF0006350A94A7DC019CD02DA9000EFFF3000692C45230E1
:207D98006803523969039AFF00069CD0000652006302FF5C000688A992A555A663042BC487
:207DA8009B006F030AC493C454A866049A012BC400069A00000688A992A555A665042BC438
:207DB8009B006F030AC493C454A866049A012BC400069A00000688A9924355A6640793A53F
:207DC80055A662042BC49B006F030AC493C454A866049A012BC400069A00000688A992437D
:207DD80055A6640793A555A662040AC493C46F032BC49B0054A866049A012BC400069A00DB
:207DE800000692C461050BC461039A0000069A01000606C461080201564100C406C4610386
:207DF8009A0000069A01000688A992A555A663042BC49B006F030AC493C454A866049A013E
:207E08002BC400069A00000688A992A555A665042BC49B006F030AC493C454A866049A01D7
:207E18002BC400069A00000688A9924355A6640793A555A662042BC49B006F030AC493C48F
:207E280054A866049A012BC400069A00000688A9924355A6640793A555A662040AC493C47A
:207E38006F032BC49B0054A866049A012BC400069A00000692C461050BC461039A00000609
:207E48009A010006B2BD27A95DA9C5A4AABDD204A0A95CA276487B7352306005DA8192A225
:207E5800520166F792A2D000610F5DA28BA72BAADD8192A29EA05CA9A9A976487B73D80134
:207E68009681000DFFF82B9786BE8BBE0006B2BD2DA95DA9C5A4AABDA2BDD305A0A95CA3F0
:207E780076487A5252306005DB8192A3520166F792A3D000610F5DA38BA75AACDD8192A3F8
:207E88009EA05CA9AAA976487A52D8019681000DFFF82B9782BE86BE8BBE000688431EA7A1
:207E98009A0193A695A594A858A992A5600892A661299A0294A8DD0158A96F0492A660025A
:207EA800D88192A0611FDC819EA552016116020A1EA6A3A70200F61F561700A628AB000A24
:207EB80088A92BAAA9ACA3A7DE3002007E94F61F561700ACA9A76F0356BF2E94D88192A091
:207EC80060E400065300610688A8DE819684000EFFFF00065200C5A461059CFF5CA9F7A47F
:207ED80024850006761F02E3921A0006761F02E392190006761F02E3921D0006761F02E3DB
:207EE800921C0006761F02E392110006761F02E392120006761F02E392130006761F02E3E0
:207EF80092140006761F02E392250006761F02E392170006761F02E392160006761F02E3BC
:207F080092220006761F02E392210006761F02E392230006761F02E3921F0006761F02E38C
:207F1800921A541762069222541A6504921A000692170006761F02E392100006761F02E342
:207F28009210FFCE0006761F02D74B385DA96D14761F02E3932B9A008F00B8F79D0A7648D7
:207F38007E0C5200611A761F02D79A1C1A380800764863550006761F02E3882B5DA89A000C
:207F48008F00B8F7DEE493A676487DFC52006105761F02D71838F7FF0006B2BDFE0276480A
:207F58006B4959A9520056B400A176485B5F520560087648B0685203600428AB000A6F0341
:207F680028AB005292A1761F02E35428691454296610932928AC006492AB9FA174AC12A8F0
:207F780093299F2800C8C15593AB95A997186F053F186F0356BF641876485B5F520560055B
:207F88007648B06852036123764808EFBE64761F02E32D1830A9C24200C8BFED961A7648D5
:207F980063E9761F02E3541A6506764863E9761F02E3961A764808EF761F02E3541A6612E1
:207FA800764808EF761F02E3961A6F0C7648B2DCBE64761F02E32D1830A9C24200C8BFEDE1
:207FB80096199218526460041810FFFD6F031A100002FE828BBE0006B2BDAABD59A95AA8CB
:207FC80076486B49761F02D74A386D14761F02E393295DA18F00B8F69D0A76487E0C520004
:207FD8006118761F02D79A1B1A380400764863556F10761F02E393295DA28F00B8F69D9CF7
:207FE80076487DFC52006105761F02D71838FBFF86BE8BBE0006FE0276485B5F520560030D
:207FF8007648B068761F02E356BF641B76485B5F520560057648B06852036123764808EFED
:20800800BE64761F02E32D1B30A9C24200C8BFED961D764863E9761F02E3541D6506764852
:2080180063E9761F02E3961D764808EF761F02E3541D6612764808EF761F02E3961D6F0C5A
:208028007648B2DCBE64761F02E32D1B30A9C24200C8BFED961C921B526460041810FFFB1C
:208038006F031A100004FE820006761F02E32D1280A93B019611351F81A7813A1EA692A60A
:20804800901F963A06A6FF4496120006761F02E356030FA918107FFF98100006761F02E3A3
:208058002D1480A93B019613351F81A7813B1EA692A6901F963B06A6FF44961400067648A8
:208068006B6152006415761F02E3542C6911542D660C2D2D74AC352A932D9F2C00C8C155B8
:208078009B3A95A9971E6F0856BF3A1E6F05761F02E356BF641E2D1E350A1BA9015E961F55
:2080880064071BA903E86406281F03E86F03281F015E921E526460041810FFF700061A10F2
:2080980000080006B2BDAABD59A95AA876486B61761F02D74E346D11761F02E3932D5DA1B0
:2080A8008F00B8F49D0A76487E0C52006115761F02D71A3440006F10761F02E3932D5DA212
:2080B8008F00B8F49D9C76487DFC52006105761F02D71834BFFF86BE8BBE0006B2BDAABD64
:2080C800A2BDFE029641764808EF761F02E39631764808EF76485B5F5203605F76486BB151
:2080D800520059A96303FF5C59A9761F02E35A11761F02D95B1676486385BE0A0EA9F60F81
:2080E8001FA654A36707764863859B0A00C8C1555BA992A354A1640B54A1650D761F02E3A7
:2080F8000A339233520A65070A326F04761F02E30B322B3392A2761F02E3543263027A3295
:208108005431640654316506083100056F039A057431923254316503923196327648060F75
:2081180052006009761F02E31B3205DC630B283205DC6F08761F02E31B32076C63032832CA
:20812800076C92415432640D933208A8019054A8650908A9FE706F05761F02E39211963113
:20813800963293329232FE82972382BE86BE8BBE0006B2BDFE027648897A59A976485B5F1F
:20814800520560037648B0681BA106E063161BA10384640F2DA1355A28A8035C08A9C3981E
:2081580000C8C155761F02E39B0A95A997246F05761F02E356BF0A2476485B5F520560268B
:208168007648B0685203602276480623BE64761F02E32D2430A9C24200C8BFED8BA9764833
:208178006B95BE642DA912A1C24200C8BFED761F02E39625764863D1761F02E35425630641
:20818800764863D1761F02E39625761F02E392245264610E76485B5F5205600A7648B0684C
:2081980052036006761F02E31A1000406F05761F02E31810FFBFFE828BBE0006B2BDFE0216
:2081A80076486B6959A9520056B400A176485B5F520560087648B0685203600428AB000A83
:2081B8006F0328AB005292A1761F02E35426691454276610932728AC006492AB9FA174ACEC
:2081C80012A893279F2600C8C15593AB95A997156F053F156F0356BF641576485B5F5205C1
:2081D80060057648B06852036123764808EFBE64761F02E32D1530A9C24200C8BFED9617E2
:2081E800764863E9761F02E354176506764863E9761F02E39617764808EF761F02E3541752
:2081F8006612764808EF761F02E396176F0C7648B2DCBE64761F02E32D1530A9C24200C8C9
:20820800BFED96169215526460041810FFFE6F031A100001FE828BBE0006B2BDAABD59A9D4
:208218005AA876486B69761F02D79339FFD4CB3948A86D14761F02E393275DA18F00B8F5C2
:208228009D0A76487E0C52006118761F02D79A291A390100764863556F10761F02E39327CE
:208238005DA28F00B8F59D9C76487DFC52006105761F02D71839DEFF86BE8BBE00067648D6
:2082480063E1761F02E39611764863E1761F02E3281303E8281403E856BF641596127648F4
:2082580063D1761F02E39616764863E1761F02E356BF64189617764863D1761F02E39619D7
:20826800764863E1761F02E356BF641B961A764863D1761F02E3961C764863E1761F02E39C
:2082780056BF641E281F03E856BF6420961D764863D1761F02E39621764863E1761F02E332
:208288009622764863E1761F02E356BF64249623764863D1761F02E396250006761F02E3A5
:2082980028108000764863FD761F02E3962676486401761F02E39627764863F5761F02E3D0
:2082A8009628764863F9761F02E3962976486379761F02E3962A7648637D761F02E3962BF8
:2082B80076486395761F02E3962C76486399761F02E3962D764882470006761F02E34F1057
:2082C8006D04764882476F09764881A676487F55764880677648814176487F167648803DBC
:2082D80076487F12764880560006B2BDAABD5AA8A2BD5BA976486BBD761F02D759A9493C87
:2082E8006D147648644793A95DA38F00B8F992A176487E0C52006119761F02D79A5A1A3C11
:2082F8000200764863556F11764864479C9C5DA293A98F00B8F992A176487DFC5200610530
:20830800761F02D7183CFDFF82BE86BE8BBE0006B2BDAABD5AA8A2BD5BA976486BC5761F06
:2083180002D759A9483C6D147648644B93A95DA38F00B8F892A176487E0C52006119761FA1
:2083280002D79A591A3C0100764863556F117648644B9C9C5DA293A98F00B8F892A176480C
:208338007DFC52006105761F02D7183CFEFF82BE86BE8BBE0006B2BDAABDA2BDFE0276486F
:208348005B5F5200FFE100DA76486B955AA976485B5F520560057648B06852036109764807
:208358005174520156B052A156B134A16F02D10A7648644328AC023012A954A2692F76485A
:20836800644328AC021212A954A267247648644328AC021233A992A228AC0064EAAB92A1CD
:2083780074AC12AB5BA97648644328AC021212A986A97648644328AC023012A99EA293A92B
:2083880092A300C8C155761F02E393A195A997206F09761F02E379206F05761F02E356BF91
:20839800642076485B5F520560057648B0685203613E7648513FBE64761F02E32D2030A933
:2083A800C24200C8BFED962F7648995C52146206764808EF761F02E3962F761F02E3922FC8
:2083B8005422680C542269070A309230520A69080A226F05922F96226F020B222B3076483C
:2083C80063E9761F02E354226506764863E9761F02E39622764808EF761F02E3542266297E
:2083D800764808EF761F02E396226F2376480847BE64761F02E32D2030A9C24200C8BFEDC5
:2083E8008BA976486B958F0003E82DA9A84212A100C8BFED761F02E39621764863D1761F6A
:2083F80002E354216306764863D1761F02E3962192205264611A76485B5F520560057648AA
:20840800B0685203610976485B5F5203600E7648B0685202600A761F02E31A100020761F55
:2084180002D71A3300026F09761F02E31810FFDF761F02D71833FFFDFE8282BE86BE8BBE22
:208428000006761BFFF0E20000BDE63006002942561676256F00761BFFF0E20000BDE630DD
:2084380006002942561676256F00761BFFF0E20000BDE63006002942561676256F00761B90
:20844800FFF0E20000BDE63006002942561676256F00761BFFF0E20000BDE63006002942E3
:20845800561676256F00761BFFF0E20000BDE63006002942561676256F00761BFFF0E20010
:2084680000BDE63006002942561676256F00761BFFF0E20000BDE63006002942561676258D
:208478006F00761BFFF0E20000BDE63006002942561676256F00761BFFF0E20000BDE63024
:2084880006002942561676256F00761BFFF0E20000BDE63006002942561676256F00761B40
:20849800FFF0E20000BDE63006002942561676256F00761BFFF0E20000BDE6300600294293
:2084A800561676256F00761BFFF0E20000BDE63006002942561676256F00761BFFF0E200C0
:2084B80000BDE63006002942561676256F00761BFFF0E20000BDE63006002942561676253D
:2084C8006F00761BFFF0E20000BDE63006002942561676256F00761BFFF0E20000BDE630D4
:2084D80006002942561676256F00761BFFF0E20000BDE63006002942561676256F00761BF0
:2084E800FFF0E20000BDE63006002942561676256F00761BFFF0E20000BDE6300600294243
:2084F800561676256F00761BFFF0E20000BDE63006002942561676256F00761BFFF0E20070
:2085080000BDE63006002942561676256F00761BFFF0E20000BDE6300600294256167625EC
:208518006F00761BFFF0E20000BDE63006002942561676256F00761BFFF0E20000BDE63083
:2085280006002942561676256F00761BFFF0E20000BDE63006002942561676256F00761B9F
:20853800FFF0E20000BDE63006002942561676256F00761BFFF0E20000BDE63006002942F2
:20854800561676256F00761BFFF0E20000BDE63006002942561676256F00761BFFF0E2001F
:2085580000BDE63006002942561676256F00761BFFF0E20000BDE63006002942561676259C
:208568006F00761BFFF0E20000BDE63006002942561676256F00761BFFF0E20000BDE63033
:2085780006002942561676256F00761BFFF0E20000BDE63006002942561676256F00761B4F
:20858800FFF0E20000BDE63006002942561676256F00761BFFF0E20000BDE63006002942A2
:20859800561676256F00761BFFF0E20000BDE63006002942561676256F00761BFFF0E200CF
:2085A80000BDE63006002942561676256F00761BFFF0E20000BDE63006002942561676254C
:2085B8006F00761BFFF0E20000BDE63006002942561676256F00761BFFF0E20000BDE630E3
:2085C80006002942561676256F00761BFFF0E20000BDE63006002942561676256F00761BFF
:2085D800FFF0E20000BDE63006002942561676256F00761BFFF0E20000BDE6300600294252
:2085E800561676256F00761BFFF0E20000BDE63006002942561676256F00761BFFF0E2007F
:2085F80000BDE63006002942561676256F00761BFFF0E20000BDE6300600294256167625FC
:208608006F00761BFFF0E20000BDE63006002942561676256F00761BFFF0E20000BDE63092
:2086180006002942561676256F00761BFFF0E20000BDE63006002942561676256F00761BAE
:20862800FFF0E20000BDE63006002942561676256F00761BFFF0E20000BDE6300600294201
:20863800561676256F00761BFFF0E20000BDE63006002942561676256F00761BFFF0E2002E
:2086480000BDE63006002942561676256F00761BFFF0E20000BDE6300600294256167625AB
:208658006F00761BFFF0E20000BDE63006002942561676256F00761BFFF0E20000BDE63042
:2086680006002942561676256F00761BFFF0E20000BDE63006002942561676256F00761B5E
:20867800FFF0E20000BDE63006002942561676256F00761BFFF0E20000BDE63006002942B1
:20868800561676256F00761BFFF0E20000BDE63006002942561676256F00761BFFF0E200DE
:2086980000BDE63006002942561676256F00761BFFF0E20000BDE63006002942561676255B
:2086A8006F00761BFFF0E20000BDE63006002942561676256F00761BFFF0E20000BDE630F2
:2086B80006002942561676256F00761BFFF0E20000BDE63006002942561676256F00761B0E
:2086C800FFF0E20000BDE63006002942561676256F00761BFFF0E20000BDE6300600294261
:2086D800561676256F00761BFFF0E20000BDE63006002942561676256F00761BFFF0E2008E
:2086E80000BDE63006002942561676256F00761BFFF0E20000BDE63006002942561676250B
:2086F8006F00761BFFF0E20000BDE63006002942561676256F00761BFFF0E20000BDE630A2
:2087080006002942561676256F00761BFFF0E20000BDE63006002942561676256F00761BBD
:20871800FFF0E20000BDE63006002942561676256F00761BFFF0E20000BDE6300600294210
:20872800561676256F00761BFFF0E20000BDE63006002942561676256F00761BFFF0E2003D
:2087380000BDE63006002942561676256F00761BFFF0E20000BDE6300600294256167625BA
:208748006F00761BFFF0E20000BDE63006002942561676256F00761BFFF0E20000BDE63051
:2087580006002942561676256F00761BFFF0E20000BDE63006002942561676256F00761B6D
:20876800FFF0E20000BDE63006002942561676256F00761BFFF0E20000BDE63006002942C0
:20877800561676256F00761BFFF0E20000BDE63006002942561676256F00761BFFF0E200ED
:2087880000BDE63006002942561676256F00761BFFF0E20000BDE630060029425616E280A3
:2087980000BEFFF176177602761BFFF0E20000BDE63006002942561676256F00761BFFF072
:2087A800E20000BDE63006002942561676256F00761BFFF0E20000BDE63006002942561603
:2087B80076256F00761BFFF0E20000BDE63006002942561676256F00761BFFF0E20000BD5C
:2087C800E63006002942561676256F00761BFFF0E20000BDE63006002942561676256F0078
:2087D800761BFFF0E20000BDE63006002942561676256F00761BFFF0E20000BDE63006002A
:2087E8002942561676256F00761BFFF0E20000BDE63006002942561676256F00761BFFF0F4
:2087F800E20000BDE63006002942561676256F00761BFFF0E20000BDE630060029425616B3
:2088080076256F00761BFFF0E20000BDE63006002942561676256F00761BFFF0E20000BD0B
:20881800E63006002942561676256F00761BFFF0E20000BDE63006002942561676256F0027
:20882800761BFFF0E20000BDE63006002942561676256F00761BFFF0E20000BDE6300600D9
:208838002942561676256F00761BFFF0E20000BDE63006002942561676256F00761BFFF0A3
:20884800E20000BDE63006002942561676256F00761BFFF0E20000BDE63006002942561662
:2088580076256F00761BFFF0E20000BDE63006002942561676256F00761BFFF0E20000BDBB
:20886800E63006002942561676256F00761BFFF0E20000BDE63006002942561676256F00D7
:20887800761BFFF0E20000BDE63006002942561676256F00761BFFF0E20000BDE630060089
:208888002942561676256F00761BFFF0E20000BDE63006002942561676256F00761BFFF053
:20889800E20000BDE63006002942561676256F00761BFFF0E20000BDE63006002942561612
:2088A80076256F00761BFFF0E20000BDE63006002942561676256F00761BFFF0E20000BD6B
:2088B800E63006002942561676256F00761BFFF0E20000BDE63006002942561676256F0087
:2088C800761BFFF0E20000BDE63006002942561676256F00761BFFF0E20000BDE630060039
:2088D8002942561676256F00761BFFF0E20000BDE63006002942561676256F00761BFFF003
:2088E800E20000BDE63006002942561676256F00761BFFF0E20000BDE630060029425616C2
:2088F80076256F00761BFFF0E20000BDE63006002942561676256F00761BFFF0E20000BD1B
:20890800E63006002942561676256F00761BFFF0E20000BDE63006002942561676256F0036
:20891800761BFFF0E20000BDE63006002942561676256F00761BFFF0E20000BDE6300600E8
:208928002942561676256F00761BFFF0E20000BDE63006002942561676256F00761BFFF0B2
:20893800E20000BDE63006002942561676256F00761BFFF0E20000BDE63006002942561671
:2089480076256F00761BFFF0E20000BDE63006002942561676256F00761BFFF0E20000BDCA
:20895800E63006002942561676256F00761BFFF0E20000BDE63006002942561676256F00E6
:20896800761BFFF0E20000BDE63006002942561676256F00761F02DE92030006761F02DE4E
:20897800920C0006761F02DE92000006761F02DE92090006761F02DE92060006761F02DE90
:20898800920F0006761F02DE92070006761F02DE92100006761F02DE92360006761F02DE3F
:2089980092130006761F02DE92080006761F02DE92110006761F02DE92040006761F02DE5B
:2089A800920D0006761F02DE92050006761F02DE920E00068F00B2C20200BE3B0D84000E40
:2089B800FFFFBE3CFF5A0200F61F561700A692AB0006761F02DE92020006761F02DE920BC0
:2089C8000006761F02DE92010006761F02DE920A0006761F02DE92150006B2BDFE02FF587C
:2089D80088498E48630392A46F1E3A4200C8BFFC1EAC92A65201600D92A43B019EA53A42BD
:2089E80085A9564400A900C8BFED93A4EBA96F0B92A53B019EA43A4285A9564400A900C8DB
:2089F800BFED94A4FE828BBE0006761F02DE923400063B10761F02D79231FFC0CA31FFC076
:208A0800CA31FFC0CA3144A96C0429109A016F0329109A00FF6900063B10761F02DE441A97
:208A18006C0429109A016F0329109A00FF6900063B10761F02D79231FFC0CA3144A96C04B4
:208A280029109A016F0329109A00FF6900063B10761F02DE451A6C0429109A016F03291099
:208A38009A00FF6900063B10761F02D79231FFC0CA31FFC0CA31FFC0CA3144A96C042910D6
:208A48009A016F0329109A00FF6900063B10761F02D79231FFC0CA3146A96C0429109A0157
:208A58006F0329109A00FF6900063B10761F02D79231FFC0CA31FFC0CA31FFC0CA3144A9B4
:208A68006C0429109A016F0329109A00FF690006B2BD59A976485B5F5205610A76485B5FD4
:208A780052066106761F02DE2B032B0C6F14761F02DE2D0C3B01761F02DF351F81A1810F5C
:208A88001EA692A6901F960F761F02DE790306A6FF44960C8BBE0006761F02DE80A92D09D9
:208A980096003B01761F02DF351F81A7810C1EA692A6901F960C761F02DE06A6FF4496091D
:208AA8000006761F02DE80A92D0D96043B01761F02DF351F81A781101EA692A6901F961026
:208AB800761F02DE06A6FF44960D0006761F02DE80A92D0E96053B01761F02DF351F81A7EF
:208AC80081111EA692A6901F9611761F02DE06A6FF44960E0006FE0252006005761F02DE70
:208AD8002B026F0E88A928A805F528A9E100761F02DEFF5A0200F61F561700A63F0228AC1A
:208AE800001F300B3B010D02761F02DF810E1EA6FE8292A6901F960E761F02DE06A6FF4491
:208AF800960B0006FE0276485B5F5205610A76485B5F52066106761F02DE2B012B0A6F1CE5
:208B08003B01761F02DE85001E42340703E800C8BFED80A92D0A3B019601761F02DF351F20
:208B180081A7810D1EA692A6901F960D761F02DE06A6FF44960AFE8200062DA93B01761F08
:208B280002DE8500761F02DF5601001A0A0735325407661B3B108807A31A58080200FF692C
:208B38008F00B2C2761F02DEF61F561700A63F323F942910761F02DF0A089208523C6802E6
:208B48002B0802002B071E1AFF690006FE02761F02D79331FFD0CB3144A86D4E761F02DFE6
:208B58009216761F02DE8F00B7BB9429931D5DA9920076487DFC52016005761F02D71A3132
:208B68000020761F02DF9216761F02DE8F00B7BC942A931E5DA9920076487DFC5201600542
:208B7800761F02D71A310020761F02DF9218761F02DE8F00B7BD942B931B5DA992007648A9
:208B88007E0C52016005761F02D71A310010761F02DF9218761F02DE8F00B7BE942C931CBA
:208B98005DA9920076487E0C5201601C761F02D71A3100106F17761F02DE96418F00B7BA73
:208BA8005D20931F920076487E2F5201600B761F02D71831FFCF761F02DE2B3B2B3C2B3D94
:208BB8002B3EFE82000676C0BC16761F02F092CF96C7BE0392D79617761F02DE9300761FED
:208BC80002F0971894169418761F02DE0EA9F60F1FA688A928AC00B52901961230A6FF46F9
:208BD80096130006B2BDAABDFE0276485B5F5205610776485B5F52066103D1006F0A764885
:208BE80099305AA976488DFA3B0194A285A98BA992A1764879BC5AA9761F02DE9203764897
:208BF80079BC54A269063B01761F02DE85038BA992A1764879BC761F02DE2D0396073303B8
:208C08002D0712075621000703ABABA462032B066F09764878F2761F02DE960656210007BF
:208C1800ABA4920760032B086F07340303E8A84200C8BFED96082D0F3B01351F810681371F
:208C28001EA62D1092A6901F963706A6FF44960F351F813807A41EA62D1192A6901F963874
:208C380006A6FF449610351F810881391EA6FE8292A686BE901F96398BBE06A6FF449611D3
:208C48000006761F02DE2B140006761F02DE0A14541467161A1AE8332B142B002B012B03C1
:208C58002B042B022B092B0A2B0C2B0D2B0B761F02D71A3100F0761F02DE181AFFDF7648A6
:208C680063B15200601D7648060F5200600A761F02DE281D0320281E0320282003846F09ED
:208C7800761F02DE281D06A4281E06A428200708281B0AF0281C0AF0281F0A8C6F1C764890
:208C8800060F5200600A761F02DE281D028A281E028A282002BC6F09761F02DE281D038424
:208C9800281E0384282003B6281B0578281C0578281F0546282119642822196428230FA054
:208CA80028240FA02825189C2826106800069A0A76488B250A0992091BA901F462045200B3
:208CB80061036F072B09764889B2761F02DE9633761F02DECC1A0400CD1AFFFBFFC7CAA8DF
:208CC800961A0006761F02DE451A6C0D76485B5F5202610576485B5F52056005761F02DEAE
:208CD800181AFFDF00060006761F02DE8F00B2C202002B312B33BE00761F02DFF63B2B8418
:208CE8001E18C2160006FE02761F02D7933188A9FFD0CB3146A86D3E761F02DE8F00B7C016
:208CF800920293235D2F76487DFC52016005761F02D71A310080761F02DE8F00B7C192024E
:208D080093245D3076487DFC52016005761F02D71A310080761F02DE8F00B7C2920293211A
:208D18005D2D76487E0C52006105761F02D71A310040761F02DE8F00B7C3920293225D2E66
:208D280076487E0C5200611C761F02D71A3100406F17761F02DE7E418F00B7BF5D26932521
:208D3800920276487E2F5201600B761F02D71831FF3F761F02DF2B002B012B022B03FE82C1
:208D48000006761F02D749315DA86D1093A9761F02DE8F00B7C4920376487E0C520061163A
:208D5800761F02D71A310200000693A9761F02DE8F00B7C4920308A8FE0C76487DFC5200A7
:208D68006105761F02D71831FDFF0006B2BDAABD59A95AA876485B5F52005DA2612B761F08
:208D780002D74A3C6D17761F02DE93A18F00B7C5920176487E0C5200611D761F02D71A3CD5
:208D8800040076485B5F520461159A5B764863556F11761F02DE93A18F00B7C5920108A8A1
:208D9800FE0C76487DFC52006105761F02D7183CFBFF86BE8BBE0006B2BDAABD59A95AA899
:208DA80076485B5F52005DA2612B761F02D74A3C6D17761F02DE93A18F00B7C692017648D8
:208DB8007E0C5200611D761F02D71A3C040076485B5F520461159A5B764863556F11761FB5
:208DC80002DE93A18F00B7C6920108A8FE0C76487DFC52006105761F02D7183CFBFF86BE2F
:208DD8008BBE0006761F02EA92140006761F02EA921D0006761F02EA92020006761F02EA2D
:208DE800920D0006761F02EA92000006761F02EA920A0006761F02EA92070006761F02EAE9
:208DF80092110006761F02EA92080006761F02EA92120006761F02EA92090006761F02EAC3
:208E080092130006761F02EA92030006761F02EA920C0006761F02EA92040006761F02EAC0
:208E1800920E0006761F02EA92050006761F02EA920F0006761F02EA92060006761F02EAAE
:208E280092100006761F02EA92010006761F02EA920B0006761F02EA92160006761F02EA94
:208E380092170006761F02EA922B0006761F02EA921C0006761F02EA1B15FDE866068F0061
:208E4800BAC292152BC46F0828A9FFFF8F00BAC29E1556BF01C496CC00063B10761F02EAE6
:208E580042316C0429109A016F0329109A00FF690006761F02EACC310004FFC100063B10FD
:208E6800761F02EA961D2910FF6900063B10761F02EA961F2910FF690006761F02EA2D0D2C
:208E780080A93B019602351F81A7813C1EA692A6901F963C06A6FF44960D0006761F02EA0E
:208E88002D0A80A93B019600351F81A7813A1EA692A6901F963A06A6FF44960A0006FE0251
:208E980052006005761F02EA2B036F0D3B0185A91E4228A9E10028A805F500C8BFED761F89
:208EA80002EA96032D0C3B01351F8103813E1EA6FE8292A6901F963E06A6FF44960C000683
:208EB800761F02EA2D0E80A93B019604351F81A7813D1EA692A6901F963D06A6FF44960E94
:208EC8000006761F02EA2D0B80A93B019601351F81A7813B1EA692A6901F963B06A6FF442C
:208ED800960B00063B10761F02EA96162910FF6900063B10761F02EA96172910FF69000694
:208EE8003B10761F02EA962B2910FF6900063B10761F02EA961C2910FF690006761F02EA90
:208EF8009E0088A92DA4801F1BA601F463071BA6FE0C620676BFFE0C6F03768001F43336C3
:208F08002DA8761F02D812A69EAB94A79301761F02EA7E36962060071BA9317E64072820BD
:208F1800317D6F0A1BA92C306205520056B501206F0328202C303B109220961F2910FF69A4
:208F28000006B2BDAABDFE02761F02EA8F0003E82D001201A842FF12007D00C8BFED8BA9F2
:208F380092A1764879BC761F02EA5AA99202764879BC54A269063B01761F02EA85028BA90B
:208F480092A1764879BC761F02EA2D02960833022D0812085621000803ABABA462032B07FE
:208F58006F09764878F2761F02EA960756210008ABA4920860032B096F07340203E8A842BB
:208F680000C8BFED96092D113B01351F810781321EA62D1292A6901F963206A6FF44961185
:208F7800351F813307A41EA62D1392A6901F963306A6FF449612351F810981341EA6FE8204
:208F880092A686BE901F96348BBE06A6FF4496130006FE0288A9761F02EA92215204642EA0
:208F98003B018521761F02EB1E42060400C8BFED761F02EA93A6BE002B21761F02EB9FA9E9
:208FA800C2046305761F02EA0A246F04761F02EA0B241B24012C63071B24FED4620628240E
:208FB800FED46F032824012C3B1092249B0AFF6900C8C08D962229106F083B010A21850E57
:208FC800761F02EB56010004FE82FF69000688A9761F02EA2DA60E2F372FA9A701A62BAACA
:208FD800272F1EAC560500AB2DA612AC560301A95CA906A7FF310DA407AB8AA906A7FF306B
:208FE80007AB1EA7560301A62DA9373041316D08A8A90FAB690B06A70FAB690D6F0AA8A9A8
:208FF8000FAB690706A70FAB690692A6742E000692A6722E000680A976488DDA88A85DA917
:2090080092CC55A769079FA71A31000128AB00016F0693A72BAB1831FFFE9FA6972F93C4EB
:20901800602293A7FFD055A9671A1A31000254A728AA0001690F93A655A966099EA71A3165
:20902800000128AB0001962F2B306F1574A67E306F0F54A667FA74A77F306F0A1831FFFD86
:209038002BAA6F051A31000228AA00019630921954306804921A542F670992182B35543021
:2090480067103B101831FFFB6F0B42316D0A0A359235520569062B353B101A3100042910A0
:2090580092AB600692AA60069A12742E6F0A92AA60069A12FF6976488FCF6F03082E001260
:2090680092A5542E6909922E941754A5660A92A59E17962E6F06921794A5542E562A092EA9
:20907800FF6900067648513F2DA9761F02EA28A9090D36A9562F061E00067648907A2B213C
:209088002B222B232B242B252B262B272B282B292B2A0200761F02EB1E04764808F7520139
:209098006114764808F75200601E761F02EA282B4E20282E4E20282C3A4D282D66CC281B0B
:2090A80040007648AC626F0F761F02EA282B411B282E411B282C3A4D282D66CC281B4CCD7E
:2090B8007648AC119A007648B1490006761F02D7B2BD4239AABD5AA96D2D7648B06852023F
:2090C80061057648B06852016044764863D98D40BAB7761F02EA93A95DA28AA192007648E6
:2090D8007E0C5200600C761F02EA5DA28AA128A80384920076487DFC5200612B761F02EA06
:2090E8009A232B3776486355761F02D71A3900046F20764863D58D40BAB7761F02EA93A98E
:2090F8005DA28AA1920076487DFC5200600B761F02EA5DA28AA19B00920076487E0C520036
:209108006108761F02D71839FFFB761F02EA2B3786BE8BBE0006B2BD59A976485B5F520371
:20911800610576485B5F520D601676488DEA1BA901F4631192015264650E0A3992A1543963
:20912800670D2B399A2676486355761F02D71A3900206F04761F02EA2B398BBE0006761FFC
:2091380002D7B2BD433959A96D2976485B5F5203603B7648B068520261057648B06852019A
:209148006033764863F1761F02EA93A95DA18F00BAB8920176487E0C52006126761F02EA71
:209158002B38761F02D71A39000876485B5F5204611B9A24764863556F17764863F108A904
:20916800FE0C761F02EA5DA193A98F00BAB8920176487DFC52006108761F02D71839FFF7E7
:20917800761F02EA2B388BBE000676488E3A542E680976488E3A9E2E5208690A082E0008CE
:209188006F1176488E3A932E9FA95308660976488E3A962E3B101A31000429106F039A08BD
:20919800742EFF690006B2BDAABD76485B5F520061167648897E1BA90258641176488DDA13
:2091A80059A976488E4286A47648C0FD93A976488E328AA292A1764890036F037648917DCA
:2091B800922D9C64542E6807922C9C9C542E562A062E6F02962E3B10FF2F2710FF5A922EBD
:2091C800FFC088A9A9A90DA6882EFF69FF5A0200F61F561700A63F1B291086BEFF698BBE69
:2091D8000006761F02EA02002B212B222B232B242B25761F02EB1E040006761F02EA2B26EC
:2091E8002B272B282B292B2A0006761F02DD92390006761F02DD92060006761F02DD9207AF
:2091F8000006761F02DD92100006761F02DD920F0006761F02DD920E0006761F02DD920EEC
:209208000006761F02DD28080D7A28090BEA280D0BEA280A0B8656BF140B7648088F761FE4
:2092180002DDBEC896129C640EA9F60F1FA6BE0596130E12F60F1FA688A99614560301A677
:2092280096159312FFD09716560302A696177648081B761F02DD960696107648081F761F9B
:2092380002DD541267047648081F6F029212761F02DD28AC002996072901300728AC00CD5C
:20924800FF4B961A300728AC0333FF4B961B300728AC0CCDFF4B961C300728AC0FD7FF4BB5
:20925800961D300728AC0064FF4B961E3006FF5A9207FFC088A9A9A90DA6880756BF641F92
:20926800FF5A0200F61F561700A63F0E3F113007FF5A9212FFC088A956BF322056BF0A21FB
:20927800A9A90DA6881228220BB8FF5A0200F61F561700A63F0F76480817761F02DD5407AD
:2092880067055200562A003960039206963928AC006430A9FF5A9207FFC088A9A9A90DA68D
:209298008807FF5A0200F61F561700A63F38000676485B5F5200612876485B5F5201612484
:2092A800761F02DD1823FFF676486B2552006513761F02DD49236D0B922861069CFF523252
:2092B8009628660F2B281A2302006F0B0A28922852646807761F02DD56BF64281823FDFFFA
:2092C8001823FAF96F08761F02DD1823F8F02B281A2302002B262B272B252B240006761FDB
:2092D80002DD1823F8F02B0E56BF640F2B102B3856BF0A3A1A2302007648920900063B01E2
:2092E800761F02DD85A907361EA61E36FF25FB9B0FA663102901FF208CA00F3662095641D1
:2092F80000369239541E67109C010A396F0D92396F0B2901FF208CA0560100369239541A90
:2093080069039CFF0B3928AC006430A9FF5A9207FFC088A9A9A90DA68807FF5A0200F61F03
:20931800561700A63F3800063B01761F02DD85A907341EA61E34FF25FB9B0FA66339290141
:20932800FF208CA00F34621756410034921E540669020A06CC230010FFC344236D0A764871
:209338006B2552C86408761F02DD1A2300106F0A0A196F06761F02DDCC230010FFC35200A6
:209348006122020107321EA68F02BF201E32A8A90FA6660502001823FFEF1E3276486B2588
:2093580052A06316761F02DD1823FFEF6F112901FF208CA056010034921A540667020B06ED
:209368001823FFEFBE00920696189619C2327648017B5201611D761F02DD40236D17432349
:209378006D1348236D0C41236D0842236C1A921D5406562A06060006921C6F02921B5406EC
:20938800562A0806000692076F092B060006761F02EFCC32FFFE60059235761F02DD96062C
:209398000006FE02764892055264607D44236C7B92198F0002589E182DA91823FFEF920797
:2093A800A8429E1888A9FF20012C073200C8BFED520062039A006F073B0185A91E42353CD9
:2093B80000C8BFED93ACB6002B182B195514C332685A93A6551468575414685592A63B018B
:2093C80085A91E42300700C8BFED93AC80A95517670B5515670593139D02FFD16F06931300
:2093D8009D01FFD06F029313880792A654A7680554A769059EA86F0294A888A9541280A6A9
:2093E80066055416670588166F02881280A628AC0029290130A728AC00CDFF4B961A30A7E5
:2093F80028AC0333FF4B961B30A728AC0CCDFF4B961C30A728AC0FD7FF4B961D30A728AC97
:209408000064FF4B961E30A7FF5A9212FFC080A9A9A90DA780127E07FF5A0200F61F56172C
:2094180000A73F0FFE820006761F02DD0A2DB2BD542DFFE6008A883892112B2D9EA693110C
:2094280080A9610492115264600392A7604B9231600A92A73B0185A9FF562DA9520056B2A1
:209438000131620A92315201606692A761613B0185A9FF562DA935059C1E59A952646605F3
:20944800520A6704D10A6F02D16492A762105200635276486BB15200621676486BB152003A
:20945800641D761F02DD56BF0A3A6F1676486BB15200621476486BB152006405761F02DD76
:2094680088386F370264761F02DDFF5A0200F61F561700A13F3A88386F2E761F02DD793A29
:209478006FFB9230600C92A73B0156BF013085A9FF56520656B4052F56B3022F922F0A2E35
:20948800542E661992A6541167069339551E6704951A6F0C933954116905551A69039F1AB2
:209498006F05881193062B307E3897392B2E2B3156BF0A3A92A652646605520060049A0076
:2094A8006F029A64960E8BBE0006761F02DD0A2A542A663A880E80110EA62B2A0FA7611124
:2094B80092A6541168039E116F0392119E0EB6140EA9F60F1FA79C01542B562A062B6F0292
:2094C8002B2B920E5411680C54116915542B6918922B941154A6660E92A69E2B6F09922BCC
:2094D80094A65264670F5411660592A6942B88A96F02881192A65264660552006004BE003F
:2094E8006F02BE647E0E0006761F02DD930B61295219630928AC001992AC9E0C2DA9120B04
:2094F80093A96F029B0028A927109EA8530064061BA8271065059A006F0328A927103B014D
:20950800880685A98F0027101EAC564400A6FF130271FF5A0200F61F561700A43F106F03F0
:20951800920696107648017B52016016761F02EFCC32FFFD601128AC0064761F02DD301015
:20952800761F02EF8834FF5A92A6FFC080A988A6A9A90DA76F0D28AC0064761F02DD3010CC
:20953800FF5A9207FFC088A9A9A90DA68807FF5A761F02DD0200F61F561700A63F11000650
:20954800761F02DD960C0006761F02DDB2BD540759A9AABD6902590728AC006430A1FF5A13
:209558009207FFC088A9A9A90DA68807FF5A0200F61F561700A65AAB3B10FF6992A17648AA
:209568001757761F02DD790679397A117A0E7A382910FF6986BE8BBE0006761F02DDB2BDF4
:20957800541259A9AABD6902591228AC006430A1FF5A9212FFC088A9A9A90DA68812FF5A40
:209588000200F61F561700A65AAB3B10FF6992A17648175E761F02DD79077A0F2910FF695D
:2095980092067648954C86BE8BBE00060000010C02180324042F053B06460750085A0964B6
:2095A8000A6D0B760C7C0D830E880F8D10901193129413941492158F168B1785187D197427
:2095B8001A691B5D1C4E1D3D1E2B1F161FFF20E721CB22AE238E246B2547261F26F527C979
:2095C800289929672A322AFA2BBF2C812D412DFD2EB52F6B301D30CC3178322232C533672F
:2095D8003405349F353635C9365836E4376C37F0387138ED396539DA3A4B3AB73B203B847D
:2095E8003BE53C413C993CEE3D3D3D893DD13E143E533E8E3EC43EF63F243F4E3F733F941F
:2095F8003FB03FC83FDC3FEB3FF63FFD3FFF3FFD3FF63FEB3FDC3FC83FB03F943F733F4EAB
:209608003F243EF63EC43E8E3E533E143DD13D893D3D3CEE3C993C413BE53B843B203AB705
:209618003A4B39DA396538ED387137F0376C36E4365835C93536349F3405336732C5322262
:20962800317830CC301D2F6B2EB52DFD2D412C812BBF2AFA2A322967289927C926F5261F63
:209638002547246B238E22AE21CB20E71FFF1F161E2B1D3D1C4E1B5D1A691974187D17858A
:20964800168B158F149213941294119310900F8D0E880D830C7C0B760A6D0964085A07501E
:209658000646053B042F03240218010C0000FEF4FDE8FCDCFBD1FAC5F9BAF8B0F7A6F69C21
:20966800F593F48AF384F27DF178F073EF70EE6DED6CEC6CEB6DEA71E975E87BE783E68C6F
:20967800E597E4A3E3B2E2C3E1D5E0EAE001DF19DE35DD52DC72DB95DAB9D9E1D90BD837FC
:20968800D767D699D5CED506D441D37FD2BFD203D14BD095CFE3CF34CE88CDDECD3BCC9926
:20969800CBFBCB61CACACA37C9A8C91CC894C810C78FC713C69BC626C5B5C549C4E0C47CB8
:2096A800C41BC3BFC367C312C2C3C277C22FC1ECC1ADC172C13CC10AC0DCC0B2C08DC06CF6
:2096B800C050C038C024C015C00AC003C001C003C00AC015C024C038C050C06CC08DC0B24A
:2096C800C0DCC10AC13CC172C1ADC1ECC22FC277C2C3C312C367C3BFC41BC47CC4E0C549CF
:2096D800C5B5C626C69BC713C78FC810C894C91CC9A8CA37CACACB61CBFBCC99CD3BCDDE52
:2096E800CE88CF34CFE3D095D14BD203D2BFD37FD441D506D5CED699D767D837D90BD9E131
:2096F800DAB9DB95DC72DD52DE35DF19E001E0EAE1D5E2C3E3B2E4A3E597E68CE783E87BEA
:20970800E975EA71EB6DEC6CED6CEE6DEF70F073F178F27DF384F48AF593F69CF7A6F8B036
:20971800F9BAFAC5FBD1FCDCFDE8FEF40000010C02180324042F053B06460750085A096411
:209728000A6D0B760C7C0D830E880F8D10901193129413941492158F168B1785187D1974A5
:209738001A691B5D1C4E1D3D1E2B1F161FFF20E721CB22AE238E246B2547261F26F527C9F7
:20974800289929672A322AFA2BBF2C812D412DFD2EB52F6B301D30CC3178322232C53367AD
:209758003405349F353635C9365836E4376C37F0387138ED396539DA3A4B3AB73B203B84FB
:209768003BE53C413C993CEE3D3D3D893DD13E143E533E8E3EC43EF63F243F4E3F733F949D
:209778003FB03FC83FDC3FEB3FF63FFD3FFF0000013E027B03B904F60632076E08A909E42A
:209788000B1D0C550D8D0EC20FF7112A125B138A14B815E4170D183419591A7C1B9C1CB9BA
:209798001DD41EEB200021122220232B2433253726382735282E29232A152B022BEB2CD047
:2097A8002DB12E8D2F653038310731D132963356341134C73579362536CB376D380938A07A
:2097B800393139BD3A433AC43B3F3BB43C243C8E3CF23D503DA83DFA3E463E8D3ECD3F07AC
:2097C8003F3B3F693F913FB33FCF3FE43FF43FFD40003FFD3FF43FE43FCF3FB33F913F69B3
:2097D8003F3B3F073ECD3E8D3E463DFA3DA83D503CF23C8E3C243BB43B3F3AC43A4339BD7C
:2097E800393138A03809376D36CB3625357934C734113356329631D1310730382F652E8DAE
:2097F8002DB12CD02BEB2B022A152923282E2735263825372433232B2220211220001EEBFA
:209808001DD41CB91B9C1A7C19591834170D15E414B8138A125B112A0FF70EC20D8D0C5570
:209818000B1D09E408A9076E063204F603B9027B013E0000FEC2FD85FC47FB0AF9CEF89270
:20982800F757F61CF4E3F3ABF273F13EF009EED6EDA5EC76EB48EA1CE8F3E7CCE6A7E58449
:20983800E464E347E22CE115E000DEEEDDE0DCD5DBCDDAC9D9C8D8CBD7D2D6DDD5EBD4FE03
:20984800D415D330D24FD173D09BCFC8CEF9CE2FCD6ACCAACBEFCB39CA87C9DBC935C89330
:20985800C7F7C760C6CFC643C5BDC53CC4C1C44CC3DCC372C30EC2B0C258C206C1BAC173AD
:20986800C133C0F9C0C5C097C06FC04DC031C01CC00CC003C000C003C00CC01CC031C04D96
:20987800C06FC097C0C5C0F9C133C173C1BAC206C258C2B0C30EC372C3DCC44CC4C1C53CDA
:20988800C5BDC643C6CFC760C7F7C893C935C9DBCA87CB39CBEFCCAACD6ACE2FCEF9CFC8A7
:20989800D09BD173D24FD330D415D4FED5EBD6DDD7D2D8CBD9C8DAC9DBCDDCD5DDE0DEEE3D
:2098A800E000E115E22CE347E464E584E6A7E7CCE8F3EA1CEB48EC76EDA5EED6F009F13EAD
:2098B800F273F3ABF4E3F61CF757F892F9CEFB0AFC47FD85FEC20000013E027B03B904F609
:2098C8000632076E08A909E40B1D0C550D8D0EC20FF7112A125B138A14B815E4170D1834C2
:2098D80019591A7C1B9C1CB91DD41EEB200021122220232B2433253726382735282E2923F0
:2098E8002A152B022BEB2CD02DB12E8D2F653038310731D132963356341134C73579362579
:2098F80036CB376D380938A0393139BD3A433AC43B3F3BB43C243C8E3CF23D503DA83DFA4D
:209908003E463E8D3ECD3F073F3B3F693F913FB33FCF3FE43FF43FFD761F02D392320006E7
:20991800761F02D3920B0006761F02D392140006761F02D392080006761F02D392110006EF
:20992800761F02D3920E0006761F02D392170006761F02D3920F0006761F02D3921A0006C9
:20993800761F02D392180006761F02D392100006761F02D392190006761F02D3920C0006BA
:20994800761F02D392150006761F02D3920A0006761F02D392130006761F02D392090006BC
:20995800761F02D392120006761F02D392210006761F02D3921F0006761F02D3920D000688
:20996800761F02D392160006761F02D3CC2F00010006761F02D3CC2F0002FFC00006761F9A
:2099780002D32D1480A93B01960B351F81A7813D1EA692A6901F963D06A6FF44961400065C
:20998800761F02D32D1180A93B019608351F81A7813A1EA692A6901F963A06A6FF449611CC
:209998000006B2BDAABD59A85AA976485B5F5203611976485B5F5205611176485B5F52027B
:2099A800610D76485B5F5206610976485B5F52106105761F02D32B0A6F08761F02D3790AB4
:2099B8006F04761F02D37A0A2D133B01351F810A813C1EA686BE92A68BBE901F963C06A660
:2099C800FF4496130006761F02D32D1280A93B019609351F81A7813B1EA692A6901F963B2C
:2099D80006A6FF4496120006B2BDAABDFE02761F02D38F0003E82D081209A842FF12007D50
:2099E80000C8BFED8BA992A1764879BC761F02D35AA9920B764879BC54A269063B01761F5E
:2099F80002D3850B8BA992A12DA1761F02D312A9790F2D0B330B03AB62032B0E6F06764813
:209A080078F2761F02D3960E920F60063B01850F2B108AA96F0B3B01850F8AA9850F1E4210
:209A1800340B03E800C8BFED96102D173B01351F810E81331EA62D1892A6901F963306A66E
:209A2800FF449617351F813407A41EA62D1992A6901F963406A6FF449618351F8110813587
:209A38001EA692A6901F963506A6FF4496197648051F52006114764863C5FF5C59A9764850
:209A480063C5FF5C761F02D32DA933A12D17121707AB764878F2761F02D3961AFE8286BE42
:209A58008BBE0006761F02D3921F52C8623452966227526E621B9229600E9225521456B6D4
:209A680014259226523C56B63C269227523C56B63C276F020B29922561020B259226610231
:209A78000B26922761260B276F24922561020B25922661020B261B271B5867196F17922590
:209A880061020B251B261B5867020A261B271B58670E6F0C1B251B5867020A251B261B583A
:209A980067020A261B271B5867020A2756BF0A2976485B5F5202610976485B5F5205610513
:209AA80076485B6752026112761F02D39225520F56B60F251B2603E86903282603E81B2782
:209AB8001770691B282717706F18761F02D39225521467071B26022667041B27041A690D87
:209AC800761F02D79A301A39800076486355761F02D32B252B262B2776485B5F520360185B
:209AD800761F02D748326D0B761F02D31B2701F4690F761F02D71A3201000006761F02D3CA
:209AE800922752326705761F02D71832FEFF00060006761F02D32B252B262B272B292B2FE9
:209AF800764863D1761F02D39630764863D1761F02D396310006B2BDAABD5AA97648060F57
:209B08005200610B7648060F520161048D4003846F07764863BD6F03764863C159A9761F61
:209B180002D7403A6D2B76485B5F5203610D76485B5F5205610976485B5F520261057648DE
:209B28005B5F5206602D7648B06852026029761F02D393A15DA28F00B4F8920876487DFC22
:209B38005200611E761F02D32B38761F02D79A311A3A0001764863556F13761F02D35DA280
:209B48008F00B4F89B00920876487E0C52006108761F02D7183AFFFE761F02D32B3886BEBC
:209B58008BBE0006761F02D7B2BD413A59A96D1D761F01FC43106C2E764863B9761F02D3F7
:209B680093A95DA18F00B4F7920876487E0C52006121761F02D32B37761F02D79A321A3A59
:209B78000002764863556F16764863B99C9C761F02D35DA193A98F00B4F7920876487DFC0F
:209B880052006108761F02D7183AFFFD761F02D32B378BBE0006B2BDAABDFE02764863D163
:209B980059A97648992093A9764899202DA912A886A9764863CD0EA91E42AAA900C8BFEDF6
:209BA800761F02D39630933092A1973154A86405539656B496306F02793054A86405539629
:209BB80056B496316F02793176485B5F5203610D761F02D33B012D1485301EA61E4235640D
:209BC80000C8BFEDC2426F0D761F02D32D143B0185311E42356400C8BFED56210030AB42EB
:209BD8002D1896229621356400C8BFED542196239624562A031F63039221961F9224542228
:209BE800562A0320630392229620541F562A021F76485B5F5203611F76485B5F5205610B4E
:209BF80076485B5F5202610776485B5F520661039A006F143B01761F02D385118AA91E42F9
:209C0800342008FC00C8BFED34A908FCA84200C8BFED6F04761F02D3921F761F02D3402FCA
:209C18006D0ED5058F00B4F69B6476487E0C52006112761F02D31A2F00016F0DD5058F00F9
:209C2800B4F69B5576487DFC52006105761F02D3182FFFFEFE8286BE8BBE0006B2BDAABDFC
:209C380059A95AA876485B5F52005DA26130761F02D74B3C6D1A761F02D393A18F00B4F958
:209C4800920976487E0C52006122761F02D32B39761F02D71A3C080076485B5F5204611764
:209C58009A5C764863556F13761F02D393A18F00B4F992099DCE76487DFC52006108761F97
:209C680002D7183CF7FF761F02D32B3986BE8BBE000600069A0000068D00300072A08F0054
:209C780090409294000608A903002BAB88A852172FA9FFE6009376C8EB78290106A756048B
:209C880001AA1EA7C5C776201BA6C000FFE70083761F02407E2BFFEF009B1BA6C000677AD5
:209C9800761F02407E2AFFEF00931BA6C0006772761F02407E29FFEF008B1BA6C000676A09
:209CA800761F02407E28FFEF00831BA610006662761F02407E276F7B93A65307675B761FC5
:209CB80002407E256F7493A653646754761F02407E246F6D93A65364674D761F02407E23A8
:209CC8006F6693A653646746761F02407E226F5F93A65364673F761F02407E216F5893A6B9
:209CD80053646738761F02407E206F5193A653646731761F02407E1F6F4A93A65364672AAB
:209CE800761F02407E1E6F4393A653646723761F02407E1D6F3C93A65364671C761F024056
:209CF8007E1C6F3593A653FF6615761F02407E1B6F2E1BA61000660E761F02407E196F27B2
:209D080093A653016007761F0240930056B101006F1E28AB00126F1B28AB00026F18761FE8
:209D180002407E2F6F14761F02407E2E6F10761F02407E2D6F0C761F02407E2C6F08761F2D
:209D280002407E266F04761F02407E1A92AB00068D00030072A08F00901892940006761F76
:209D3800024092170006761F024092160006761F024092150006761F024092140006761FF9
:209D4800024092130006761F024092120006761F024092110006761F024092100006761FF9
:209D580002405C2FA8A9FF1F10008AA992C40006761F02405C2EA8A9FF1F10008AA992C4A7
:209D68000006761F02405C2DA8A9FF1F10008AA992C40006761F02405C2CA8A9FF1F100089
:209D78008AA992C40006761F02405C2BA8A9FF1F40008AA992C40006761F02405C2AA8A9F2
:209D8800FF1F40008AA992C40006761F02405C29A8A9FF1F40008AA992C40006761F02405D
:209D98005C28A8A9FF1F40008AA992C40006761F024096170006761F024096160006761F41
:209DA800024096150006761F024096140006761F024096130006761F024096120006761F81
:209DB800024096110006761F0240961000062DA893A992AC9EA89C0188A92FA8CCA6FFFE70
:209DC800611992A6FFC09CFF88A9D000B51100A680A092AA72A7A8A90DA780AC83A992A0FE
:209DD80074A7A8A90DA71EA7D80127C792C53FC596C70006B2BDAABDA2BDFE02761F0240F5
:209DE800590D5A0492A1DA81612E9203612C8F009040D3002B411BA2100068038D800FFF67
:209DF80092A254A1670259A292A154A367025BA193A192A39DFF76489DBF92A193A27648EA
:209E08009DBF92A393A276489DBF92A394040A415BA992A1940459A992A294045AA99241CF
:209E1800540368DAFE8282BE86BE8BBE0006761F02402BAB921ABE07931BAABD2DAB2B09FF
:209E280096019702B50C00A69A01B600FF66CEA856B001A792AB94A727A992AC9C012DA9B0
:209E380092AB65065208650628AB00086F0328AB0001761F02400E1976C0BBE72D1E2F220A
:209E48005A1D581F5D205C218823F60F1FAB3F032B0A931C21D757F77ACF78DF7DE77CEFBD
:209E58007EFF97C7960493A99F2727A8640554AB562A04AB6F022BAB9325922688248F001B
:209E68000FFF8F4090402B0B2B0C3F052B0D2B0E970796087E06F7A42B8586BE0006761F21
:209E78000240920F520160192B0F56BF01002819100056BF011A56BF0F1B56BF011C56BFC4
:209E8800021D56BF031E56BF041F56BF452456BF02252B2656BFFA270006761F024092007D
:209E98005203620A52036119520061265201611D520261186F10520461045205610C6F0B2B
:209EA8000A0E1B0E025856BF031868192B0E56BF050000062B00000676489DE256BF04006E
:209EB800000656BF0218000676489E1F56BF011856BF020000062B1876489E770006761FD8
:209EC80002407680BBE78F000FFF8F4090402B002B012B022B032B042B052B062B072B08BD
:209ED8002B092B0A2B0B2B0C2B0DF6072B86F7A42B850006761F0240B2BD9200AABD5202CA
:209EE800A2BDFFE000AC920B606A92075201615952026148520361375204612652056115CF
:209EF8005206601029018F00B40056030106560100A4C5C43E67761F0240540856B5010B42
:209F08006F4E56BF010B6F4B29018F00B40056030106560100A4C5C43E67761F0240540878
:209F180056B4010B6F3C29018F00B40056030106560100A4C5C43E67761F0240540856B336
:209F2800010B6F2D29018F00B40056030106560100A4C5C43E67761F0240540856B2010B34
:209F38006F1E29018F00B40056030106560100A4C5C43E67761F0240540856B0010B6F0FC3
:209F480029018F00B40056030106560100A4C5C43E67761F0240540856B1010B92010A0917
:209F58005409663CD2002B095BA29A012DA2761F0240FF66CE02611C2DA312048F00BBE7DD
:209F6800940A59A9A8A90DA28AA91BA1100068038D400FFF2901560301C48F00B400560112
:209F780000A4C5C43E67DB018F009040969CDA0192A2520868DB761F024092040A0A540AFF
:209F880066022B0A920B610A92050A0C540C6606920A2B0C56BF0300960D82BE86BE8BBE40
:209F98000006B6009A00BE0727C59B012DA9FF67CFAB610728AC00079B0174ACFF6799A7AB
:209FA8009C01000EFFF47FC40006FE025CAD5DAD2FA89641DC81DD815CA45DA576489F993E
:209FB800BE0756030841F2AA4FAA6D0492AAFF806F05560301AA1CA980052FA9000EFFF6C4
:209FC800FE820006B6009A00BE0F27C59B012DA9FF67CFAB610728AC000F9B0174ACFF672B
:209FD80099A79C01000EFFF47FC40006B2BDFE02520058A98BA42841FFFF61099281934199
:209FE80076489FADD881964192A060F95CAD5DADDC81DD815CA45DA576489FCA56030841FB
:209FF8009341FFD7CBA992A8FE828BBE0006B2BD7648513976228D407F008F007C00C5A413
:20A0080083A1C4A4DC0BDF0DDD03DE0918C7FEFF18C6FFFC1AC501001AC40100761A8AA1E3
:20A01800761F01FC1A030100DC0A1AC400017648513976485139764851391AE90100764819
:20A028005139D90C1AC100018BBE0006B2BD762276807C008D007F0083A68AA6C5A0DE0D50
:20A03800DD0918C6FEFFDF03DC0B18C5FFFC1AC701001AC40100761A8AA0DC0C1AC4000164
:20A04800520060041AE801006F05761F01FC1A030100764851398D407F008AA1DC0A1AC498
:20A05800000176485139D90C1AC100018BBE0006B2BDAABDA2BD5BA9D207D18092A1CEA388
:20A068007648A02E92A1FFC059A9000AFFF982BE86BE8BBE0006B2BD76228F007C00C4A409
:20A0780083A4DC0BDE0DDD091AC6010018C5FFFC18C4FEFF761A8D407F008AA1DC0C1AC48A
:20A088000001764851398AA1DC0A1AC4000176485139761F01FC9B00CCC90100FFC71A0C88
:20A098000001520056B001A892A88BBE0006761F01FC1A0301007648A0730006B2BD76228F
:20A0A8008F007C008D407F00C5A4C4A483A1DC0BDF0DDE09DD0318C7FEFF18C6FFFC1AC51E
:20A0B80001001AC40100761A764851398AA11AE90100DC0A1AC4000176485139761F01FC02
:20A0C8001A0301008BBE0006B2BDAABD59A886A4A2BD5BA976489FFF9AA47648A060764891
:20A0D800A09F5201612992A3FFC77648A0607648A09F52016121CCA300FF7648A0607648D7
:20A0E800A09F5201611992A1611E5BA1D100DB8140A16D0792A1FFC058A99292FFC76F06CA
:20A0F80092A1FFC058A9CC9200FF7648A0607648A09F520160057648A0A69A016F11D9018C
:20A10800000BFFE87648A0A6761F02B956BF013C28A9FDFF7648BEFF520061FB9A0082BECF
:20A1180086BE8BBE0006B2BDAABDA2BDFE0288A893A99641CCA8FF8080A92BAA27A882A436
:20A128000EA70FAB610B92A79B809E4195A959A892A154A6690459A66F02D10093A69FA176
:20A1380092A8FFC65AA9CCA8FF80EBA9964292A16110924193A17648A0CC52006023924129
:20A1480094A1964192A1FFC059A9A2A90DA182A992A2610EDA8192418AA39B807648A0CC90
:20A15800520060109B80DB407341000AFFF69242610892418AA393427648A0CC520060024C
:20A168009A00FE8282BE86BE8BBE0006B2BDD100AABDD20792A1FF8059A97648A07393A1B1
:20A1780095A959A8000AFFF892A186BE8BBE0006B2BDAABDA2BDFE045BA859A45AA928411E
:20A18800FFFF76489FFF9AA47648A0607648A09F52017B43611A92A2FFC77648A060764862
:20A19800A09F52016112CCA200FF7648A0607648A09F5201610A76489FFF9AA57648A06063
:20A1A8007648A09F520160057648A0A69A016F43924361215A439CFFD3009642DA8176483E
:20A1B800A16E40A36C0C724492439CFE54A3690A9244934176489FAD96416F04560308A986
:20A1C8009644924254A369049A007648A02EDB01000AFFE79A017648A02E7648A0A6924472
:20A1D80088A90EA10FA660165CAD5DADDC81DD815CA45DA576489FCA9241FFC788A980A17A
:20A1E80056030841CAA688A906A70FA660039A046F029A00FE8482BE86BE8BBE0006B2BDE2
:20A1F800AABDA2BDFE025AA85BA98BA476489FFF9AA47648A0607648A09F5201611A92A3F4
:20A20800FFC77648A0607648A09F52016112CCA300FF7648A0607648A09F5201610A76484A
:20A218009FFF9AA57648A0607648A09F520160057648A0A69A016F2A92A261229CFFD30079
:20A22800DA8196417648A16E40A388A96D0893A3FFD058A8560308A696916F0992A3FFC0EF
:20A2380080A9B2A90DA78AA992A672C4924154A369049A007648A02EDB01000AFFE59A016B
:20A248007648A02E7648A0A69A00FE8282BE86BE8BBE0006B2BDAABD8BA45AA8A2BD5BA90F
:20A2580076489FFF92A3FFC6907E50A07648A0607648A09F52016114CCA300FF7648A060E3
:20A268007648A09F5201610C92A26111DA81CCC100FF7648A0607648A09F5201600576485B
:20A27800A0A69A016F0DD901000AFFF37648A0A68D80138776485139000AFFFE9A0082BEBF
:20A2880086BE8BBE0006B2BDD100AABDA2BDD301D20892A1FF8059A97648A07393A195A978
:20A2980059A8000AFFF888A1FF2001FF0FA6610792A3D301D10072A3520568EB82BE86BE22
:20A2A8008BBE0006B2BDAABDFE0259A976486B0993A992A19EA8764879BC1BA901F4663442
:20A2B80076486B091BA903E8642F1BA103E8642C7648055B2DA912A18BA976486B0988A99D
:20A2C8003B01B2A981A68BA976486B093B0185A91E42B2A900C8BFED59A9D2001BA1200009
:20A2D80062071BA1080063068D4008006F038D40200092A1764876F992A17648128E9A0110
:20A2E80076480B466F02D21292A2FE8286BE8BBE0006B2BDFE0259A97648056F2DA912A17F
:20A2F8008BA976486B1988A93B01B2A981A68BA976486B193B0185A91E42B2A900C8BFEDD2
:20A3080059A91BA1200062071BA1080063068D4008006F038D40200092A17648772092A1D2
:20A31800764812B19A0176480B469A00FE828BBE00069A000006B2BDAABDFE0259A976485B
:20A32800992493A992A19EA8764879BC1BA901F46634764899241BA903E8642F1BA103E8F9
:20A33800642C764805A72DA912A18BA97648992488A93B01B2A981A68BA9764899243B01F9
:20A3480085A91E42B2A900C8BFED59A9D2001BA1200062071BA1080063068D4008006F030B
:20A358008D40200092A17648772D92A1764813139A0176480B466F02D21292A2FE8286BE55
:20A368008BBE0006B2BDFE0259A9764805AB2DA912A18BA97648995888A93B01B2A981A64C
:20A378008BA9764899583B0185A91E42B2A900C8BFED59A91BA1200062071BA108006306D5
:20A388008D4008006F038D40200092A17648773A92A17648131A9A0176480B469A00FE82FD
:20A398008BBE0006B2BDAABDFE0259A97648897E93A992A19EA8764879BC1BA901F46634BE
:20A3A8007648897E1BA903E8642F1BA103E8642C764805FF2DA912A18BA97648897E88A9E2
:20A3B8003B01B2A981A68BA97648897E3B0185A91E42B2A900C8BFED59A9D2001BA1200085
:20A3C80062071BA1080063068D4008006F038D40200092A17648777D92A1764813A69A0181
:20A3D80076480B466F02D21292A2FE8286BE8BBE0006B2BDAABDFE0259A976488DEE93A96D
:20A3E80092A19EA8764879BC1BA901F4663476488DEE1BA903E8642F1BA103E8642C764826
:20A3F80005DF2DA912A18BA976488DEE88A93B01B2A981A68BA976488DEE3B0185A91E4245
:20A40800B2A900C8BFED59A9D2001BA1200062071BA1080063068D4008006F038D402000EB
:20A4180092A17648776392A1764813759A0176480B466F02D21292A2FE8286BE8BBE00069A
:20A42800B2BDFE0259A9764805E72DA912A18BA976488E2E88A93B01B2A981A68BA97648E1
:20A438008E2E3B0185A91E42B2A900C8BFED59A91BA1200062071BA1080063068D40080066
:20A448006F038D40200092A17648777092A1764813839A0176480B469A00FE828BBE000623
:20A458009A000006B2BDAABDFE0259A976486B7993A992A19EA8764879BC1BA901F46634CF
:20A4680076486B791BA903E8642F1BA103E8642C764808A32DA912A18BA976486B7988A9C0
:20A478003B01B2A981A68BA976486B793B0185A91E42B2A900C8BFED59A9D2001BA12000E7
:20A4880062071BA1080063068D4008006F038D40200092A17648778A92A1764818459A010F
:20A4980076480B466F02D21292A2FE8286BE8BBE00069A120006B2BDAABDA2BDFE025200C0
:20A4A80059A965731BA11D4C6270761F02E3923C656C7648082F1BA9100060677648082B29
:20A4B80052006063761F02E3793D76486B99761F02E3963F9E3D764879BC1BA901F46655EC
:20A4C800761F02E3923F9E3E764879BC52C8684D761F02E3923D9E3C764879BC52C86845AE
:20A4D800761F02E3923D9E3C764879BC2901761F02E356030CA98BA9923F9E3E764879BCC8
:20A4E8000EA91E42B2A900C8BFED59A9761F02E33B012DA156030C3D333F03ABFF445AA9E0
:20A4F8001BA1080065221BA12000631F1BA28300651C1BA27D0063197648082FD30093A128
:20A5080055A960067648082B93A255A9610F92A17648177A92A27648177392A1764877973E
:20A5180092A2764877936F02D31292A3FE8282BE86BE8BBE0006B2BD520059A9651D1BA148
:20A528001D4C621A7648082F1BA9100060157648082B52006011761F02E3793C76486B994B
:20A53800761F02E3963E9E3C764879BC1BA901F466039A006F029A128BBE0006B2BDAABDEA
:20A54800FE0259A976486B9993A992A19EA8764879BC1BA901F4663476486B991BA903E8C3
:20A55800642F1BA103E8642C7648082F2DA912A18BA976486B9988A93B01B2A981A68BA982
:20A5680076486B993B0185A91E42B2A900C8BFED59A9D2001BA1200062071BA10800630632
:20A578008D4008006F038D40200092A17648779792A17648177A9A0176480B466F02D2120F
:20A5880092A2FE8286BE8BBE00069A0000067648082F1BA9100060057648082B5200610BEF
:20A5980028A910007648177A9A00764817739A0176480B4628A91000764877979A007648E2
:20A5A8007793761F02E32B3C2B3D2B3E2B3F0006B2BD8F00B58092D46110C5A4D018D11724
:20A5B800DF1592C79694D0172B94D0182D9C3794D01656BF02946F2F92CC6111C5A4D0189A
:20A5C800D117DF1592C79694D01756BF6494D0182D9C3794D01656BF01946F1D761F02D61B
:20A5D800880080A6761F02D40E000FA761037E006F49D022939453146318C5A4D018DF15AC
:20A5E80092C79694D0172B94D117D0182D9C3794D0162B9402641EA6D1190200F61F561789
:20A5F80000A69A013F9C6F2F92A65201611A761F02ED881AD01392A654946724A8A90DA6CB
:20A6080083A9D023761F02D692955420671BC5A4D018DF1592C79694D01756BF64946FD589
:20A61800761F02EDD01392195494690C761F02D69E0388A9A8A90DA683A9D02392955420B6
:20A6280066BD9A008BBE0006B2BDD01F939480A9531E6808D01E589483A40E94DD20564140
:20A6380000C5D01EC4A4589483A40EA7D11E7F94DE1EDD200AC6560100C5929C521E68032F
:20A64800D01E2B94D01F9294521E670683A4D01FDD1F0AC59294D02088A9A39402008BBEA9
:20A65800F61F561700A692AB0006B2BDAABDFE062DA954C486A6651959A8D981549C631344
:20A668005301D000691588A883A49B01DE82DD0154C56406DD019D01000EFFFC6F0958A87F
:20A67800D8816F0658A16F049DFF59A8D00093A1784655A069219B01809495A059A89745E8
:20A6880092A7939C9FA965193B01761F02ED85A8881E1E4292A774AC30A600C8BFED1EA729
:20A69800FF5864060EA60FA763050EA66F0702001EA7C3446F04784502001E445CADAAA927
:20A6A800DC8680A46104C4A2F6032486FE8686BE8BBE000652006007761F02D69302600369
:20A6B8009A01000652646806761F02D6930156B163A90006B2BDAABDA2BDFE125CADDC86F3
:20A6C8005DA45CAD76C8EA08DC8AF60324855CA476C8EA0CF60324847648A5B05200FFE017
:20A6D800012BD0208D80B5808F00B50292927648A62CD120D022969A8F00B5409292764891
:20A6E800A62CD1225DADD021969A8AA2DD8693EA88A59292DC0C7648A65D5DADD0228AA234
:20A6F800DD8A93F2929288A5DC077648A65DD5006F7FA348A8A9A952761F02ED0DA5A3444A
:20A708002D4A80465A4909231EA6A950934592C4974C931E974B5201611B9A1F28AB007CED
:20A7180036A92DA71E4EC54E37AB16A20DA507A776C8E0F007A78AA99A1F36A98BA958C41E
:20A72800164C0DA507A107A78AA99A7C6F1A9A1528AB005436A92DA71E4EC54E37AB16A233
:20A738000DA507A776C8E74E07A78AA99A1536A98BA958C4164C0DA507A107A78AA99A54E4
:20A748005BC48A4E37A9A9A90DA507A407A78AA9A9A95AC40DA507A107A78AA9875293A3D0
:20A758009FA080C40EA8566500A92D4B36A0560100AB8752934B92A7A9A480A89EA20EA998
:20A76800566500A92D4B36A28750560100AB565D00A4C342564400AB00C8BFED1EA7A8A919
:20A7780007A7804BC34200C8BFEDDD0196C68F00B58092E454A5FFE6FF7ED120809CD02300
:20A7880093A7559469349CFF27A9A8A90DAB83A9D02392A75495680F92C452016108C5A44A
:20A79800761F02ED921ADF1796C76F30D11756BF649C6F26BE0092AB54A6692BA8A90DA660
:20A7A80083A9D02392A75495671092DCD01793C4761F02D694A69694530156B016A056B145
:20A7B800011656B002946F15DE016FE692C45202610BC5A4761F02ED9219DF1796C7D0162F
:20A7C80056BF01946F06D1172B9CD01656BF029492C452016106D0139A649E9488A96F044B
:20A7D800761F02D6881328AC006492A6D113D01774AC129C2DA63394D117BE6494ABD01786
:20A7E8000EA9F60F1FA6969C92947648A6B2C5A4DF15D117D01893C79794D0179694D018B7
:20A7F80002642D9C1EA63794D0190200F61F561700A63F94FE9282BE86BE8BBE0006FE0834
:20A808005CADDC845DA45CAD76C8E9FFDC88F60324855CA476C8EA03F603248476485B5F4D
:20A818005200615276485B5F5201614E761F02D692216203931A6108931A54446408530101
:20A8280060322B1A6F0356BF011A931A5301602B761F02D741316D1C40316D155CADDC8446
:20A838005CA4BE03D00054C46306DC01D801000EFFFC6F195CADDC885CA4761F02D49294A9
:20A8480096016F11761F02D656BF641B6F04761F02D62B1B761F02D42D01761F02D6121585
:20A858002D1B6F09761F02D42D01761F02D612152D13211B961C02641EA6371C0200F61F31
:20A86800561700A63F1DFE880006F6212B84000652006006761F01C847046D0F6F1052015A
:20A8780061085202600C761F01C847246D066F07761F01C847146C039A0000069A0100067C
:20A8880052006006761F01C846056D0F6F10520161085202600C761F01C846256D066F0726
:20A89800761F01C846156C039A0000069A0100065200611152016006761F01C8CC150080FB
:20A8A8006F0E52026006761F01C8CC2500806F079A000006761F01C8CC050080FFC60006FA
:20A8B80052006006761F01C8CC0700FF000652016006761F01C8CC1700FF000652026006D9
:20A8C800761F01C8CC2700FF00069A000006520061115201610952026012761F01C81A2497
:20A8D800000197290006761F01C81A14000197190006761F01C81A0400019709000680A80B
:20A8E80088A929018F40BB3A560301A9560100A583C592C5520160039A016F123B10A8D5F9
:20A8F8007FCD8AD556BF01C592A6FF6993C47648A8CF0201560100D50BCD29109A00FF694C
:20A9080000065200610F520161085202600F761F01C81824FFFE0006761F01C81814FFFEC4
:20A918000006761F01C81804FFFE000688A929018F00BB3A560301A6560100A492A68AC43C
:20A928007648A8705200601192CC60062BC492A67648A909000683D492A693C57648A8CFF9
:20A938000201560100D40BCC0006520080A988A8600A761F01C8CCA60001CD01FFDFFF84DF
:20A94800CAA8960192A75201600A761F01C8CCA60001CD11FFDFFF84CAA8961192A752023A
:20A95800600A761F01C8CCA60001CD21FFDFFF84CAA8962100065200610F52016108520254
:20A96800600F761F01C81824FFFD0006761F01C81814FFFD0006761F01C81804FFFD0006BC
:20A978005200610F520161085202600F761F01C81A2400010006761F01C81A140001000648
:20A98800761F01C81A04000100065200610F520161085202600F761F01C81A240002000647
:20A99800761F01C81A1400020006761F01C81A040002000692F460039A020006C5D492C70A
:20A9A80096C5C4E483D40BF406A60DFC19010FA56104DD01A0D46F02C2D49A00000683A42E
:20A9B8003B1029017680BB3A560301A9560100A6C4C6FF698AE67648A9A229109B00FF6978
:20A9C800520256B101A892A800062DA9B2BD27A828A90205AABD36A98D80A040560100A213
:20A9D80088CA8D0002026F0B88CA3F9292AB56B1019292A652FF67030ACA88CAAAA90DA6E9
:20A9E80009028AA992AC7648A9B7520061EE92CA61158D0002029392600C8D0002018D40C3
:20A9F800020096C22BCA9392929A7648BF2C6F06AAA9FF11010186A90BC286BE8BBE00068D
:20AA080080FC88A927F42BAA0EA70FAB611183C47EC5C4E40AF483C406A60DFC19010FA5B6
:20AA18006104DD01A0C46F02C2C49A00000606E48AC40FA46103DC816F040DA719018AA9C0
:20AA28007EC49A01000688A929018F00BB3A560301A6560100A48AC492A68AE47648A8886F
:20AA38005200601192A67648A8B82DA97648AA08761F02F0920752FF670658078F00B30020
:20AA48000A072194000629018F00BB3A560301A9560100A48AC492C400062DA97648A8A0F0
:20AA580088A880A4520161088F00BC10A8A90DAC83A92BC56F078F00BC10A8A90DAC83A946
:20AA68000AC592AC7648AA4B520060088F00BC13A8A90DAC8AA92BC46F078F00BC13A8A9A5
:20AA78000DAC8AA90AC492A654C5680492A754C467162BC52BC43B1092AC9B00FF69764850
:20AA8800A93D92AC9B017648A93D8F00BB809A0636A9560100A42BC42BCC2910FF69000679
:20AA98002BF496FCA0C4A0D4A0E40006B2BD80A827A928AC0006761F02F059A47680BB8095
:20AAA800290130068F00BB3A2DAB560100A692AC560301A9560100A4AABDA2BD5603030671
:20AAB800C2C48F00BB40560100A45BA5830892A7A8E67648AA988D80A0400EA9D500560151
:20AAC80000082BC628A9020536A9560100A22BCE0A06FF2002058AA27648C17B8D000201E0
:20AAD80092A18D4002007B92969A82BE86BE8BBE00062DA928A902058F00A14136A95601F7
:20AAE80000A400062DA928A902058F00A04236A9560100A400062DA928A902058F00A04088
:20AAF80036A9560100A492C40006761F02DCE2AF0010E68C000077007700BFA90F12000605
:20AB0800761F02DB92180006761F02DB921C0006761F02DB92170006761F02DB92160006A4
:20AB1800761F02DB92140006761F02DB96180006761F02DB961C0006761F02DB961700068A
:20AB280076485143761F02DB96007648B0685202603476488DEA761F02DB93009FA953C858
:20AB3800970162071B01FF3863062801FF386F0356BFC8012D021201942E96041BA90AF034
:20AB480062071BA9F51063062804F5106F0328040AF02D033B01120185A9072E1EA68F0054
:20AB58000AF01E2EA8A90FA66407FF24FF510F2E5648022E0006A82E0006761F02DB020052
:20AB6800280008FC2B012B0456BF19052B062B072B092B0A56BF010B2B0C2B0D2B0E2B0F44
:20AB78002B102B122B131E2E0006FE02761F02DB9321921F9EA8971E9620521462061BA99B
:20AB8800FFEC56B414206F0356BF1420E2C80020E2AF0132E700000AE3004B36E71000D21D
:20AB9800E71000C9E8121242AD146205E8161242AD146303E8021241E2C8021D7700E694F7
:20ABA8000011AD146213921D3B01FF5C85A9BDA90F1A7700770077007700E689001277006F
:20ABB800E6960011E20301306F03E2030230E2AF0134E70000427700E710009B7700E812E8
:20ABC8001243AD146208E8161243AD146404E20303366F05E8021240E2030036FE82000602
:20ABD800E20304BD761F02DCE594E590E20305BDE593E592E591E20306BDE595E20304300F
:20ABE800E596E2030012E2030018E203001AE203001CE203001EE2030020E2030022E203EA
:20ABF8000332E2030234E2030136E2030038E203052EE20307BDE2030616E597E203071476
:20AC0800E2AF07BEE2AF06BEE2AF05BEE2AF04BE0006E20304BDE801FFF8E801FBFBE80285
:20AC1800012A761F02DCE801FFFCE20305BDE80204F9E80C5048E8020015E80E9103E80E01
:20AC2800D91AE20306BDE80BCD3CE2030024E80204FEE809C435E80D5CF9E801FBF8E2038B
:20AC3800033CE203023EE20307BDE203043AE80DABA6E80201EFE203052CE8093DD8E203AB
:20AC4800062AE2030026E80A0907E80200D0E2030728E8085530761F02DDE2030100E2032D
:20AC58000002E2AF07BEE2AF06BEE2AF05BEE2AF04BE0006E20304BDE801FFF8E801FBFB1D
:20AC6800E802012A761F02DCE801FFFCE20305BDE80204F9E80C6A80E802015DE80E910322
:20AC7800E80ED91AE20306BDE80CD35CE2030024E80207FEE80C91D5E80E0DF1E801FBF8E6
:20AC8800E203033CE203023EE20307BDE203043AE80C63F6E802054FE203052CE8093DD8F0
:20AC9800E203062AE2030026E80E5C97E80200D0E2030728E8085530761F02DDE2030100F6
:20ACA800E2030002E2AF07BEE2AF06BEE2AF05BEE2AF04BE0006E20304BD761F02DBE593BD
:20ACB800E594E20305BDE592E5912B282B29E590E5950200E203033EE203043CE203053A68
:20ACC800761F02DCE2030200E2030102E2030010761F02DBE2AF05BE1E38E2AF04BE0006C0
:20ACD800761BFFF00005ABBDA8BDA0BDC2BDC3BDE20000BDE20300BDE20301BDE20302BD26
:20ACE800E20303BDE6300600FF69294256169A027648A91E761F003356BF8021E2AF03BE5B
:20ACF800E2AF02BEE2AF01BEE2AF00BEE28000BEC5BEC4BE83BE8ABE87BE00033B30FFF1FB
:20AD080076177602761BFFF00005ABBDA8BDA0BDC2BDC3BDE20000BDE20300BDE20301BD94
:20AD1800E20302BDE20303BDE6300600FF69294256169A027648AA2B761F003356BF8021CA
:20AD2800E2AF03BEE2AF02BEE2AF01BEE2AF00BEE28000BEC5BEC4BE83BE8ABE87BE0003D3
:20AD38003B30FFF176177602761BFFF00005ABBDA8BDA0BDC2BDC3BDE20000BDE20300BDAC
:20AD4800E20301BDE20302BDE20303BDE6300600FF69294256169A017648A91E761F0033BC
:20AD580028210100E2AF03BEE2AF02BEE2AF01BEE2AF00BEE28000BEC5BEC4BE83BE8ABEA1
:20AD680087BE00033B30FFF176177602761BFFF00005ABBDA8BDA0BDC2BDC3BDE20000BDD6
:20AD7800E20300BDE20301BDE20302BDE20303BDE6300600FF69294256169A017648AA2BA4
:20AD8800761F003328210100E2AF03BEE2AF02BEE2AF01BEE2AF00BEE28000BEC5BEC4BE32
:20AD980083BE8ABE87BE00033B30FFF176177602761BFFF00005ABBDA8BDA0BDC2BDC3BDBC
:20ADA800E20000BDE20300BDE20301BDE20302BDE20303BDE6300600FF69294256169A0069
:20ADB8007648A91E761F003328210100E2AF03BEE2AF02BEE2AF01BEE2AF00BEE28000BE82
:20ADC800C5BEC4BE83BE8ABE87BE00033B30FFF176177602761BFFF00005ABBDA8BDA0BD86
:20ADD800C2BDC3BDE20000BDE20300BDE20301BDE20302BDE20303BDE6300600FF69294240
:20ADE80056169A007648AA2B761F003328210100E2AF03BEE2AF02BEE2AF01BEE2AF00BE5E
:20ADF800E28000BEC5BEC4BE83BE8ABE87BE00033B30FFF176177602761BFFF0A8BDA0BDA3
:20AE0800C2BDC3BDE20000BDE630060029425616761F0148C504BE96761F02DF06A7031464
:20AE1800761F02DEFF5A2B16761F02DE2B170200761F02DE2B18F61F561700A692AB1BA971
:20AE280037CE680D1BA96F9B660A761F02DE9615761F02DFC312761F02DFC3148F005200B9
:20AE380083A4761F0148DC15DD181AC500021A180001761F00331AC4000856BF0821E280AD
:20AE480000BEC5BEC4BE83BE8ABEFFF176177602761BFFF0E20000BDE63006002942561697
:20AE5800761F01161A2A0001761F003356BF0421E28000BEFFF176177602761BFFF0E20070
:20AE680000BDE630060029425616761F010A1A2A0001761F003356BF0421E28000BEFFF123
:20AE780076177602761BFFF00005A8BDA0BDE20000BDE6300600294256168F00740083A4B2
:20AE8800D009DD081AC5000140946C08DC0A761F01D01AC400011A080001761F003356BF99
:20AE98000121E28000BE83BE8ABE0003FFF17617760276486B2D761F02ED962576486B1DFC
:20AEA800761F02ED962676486B359B0A00C8C08D761F02ED962776486B259B0A00C8C08DE9
:20AEB800761F02ED962876486BB1761F02ED2DA9350A962976486B95761F02ED962A764846
:20AEC8009205761F02ED9620764891ED761F02ED96227648083B761F02ED88210EA90FA687
:20AED80061067648083B761F02ED96217648088F761F02ED88240EA90FA661067648088F0A
:20AEE800761F02ED9624764891F5761F02ED88230EA90FA66106764891F5761F02ED962345
:20AEF80092246105922361039A0100069A000006B2BD7648AEA15200FFE100CB8821D012C0
:20AF08008F00B58080940EA60FA76103D0127E948823D01580940EA60FA76103D0157E9426
:20AF18008824D01E80940EA60FA76103D01E7E9476486BB1520062418F40B580C5A5761FCB
:20AF280002ED9226DF2096C7C5A593283B01D022DF2197C78529FF5693C5969553026128F1
:20AF38008AA5C4A556BF06ED56BF04F556BF1FE576C0BA7A8D00BBFCDD07DC0CF6052B840E
:20AF4800DE0CD403F60524862BC5761F02D62D1E12809B0A00C8C1559685000CFFF78F001A
:20AF5800B5027648A86D8F00B5407648A86D761F02D656BF02006F408F40B580C5A5761FC2
:20AF680002ED9225DF2096C7C5A593283B01D022DF2197C78529FF5693C5969553016128B3
:20AF78008AA5C4A556BF05ED56BF04F556BF15E576C0B87B8D00BBBBDD07DC0CF6052B841B
:20AF8800DE0CD403F60424862BC5761F02D62D1E12809B0A00C8C1559685000CFFF78F00DB
:20AF9800B5027648A86D8F00B5407648A86D761F02D656BF01008F00B58092C45201610364
:20AFA8002BDC6F0356BF5003C5A4761F02ED9220DF1396C7C5A49222DF1496C7C5A4922A28
:20AFB800DF1F96C776485B5F5200610576485B5F5201600E761F02EDD0168F00B580D1179F
:20AFC80092202B94D01A969C2B94D01B96948BBE0006761F02ED56BF5A1956BF141A281E24
:20AFD8002710281B015E56BF321C281D025856BF011F00068F00B5027648A86D8F00B540A6
:20AFE8007648A86D7648AFD10006761F02D692016025761F02D740316D1C761F02ED401F62
:20AFF8006C2F761F02D62D12761F02ED121B761F02D6541F6622761F02ED921C761F02D63A
:20B008005422681B761F02ED921D0A1854186618761F02D656BF01016F10761F02D740310E
:20B018006D0F761F02D62D12761F02ED121B761F02D6541F69052B01761F02ED2B180006F8
:20B02800761F02D692026009761F02D74131761F02D656BD01020006761F02D741316D04E4
:20B03800761F02D62B020006761F02BD92040006761F02BA92100006761F02BA9203000683
:20B04800761F02BD92000006761F0105922B0006761F0101922B0006761F02BA920100065A
:20B05800761F0105922D0006761F0101922D0006761F02BA92020006761F02BB921C00062B
:20B06800761F02BA92000006761F02C3960F0006761F02C396100006761F02C3961C0006C2
:20B078003B10761F02BA96012910FF6900063B10761F02BA96022910FF690006761F02BBB1
:20B08800020056BF01062B032B042B082B092B0A2B0B2B162B172B152B1A2B1B2B192B029C
:20B098002B0C2B1C1E000006761F02BA56BF02067648B0860006B2BD8D0001A002008F0060
:20B0A800AF408F40BC19761F02C3BE008D4001A21E942BC52BCD2BD58D0001882B1D2B1436
:20B0B8002B172B94C29C8D0001892B948D00018A2B948D0001A41E948BBE00067648B0A328
:20B0C800761F02BA56BF02060006B2BD5200AABD5AA9A2BD6132761F02BA9200606CD14017
:20B0D8008F404000D040761F01012B9D8F004100CC95FFDFD1405010D0409600DD0CCC00FF
:20B0E800FFBF50809600761F01051AC500032B9CCC94FFDF5010DC0C9600CC00FFBF761FA5
:20B0F80002BA5080931B761F01059600761F02BA971C1AC400036F3F8F004000D140D04248
:20B10800289C0555C4A483A4289405558DC0FFFFD06CD142DE0CDD6B18C6FFFC1AC5FFFFE2
:20B118008F40FFFFA094D0408F404100C5A5C4A528950555D06CDF0CDE6B289D055518C79E
:20B12800FFFC1AC6FFFFA2957622A8A9099B8AA9A0A9099B83A91AC400041AC50004761AC9
:20B138007648B09C7648B0C67648AB657648ABD87648ACB3761F02BA82BE7A0086BE8BBEF5
:20B1480000063B10FF697648B0CD2910FF690006761F02C356BF640656BFC50B56BF1D0C50
:20B15800280D0280280EFD8056BF180F281002BC56BF1811281C04E32B1D2B142B17000603
:20B168007648B150761F02BA92077648B06C761F02BA92087648B070761F02BA92097648D1
:20B17800B074761F02BA56BF02060006761F02BB02002B032B042B082B092B0A2B0B2B0C65
:20B188001E000006761F02BB2B162B172B152B1A2B1B2B19761F02BC2B070006761F02BBC2
:20B1980056BF14052810119D2811106C280E36F1280F16F0280D100056BF011456BF0F1889
:20B1A8002B0B2B0A2B092B082B042B192B1B2B1A2B152B172B160006761F02BA9204000601
:20B1B800761F02EE92160006B2BDA2BDFE0227A98BA592C4C44AA842824C600993C1761F08
:20B1C80002EE56B101C456B1011D614254C1622E761F02EE56BF071D93C69DF155AB62082F
:20B1D8002BC42BC12BC356BF061D9A016F330AC393C3530A651456BF0119761F02D79A00E9
:20B1E8009B031A3104007648BF2C8A422BC12BC3761F02EE2BC456BF041D6FE8C54293C7A9
:20B1F80097C10AC756BF051D6F1393C69D1455AB64092BC42BC12BC3761F02EE56BF031D5B
:20B208006FD596C1761F02EE0BC456BF021D9A003FC6FE8282BE8BBE0006761F02EE921925
:20B218006123921B0A229C145422670976488A5D52006005761F02EE2B222B1976485B5F39
:20B228005205610976485B5F5202610576485B5F52066005761F02EE2B222B19761F02D75A
:20B238001A3104000006761F02D71831FBFF0006FE047648B0685203601D764808BB52006D
:20B248006119761F02EE921A6013764889C18F40BB9F8F00BBA1A042A8448F40BBA08F0025
:20B25800BB987648B1BC520056B0051A6F0A0B1A6F08761F02EE2B182B2056BF051A2B2139
:20B268003B10921896172910FF69FE840006761F02EE2B152B120006B2BD76486B9556036D
:20B2780005A99B0500C8C08D59A97648899693A19FA91BA8012C6405761F02EE2B1E6F055D
:20B28800761F02EE56BF011E8BBE0006B2BDAABD7648B26F9A007648BEFF59A941A16C374D
:20B2980076488C49764872BB76488A9476488E2A5AA9764899549EA276488AFA76488DE269
:20B2A8005AA9764899189EA276488A707648C0FD76488AD376488BBB9A6476488B4E9A64EF
:20B2B80076488CEB764851689B0A76488D4928A903E89B7D76488D6E28A904B09B0A76481C
:20B2C8008DA49A0376488CCA7648B27440A16CC376488BDA9A0576488C4D9A027648BD8A96
:20B2D800761F02EE96166FB7761F02EE92140006761F02EE921E0006FE027648897A761F3D
:20B2E80002EE8F0001B82DA9A842121300C8BFEDFF5CFE8296120006761F02EE92230006EC
:20B2F800761F02EE92260006761F02EE92250006761F02EE92240006761F02EE962500062A
:20B30800761F02EE96240006761F01FC88A9CD082000FFDCCC081000FF90FFCB761F02EE8B
:20B3180094A89626932D612E761F01FC4C086C0C761F02EE92A60A295429660D761F02D722
:20B328001A3202006F08761F02EE2B29761F02D71832FDFF761F01FC4D086C0C761F02EECF
:20B3380092A60A2A542A6612761F02D71A3204000006761F02D71832FBFF761F02EE2B2A43
:20B348000006761F02D71832F9FF0006B2BDFE02764806C7761F02EE520096236167520184
:20B3580061035202606376488DE6764879BC2DA93546FF030A418BA9764863B53B0108A9A1
:20B36800FED485A91E42B2A900C8BFED761F02EE9C1E962F76486B69764879BC2DA9BE1960
:20B378003507C242FF01062700C8BFED761F02EE9C1E963076486B192DA9BE1E3507C2429B
:20B38800FF0300AF00C8BFED761F02EE9C1E963176486BB5764879BC2DA9BE053507C242D0
:20B3980019D200C8BFED761F02EE9B009C1E5673002F963280A89A00972F9B00567200327F
:20B3A8005673003088A927A8963297309B0092AB56730031567200A7973155A9562B06A9C6
:20B3B80093A655A9690492A66F029A0093235301610653026104530360029225520060033F
:20B3C8002B2D6F0356BF012D28AC004B3B013025FF4096241BA90EA6690328240EA676480D
:20B3D8005B5F52006113761F02EE0A2E922E52FA690D9224761F0115962B761F02EE1B2EA6
:20B3E800012C6908282E012C6F05761F0115922B2B2BFE828BBE00067648B34E9AFA764812
:20B3F800B30C00063B10761F02E196192910FF6900063B10761F02E196182910FF6900063F
:20B40800761F02E192380006761F02E1921F0006761F02E1921E0006761F02E19217000658
:20B41800761F02E192280006761F02E192240006761F02E192230006761F02E19231000634
:20B42800761F02E192260006761F02E1922A0006761F02E192250006761F02E19216000639
:20B43800761F02E192190006761F02E192180006761F02E1921A0006761F02E19227000642
:20B448003B10761F02E196382910FF6900063B10761F02E1961F2910FF6900063B10761FAD
:20B4580002E1961E2910FF6900063B10761F02E196172910FF6900063B10761F02E19628FE
:20B468002910FF6900063B10761F02E196242910FF6900063B10761F02E196312910FF69CE
:20B4780000063B10761F02E1962A2910FF6900065200610A5201610352026009761F02E1DB
:20B4880056BF01176F04761F02E12B17761F02E1961600063B10FF697648B4802910FF69DA
:20B4980000063B10761F02E196272910FF69000676486419761F02E1961A7648641D761F30
:20B4A80002E1961B00067622761F010956BF0509761F010D56BF0509761A761F02E12B187F
:20B4B80076486419761F02E1961A7648641D761F02E1281D03E8281E03E82B252B2656BF43
:20B4C800642A961B76486419761F0109962376486419761F010D9623764864198F404200AF
:20B4D8008AA5D06B9695DC6D92C42BC4764864198F4043008AA5D06B9695DC6D92C42BC4C1
:20B4E8000006761F02D70A30543066172B300A070A090A0B0A0D0A0F0A110A130A150A1759
:20B4F8000A190A1B0A1D0A1F0A210A230A250A270A290A2B0A2C0A2E92066107520367054D
:20B508001B070E1069032B062B0792086107520367051B090E1069032B082B09920A610738
:20B51800520367051B0B0E1069032B0A2B0B920C6107520367051B0D0E1069032B0C2B0D4F
:20B52800920E6107520367051B0F0E1069032B0E2B0F92106107520367051B110E10690392
:20B538002B102B1192126107520367051B130E1069032B122B1392146107520367051B157D
:20B548000E1069032B142B1592166107520367051B170E1069032B162B1792186107520363
:20B5580067051B190E1069032B182B19921A6107520367051B1B0E1069032B1A2B1B921C54
:20B568006107520367051B1D0E1069032B1C2B1D921E6107520367051B1F0E1069032B1E63
:20B578002B1F92206107520367051B210E1069032B202B2192226107520367051B230E10F8
:20B5880069032B222B2392246107520367051B250E1069032B242B25922661075203670573
:20B598001B270E1069032B262B2792286107520367051B290E1069032B282B29922A6107A8
:20B5A800520367051B2B0E1069032B2A2B2B922C6107520367051B2D0E1069032B2C2B2DDF
:20B5B800922E6107520367051B2F0E1069032B2E2B2F00068F40B5F68F00B5F1F6092B859F
:20B5C800F6042B840006761F02E7921E0006761F02E7921D0006761F02E7921F0006761F83
:20B5D80002E792200006761F02E7923A0006761F02E792140006761F02E792150006761F78
:20B5E80002E792240006761F02E792220006761F02E792190006761F02E792080006761F84
:20B5F80002E792170006761F02E792180006761F02E792120006761F02E7921300063B10D1
:20B60800761F02E7961E2910FF6900063B10761F02E7961D2910FF6900063B10761F02E75D
:20B61800961F2910FF6900063B10761F02E796202910FF6900063B10761F02E796142910E4
:20B62800FF6900063B10761F02E796152910FF6900063B10761F02E796242910FF6900064F
:20B638003B10761F02E796192910FF690006AABD761F02E731000200D000D200D500D40070
:20B64800B600BE002B0B2B19A92E1E3AAA263A28A02CA836C338C23286BE000652002DA988
:20B6580060037648B63F761F02E7210800063B10FF697648B6562910FF6900063B10761F0B
:20B6680002E796172910FF6900063B10761F02E796182910FF6900063B10761F02E79612F6
:20B678002910FF6900063B10761F02E796132910FF6900060006761F02E71B1905DCB2BDEA
:20B68800621528A905DC9E19D16B8F00440093A996229621D06D28A905B49E19979C96239E
:20B6980054A8562A0822922296948BBE00061EA692A5FFCC900194A4560301A98AA688A9CC
:20B6A800762229010EA5FF479B00901F1EA72DA7A8A90DA68AA90203563BFF55CEC4CFCC96
:20B6B8001EA6CCA500030EA9563BFF5A06A6CAABCBAA1EC4761A000627A8FFDC910195A911
:20B6C800560301A85DA9762229010EABFF479B00901F1EA72BAAFF207A002DA70DA58AA963
:20B6D8000203563BFF55CEC4CFCC1EA6CCAB000327A9A9A9563BFF5A06A6CAABCBAA1EA697
:20B6E800FF207A000DA58AA9C2C4761A000627A8FFDC910195A9560301A85DA97622290164
:20B6F8000EABFF479B00901F1EA72BAAFF207A402DA70DA58AA90203563BFF55CEC4CFCCA6
:20B708001EA6CCAB000327A9A9A9563BFF5A06A6CAABCBAA1EA6FF207A400DA58AA9C2C439
:20B71800761A00062DA9CDACFF0080A888A8FF2001000FA7611180A6FF2002000FA7610A25
:20B7280088A6FF2003000FA66103BE006F06BE066F04BE046F02BE0202011EA7CCAC00FFFC
:20B738002DA906A7563B1EA706A6FF1503C98AA9BE0006A7CEC4CFCCFF5856B001A692A685
:20B7480000062DA9CDACFF0088A8611880A6FF2001000FA7611180A6FF2002000FA7610A0E
:20B7580088A6FF2003000FA66103D4006F08D40E6F06D40C6F04D40A6F02D40802011EA681
:20B768008D007920CCAC00FF2DA906A6563B1E940006761F02DD923F0006761F02DD963EC6
:20B778000006761F02DD963C0006761F02DD923C0006761F02DDCC3B00010006761F02DD21
:20B788002B3B7648B5C276482E1E764878C19A00D405D50C9B967648AA9E9A01D405D50B26
:20B798009B967648AA9E76489EC7764870D77648908576488CDC76489AF1764892D7761F34
:20B7A80002DD1A3B0001000676486A15764866FD764869B30006B2BD7648B7869A00764846
:20B7B800BEFF59A94CA16C169A007648B913761F02DD923C52016109520261059A0076480E
:20B7C80040A36F08D4026F02D4019A029B007648BF514BA16C169A017648B913761F02DDDF
:20B7D800923C52016109520361059A01764840A36F08D4026F02D4009A029B017648BF5137
:20B7E80044A16C0D76480905520061099A0176480B35764819D29A0076480B3541A16C0D26
:20B7F80076480905520061099A0176480B3576481A329A0076480B3542A16C0D7648090546
:20B80800520061099A0176480B357648197D9A0076480B3540A16CA39A00D4C89B1476484C
:20B81800AA559A01D4C89B147648AA559A009B017648A9CD9A019B017648A9CD9A28764819
:20B8280019559A287648192D9A287648190528A90E10764818F57648B7AC76489E959A05C3
:20B838007648BD8A761F02DD963FFFEFFF79761F02E5CC340040FFC50006761F02E5923870
:20B848000006761F02E5560304A91834FFEF901F98340006761F02E5560306A91834FFBF0F
:20B85800907F9834000676486B057648B615761F02E5283504B056BF193656BF1437283887
:20B8680011F876486B052DA93B01BE00761F02E5356DFF46C23C963892355438562A02387D
:20B87800923896390006761F02E5B2BD4634AABD6D5492360A3A543A665B2B3A76486B0992
:20B8880059A976486B093B0185A986A976486B013B01761F02E585A91EAC566500A2A93EB5
:20B8980076486B099B0A761F02E595A992355AA85438631776486B0993A255A9640D761FC5
:20B8A80002E5063C0F3E620592A1543962116F0492A15439640D761F02E592389E376F0A38
:20B8B8008F01D4C0A8A90F3E650392386F03923794389B14C43E95A1793955A9C23C640577
:20B8C80093A19DEC55A9650292A85435562A0338630F923596386F0C2B3A76486B09761F12
:20B8D80002E5BE00933796389538C23C973986BE8BBE0006B2BD59A976486B05761F02E5CA
:20B8E800933795A9553863097648750952C86305761F02E50A3B6F04761F02E52B3B92A138
:20B8F800543B66102B3B76486B052DA93B01761F02E5356DFF465435562A033863039235B1
:20B9080096388BBE0006761F02C3923F0006761F02C3963F0006B2BDAABDA2BDFE025AA964
:20B918007648AAEA80D488DC2FE427EC59C4560308A794A69641560308AA94AB5BA992A128
:20B928005246602293CC5335601F93A75344601C93A6534E601993F4530D601692AA5230C4
:20B93800FFE0009392AB5231FFE0008F9A007648B4929A007648B149761F01FC1A14000897
:20B94800004800006F005247604292CC9CCD601293A75352600F93A65342600C93F4530D45
:20B95800600992A261055202606F9A036F299A016F275202600A93A75352600793A6534370
:20B96800600493F4530D6117521F600A93A75334600793A65343600493F4530D610C520020
:20B97800601692A75243601392A65243601092F4520D600D76486391520169469A0276485B
:20B98800B779761F02DD56BF013D6F3E92A2600892A1520261057648B77D5201612E92A26A
:20B998005202600F92A1520261057648B77D5203612492A1520361087648B77D5202611D5E
:20B9A80092A1522067159241600688A3FF2010000FA661091B4101006717761F02C356BF62
:20B9B800033F6F15761F02C356BF023F6F10761F02C356BF043F6F0B761F02DD923D6004A7
:20B9C8009A007648B779761F02C32B3FFE8282BE86BE8BBE0006761F02CB923F0006761FF2
:20B9D80002CB2B3E00067648B9D79A007648BEFF40A96CFC764875FD76486E43764876117B
:20B9E80076486E827648762576486E9A7648763976486EB276486BF976486E6D76487675C3
:20B9F80076486EF77648766176486EDF7648764D76486EC77648739B76486CE37648735F8F
:20BA080076486CFB76486ADB76486CA0764873C376486D25764873AF76486D107648738715
:20BA180076486CCC7648737376486CB57648743B76486D957648742776486D8076487689A7
:20BA280076486F0F7648747B76486DEB7648744F76486DBF7648746576486DD4764874A725
:20BA380076486E2C7648749176486E1576486D5D76486D3A7648707F764870E8764871585B
:20BA480076486C8A764863A99B9676486F2428A903E89B3276486F8A9AFA76486F577648C8
:20BA5800644328AC016D12A99BFA764870F77648644328AC016812A99B0A764871E99A0AB2
:20BA6800764871229AE69B327648720D764864432DA935D49B32764871BA9A9676486FC1CB
:20BA780028A913568F001388D5059B327648700E764864319BFA76486C109A037648BD8AA3
:20BA8800761F02CB963FFFEFFF52B2BD1EA627462F45804893477622D024CC96DFFFD024B2
:20BA9800CAA49696D024CC96FFE15CA99DFFD024560301A8CAA4969692A75201610418E69E
:20BAA800FFBF6F031AE60040761AD02AD12E7D96D035579E3F968BBE0006B2BD1EA62746B4
:20BAB8002F45804893477622CCE6DFFFCAA496E6CCE6FFE15CA99DFF560301A8CAA496E627
:20BAC80092A75201610418E6FFBF6F031AE60040761AD00AD10E7D96D015579E3F968BBEAB
:20BAD8000006B2BD1EA62F45274793467622CCE6FFE180A99DFF560301A8CAA796E692AB3F
:20BAE8005201610418E6FFBF6F031AE60040761AD00AD10E7C96D0157D9E57968BBE000681
:20BAF80088A48AA992A593A676225301610418DCFFFB6F031ADC00045201610418DCFBFF0E
:20BB08006F031ADC0400761A0006B2BD1EA6A346762293A5D0169DFFD117CC96800780A9B3
:20BB1800D016560306A893A49DFFCBA9560303A8CAA79696D037A9A93F9E9796761A8BBEFC
:20BB28000006B2BD1EA6A346762293A5D0189DFFD119CC96800780A9D018560306A893A465
:20BB38009DFFCBA9560303A8CAA79696D039A9A93F9E9796761A8BBE0006B2BD3B10D00F5F
:20BB48008F00B900D1232B942B9CD0192B94D0372B942910FF698BBE0006B2BD3B10D01023
:20BB58008F00B900D13856BF0194D00F56BF0C9C56BF1494D01A56BF0394D01956BF289429
:20BB6800D02456BF0694D02356BF2894D03756BF64942910FF698BBE0006B2BDAABD7648BE
:20BB780050717648B1687648B1967648ABD87648ACB37648BDD328A901F49B008F0862E624
:20BB88007648BD668D80B90028A902BC9B018F085AAB2BF256BF28EA7648BD66D110D00F4A
:20BB980028A901F48F08B28E9B0256BF019A56BF14927648BD66D11AD01928A901F49B03CF
:20BBA80056BF039A8F08B9DB56BF28927648BD66D124D02328A901F49B0456BF069A8F0857
:20BBB800C16456BF28927648BD66D12ED02D28A901F49B0556BF0A9A8F08B7B356BF1092C5
:20BBC8007648BD66D138D03728A901F49B0656BF0C9A8F08BE9256BF64927648BD66D14264
:20BBD800D0419AC89B0756BF0E9A8F08BFC256BFC8927648BD66D14CD04B56BF0F9A56BF08
:20BBE80064927648BDAA86BE8BBE00063ABDB2BDAABDA2BDFE022901BFA90F12FF58615B9D
:20BBF8005CA8917F08A800801E4293A4FFD65CA8BFA90F1661675DA8917F08A8008059A8DE
:20BC080058A993A5FFD65DA893A471A518A8010097A618A400FF18A500FFDC7F92A49EA573
:20BC180096A7644D08A9FF01623E93A192A0FF3659A858A90642FF35F60E1FA15BA901A348
:20BC2800F60A1FA1562D04A22DA336A0FF40F60B1FA1FF339B00FF30FF540CA295A3FF40F9
:20BC380008A70001F61FFF770920FF4008A70001F61FFF77FF5A92A7652208A9FF016313CE
:20BC4800A9A9FF46917F5BA85AA925A695A7FF960CA295A3BDA90F12FE8282BE86BE8BBED9
:20BC58008EBE00069B00FF5708A8FF7FFF5A93A660F228A8800071AA92AB6FEDFF20000054
:20BC68006FEAFF5A93A418A80100FF965CA8A9A908A8FF7F1CA88000CBA46FDD7648A6C2D4
:20BC78007648A807761F02D6921A601292166008881393149215761F02EF2B326F108817BA
:20BC880093199218761F02EF56BF01326F08881B931C921D761F02EF56BF02327E339735B4
:20BC980096340006B2BD59A976486BB1761F02EF34A9FFF6962F9230600556BF0130764829
:20BCA800AFE27648AF007648AFED7648B0287648BC76922F7648931C76486BE99B0A00C8F1
:20BCB800C08D764894EC76489399761F02EF922F764892E72DA135057648941C761F02EF7D
:20BCC8000A3192319CFF5264681F2B31764891F159A97648081B88A9B2A90FA6600A76489E
:20BCD80091ED59A97648081788A9B2A90FA6610C764891F176481757764891ED7648175074
:20BCE8009A0176480B468BBE0006761F02EF922F00060000761F02ADCC36000F58A961053A
:20BCF8008F00BBC092940006923690F0610ACC3600F0FFC358A98F00BBC092949C040006B8
:20BD0800CC360F00610ACC360F00FFC758A98F00BBC092949C080006CC36F00061099236C9
:20BD1800FFCB58A98F00BBC092949C0C00069A0700063B10FF697648BCF228AC000A761F29
:20BD280002AD8F00B900963788373037560100A4761F02AD7E38761F02ADA83A003F29107E
:20BD3800FF690006BE078F00B9000200B50900A6D0082BEC2BF42BFC1EC42894FFFFDC0A53
:20BD4800770000068F008000761F02AD8F400F9FA83EF7A52B840006761F02AD2B36BE00F4
:20BD5800761F02AD02002B38761F02AD2B37761F02ADC23A761F02AD1E3C000688A9B2BDF8
:20BD6800761F02AD2DA89A0A59A8C53EAABD37A98D80B900A9A9560100A283A706A77EE26B
:20BD7800C3D20DA61E3E7648C0179A012DA1761F02ADFF662BEA2BF22BFAA8C2983686BE8D
:20BD88008BBE00062DA99A0A8F40B90036A9560100A58AD55DE5C5A4BE00DD8192C4600A89
:20BD980092A69C01520A88A9600692A49EA79CF60006BE000200DD81DC0119010FA560EF98
:20BDA8009A0000067648BCF2761F02AD28AC000A8F00B90096373037560100A49237A83A2B
:20BDB800A83C96387648BF8800067648BCF2761F02AD963788370E380FA6610D28AC000A2B
:20BDC80088378F00B9003037560100A47E38A83A7648BFBB00067648BD4A7648BD547648CA
:20BDD800BD3A0006AABD520088A858A55AA4612D52016113520260433B10761F02BA9210E0
:20BDE800FF69761F02BA9C02931600C8C08D28AC000172AC12166F2C3B1028AC11943B0170
:20BDF800761F02EA32A6851C1EA6FF69761F02BA0200F61F561700A692AB931900C8C15ABE
:20BE080093A992199EA86F143B1028AC11943B01761F02EA32A6851C1EA6FF69761F02BAF3
:20BE18000200F61F561700A692AB94109C01761F02BA931900C8C15A88A92910761F02EF92
:20BE280080362901FF20FFFF0FA761063B107E397A3A783B6F053B107E367A37783829106A
:20BE380086BEFF690006B2BD59A47648BDDA9A012DA1FF66FF5E59A992A17648BEFF52004A
:20BE480061FC8BBE0006761F02ED923E000676485B5F5200612876485B5F520461198F00AA
:20BE5800B5F192C4600992CC600792D4600592DC600392E46108761F02ED923F5205690808
:20BE6800520A660A761F01FC1A0320006F05761F01FC1A052000761F02ED0A3F923F520AE0
:20BE780068156F1176807F0083A68AA6761F01FCDD04DC0C1AC508001A0410001AC4400051
:20BE88001AEE2000761F02ED2B3F0006761F02ED2B3D00067648BE8E9A007648BEFF40A984
:20BE98006CFC7648BE4F7648B781520061049A007648BC9A9A067648BD8A761F02ED963EFF
:20BEA8006FEC28AD0400FF69561F5616561AE61002002940761F00002902761B7648C182DA
:20BEB80052006142762228A9D55828A800080901611B76C8D55829046F0F9B0024A9DF0123
:20BEC8006C04290424A8DF011EA6F7A1248606A781A109011EA724A96303FF5C3B0459A99E
:20BED800DF010009FFEC28A9FFFF28A8FFFF090161058F3FFFFF7648C069761A76489C715B
:20BEE80028A9FFFF28A8FFFF0901610E76FFFFFF6F06DF01C3BD1EA73E67C5BE24A9DF0142
:20BEF80024A8FF5860F77648C1437648C042B2BD59A9AABD3B10761F02AD93A18A3CFF5F6F
:20BF08005AA8D00892FC7994CEA2610593A1C1FC29106F17761F02AD9A012D38761F02AD96
:20BF1800FF66FF5EC0362910FF697648BD213B10761F02AD8A3C93A192FCC1FC2910CEA297
:20BF280086BEFF698BBE000680A888A93B109A0A8F00B9002DA636A92DA7560100A4D00815
:20BF38009A01FF669394FF5F98FCCFFC61079B012DA6761F02ADFF6799362910FF6900060E
:20BF48003B10761F02AD8A3C92FC2BFC2910FF690006B2BDAABDA2BDFE025BA896417C425B
:20BF580092A37648AAF35AA992A37648AAEA8BA492A37648AAE192415B42C5A152018BA4AA
:20BF68006104520261056F1892C75201601592A261065CA283A1DC81F7A4248592A37648A1
:20BF7800AA4B5201610692A38AA193A27648A8E79A007648B775FE8282BE86BE8BBE000641
:20BF8800761F02ADC43C06C696AD000787BEC5BEC4BE83BE8ABE82BE86BE000376017602F6
:20BF9800761B76090005AABDA2BDA8BDA0BDC2BDC3BDABBD0004761F02ADC43C92AD1EC61A
:20BFA800761F02ADC53A06C796AD063A1E3C000787BEC5BEC4BE83BE8ABE82BE86BE00032B
:20BFB800760176177602000700076FE69A017648BEFF00067648BFBE6F12521469032B0FA6
:20BFC8006F0E8F007F0083A4761F01FCDC0ADD021AC508001A0210001AC440009A007648C7
:20BFD800BEFF40A96CFC761F02990A0F920F520A66E58F007F0083A4761F01FCDC0CDD041A
:20BFE8001AC508001A0410006FE829022904565FFF5A0642565F1E420200F61F5617004244
:20BFF80006AB56322902762029022904565FFF5A0642FF561E420200F61F5617004256327E
:20C0080029027620FF5A0200F61F56170042A9A97620FF5A0200F61F5617004276202B85EB
:20C018002B85A8A92B852B852B852B852B852B8528850A0A2B852885018D2B857C8597856E
:20C0280028850A0A2B852B852B852B852B852B852B852B852B852B852B852B852B852B8597
:20C038002B852B852B852B852BC5DD028AA5000677006F00B2BD761F02F059A99200610D46
:20C0480028ABFFFF28AAFFFF28A9FFFF28A8FFFF0FAB6103767FFFFF761F02D3C53E3E6777
:20C05800761F02F0060461041EA792A13E67761F02F0060261031EA73E677648C0408BBED1
:20C068000006B2BDAABDA2BDFE0882A4D1005ACB6F155CAD2901560303A107A3DC8809028E
:20C078005CA483A902087648C10A064261068A4483467648C10A5ACBD90192A254A166EAA2
:20C08800FE8882BE86BE8BBE00065CA871A997A63B0185A9FF565DA985A4FF565CA992A565
:20C09800F60F1FA44FA66C02FF5C762096A65CA83B0185A9FF565DA985A4FF565CA992A5AD
:20C0A800F60F1FA44FA66C02FF5D92A87620761BFFF0E20000BDE630060029425616762574
:20C0B8006F00761BFFF0E20000BDE63006002942561676256F00761BFFF0E20000BDE630A8
:20C0C800060029425616F5A90CE076256F0028ACFFFF0F426009A9A90F4456B100AC56B6F7
:20C0D80001AC92AC762056B100AC56B201AC92AC762028ACFFFF0F426003A9A90F4456B159
:20C0E80000AC56B601AC92AC7620761F02E2923E0006761F02E2922A0006761F02E2923C2E
:20C0F8000006761F02E292280006761F02E292100006761F02E2920D0006761F02E2920F90
:20C10800000600065200A8ABC5A4610788A9DE815C857C87000EFFFE88A90FA6610F53006D
:20C11800610D9DFF5CA876BFFFFE92859687000EFFFE92859687000CFFF8A9A40006761F69
:20C1280002BA92120006761F02B992300006761F02B992310006761F02B992320006761FB1
:20C1380002B996300006761F02B996310006761F02B996320006020028ABFFFF28AAFFFF82
:20C1480019010FAB60049A00D4006F05A9A492C4A9A4DC027648BB75000697A69B00F60F1E
:20C158001FA6762097A69B00F60F1FA692A87620761F02E72B3C00067648C1609A007648D8
:20C16800BEFF6FFD761F02F0A81C0006761F02D3A83E00060006561F7622B9C028290068A2
:18C17800761A0048BEA9FF58C4A4610419017D8660FE00069A0100062A
:20C18800761F02E59217761F02E8C50EBE00761F02E52B17761F02DF9623761F02E6C30E27
:20C19800761F02E8C20E0006B2BDAABDA2BDFE08761F02B99233FFE00148D0088F00BA0099
:20C1A8007680B9508F40B9800694D008C2421E95D00A0694D00A1E95D00C0694D00C1E9541
:20C1B800D012D13AC54206947680B7DCD0121E95D0160694D0161E95D0180694D0181E9585
:20C1C800D01A0694D01A1E95D01C0694D01C1E95D01E0694D01E1E95D0200694D0201E95BB
:20C1D800D0220694D0221E95D0240694D0241E95D02A0694D02A1E95D02C0694D02C1E955B
:20C1E800D0280694D0281E95D0260694D0261E95D02E0694D02E1E95D0300694D0301E952B
:20C1F800D0320694D0321E95D0420694D0421E95D0440694D0441E95D0460694D0461E9577
:20C20800D0380694D0381E95D03A06941E9D92C796C68B4206420923FF5ADF0906420919B9
:20C218001EAC064209121E48064209101E460642090E1E4492C7C542D009D90C9696DF0BB9
:20C2280092C7C5A1D00B969692C7C542D00C9696DF0D92C7C544D00D969692C7C542D00E33
:20C238009696DF0F92C7C546D00F969692C7C542D0109696DF1192C7C548D01182429696CA
:20C2480092C7C542D012DB169696DF1592C7C5A3D0158642969692C7C542D016DA1396968A
:20C25800DF1492C7C5A2D014969692C7C542D0139696DF1792C7C542D0179696DF1892C7DB
:20C26800ABA7D018969692C7C542D0199696D021DF2192C7C5429696761F02E8D022DF22EC
:20C2780092C7A9A79696A3C4D023A9C5A3D492C7A9D59696C542D134A3E4A9E592CFA3F476
:20C2880096CEA9F5310092D7D01C96D6A908A90AA90CA912A916A918A91AA91CA91EA92036
:20C29800A922A924A92AA92CA928A926A92EA930A93292DF96DE761F02E9A902A904A906AF
:20C2A80092E7761F02E896E6A938A902A904A90692EF761F02E596EEA9C42B11DF1C92C79C
:20C2B8009696C5422B122B13D01DDF1D92C79696C5428E422B142B1592F72BC096F62B16B3
:20C2C800D0340694761F02E8A93AA934761F02E5D01A1E9DDF1A2B192B1B2B1C2B1D2B1EFD
:20C2D8002B1F2B202B212B222B252B262B242B232B272B282B292B312B322B332B2C2B2D1B
:20C2E80092C72B2A969676485B5F5200601D761F02999238520160188F40BA487680BADFF0
:20C2F8008AA53B01761F02EB85CEDC02560100C485D6560100E5851F761F02E956010008D3
:20C30800761F02990A39761F01D0921260FD761F00608F00BADF5D0028A908002F01C5A44F
:20C318009E02590396D4DF0A5B0427055A062D07920896C7C5A4880921FC7AF408ABF80070
:20C3280008A6F8003FECD009DF087E94920A96C7D00CC5A47BE479DC920BDF0B96C7C5A413
:20C3380008A5F800930C08A8F800DF0D9794920D96C7C5A47DC408AAF80057CCDF0E920EE2
:20C3480096C7761F01D8921260FDC5A4761F006293009201DF1096C7C5A49202DF1196C7ED
:20C35800C5A49203DF1296C7C5A49204DF1396C7C5A49205DF1496C7C5A49206DF1596C789
:20C36800C5A4D00F9207DF1696C7C5A408A8F80097949208DF1796C7761F01A8921260FD1A
:20C37800761F0064C5A48F40BB0092007680BB19DF1896C792C594C4D108D0089C01FFA06D
:20C3880096C692CD94CC9C01FFA096CE92D594D49C01FFA096D692DD94DC9C01FFA096DED4
:20C3980092E594E49C01FFA0761F02EB96E63B0192ED94EC9C01FFA096EE92F594F49C01B5
:20C3A800FFA096F692FD94FC9C01FFA096FE929D9494D109D0089C01FFA09696D009929DE2
:20C3B8009494D10AD0099C01FFA09696D00A929D9494D10BD00A9C01FFA09696D00B929DC8
:20C3C8009494D10CD00B9C01FFA09696D00C929D9494D10DD00C9C01FFA09696D00D929DAC
:20C3D8009494D10ED00D9C01FFA09696D00E929D9494D10FD00E9C01FFA09696D00F929D90
:20C3E8009494D110D00F9C01FFA09696D010929D9494D111D0109C01FFA09696D011929D74
:20C3F8009494D112D0119C01FFA09696D012929D9494D113D0129C01FFA09696D013929D58
:20C408009494D114D0139C01FFA09696D014929D9494D115D0149C01FFA09696D015929D3B
:20C418009494D116D0159C01FFA09696D016929D9494D117D0169C01FFA09696D017929D1F
:20C428009494D1179C01D018FFA0969E92959437D018761F02EC9C012D19FFA0761F02997D
:20C43800331096968F00BAC656030511761F02EC2D1A07AB761F0299FF1B0001562F03C4E4
:20C4480012121EA65603051380A906A681A7FF1B0001FF4B1EA6761F02EC2D1B761F02995A
:20C458007ECC12181EA656030519761F02EC80A92D1E761F029906A6331481A7FF1B0001B8
:20C46800FF4B1EA6D00956030515761F02EC7ED42D2207AB761F0299FF1B00013316562F6B
:20C4780003EC5603051707ABFF1B0001562F0394FE8882BE86BE8BBE0006B2BDAABDA2BDC9
:20C48800FE048F00BA00761F02EC8D40BB1983A42D1A12C92DC1560100C512C1560100D4D4
:20C498002DC1121A560100E43B018DC0BAC685C3560100F4D0092D22C4A4C5A483A41291D0
:20C4A80086A42D1BDE08DD0ADF0C560100C6C4A112D12D22560100C5121B83A4DE032DE92F
:20C4B800560100C7DD0EC5A412D68BA4DA12D00C560100C5D91683A4DF1885E3560100C269
:20C4C800DD1A85F3560100C18BA48593560100C7C5A485DB560100C5D00DD91CDF1E8F40E5
:20C4D800B9508593D013560100C18593560100C7C5A5D01885938EA4DF090AC7C5A5D8203B
:20C4E800560100C0DF0B0AC7C5A5D01285938EA4DF0C0AC7C5A5D822560100C0DF0D0AC7D8
:20C4F800C5A5D00F85938EA4DF0E0AC7D824C5A5560100C08EA485A9DF0FD82A560100C0EF
:20C508000AC7C5A52DF3D00F12938EA4DF100AC7C5A5D82C560100C0DF110AC7C5A5D010B2
:20C5180085938EA4DF120AC7C5A5D828560100C0DF150AC7C5A5D01185938EA4DF160AC756
:20C52800C5A5D826560100C0DF140AC7C5A5D00A85938EA4DF130AC7C5A5D82E560100C0D8
:20C53800DF170AC7C5A5D00885938EA4DF18D830560100C08EA40AC7C5A585FBD83256012C
:20C5480000C0DF190AC7C5A5D01585938EA4DF210AC7C5A5D842560100C0DF220AC7C5A509
:20C55800D01685938EA4DF23A3A7D844560100C086A50AC50ACDD01785938EA40AD50ADD4C
:20C568000AE5D846560100C00AED0AF50AFDD00E85938EA48BA5C5A5A9A5D838560100C05B
:20C578000AC5D01485938EA4DF1A0AC7D91DD83A560100C00AC1DA1C0AC2D00B8593DC342D
:20C58800560100C4761F01D0921260FD761F00608F00BB002D0028A908005D01C5A49E0265
:20C59800D009930396D4DF0A59042F0508AAF8005B065A0779E457EC92087BF496C7C5A455
:20C5A8007AFC270908ABF8003F94DF08920AD00C96C7C5A408A5F8009743920BDF0B96C7C7
:20C5B800C5A47DCC930C08A8F800DF0D9794920D96C79243C5A408ACF80021C496DCDF0E29
:20C5C800920E96C7761F01D8921260FDC5A4761F006293009201DF1096C7C5A49202DF1128
:20C5D80096C7C5A49203DF1296C7C5A49204DF1396C7C5A49205DF1496C7C5A49206DF1507
:20C5E80096C7C5A4D00F9207DF1696C7C5A408A8F80097949208DF1796C7761F01A8921298
:20C5F80060FD2DC6761F02993B018F40BAC6331A5603051B8AA52DCE07ABFF1B0001DC037C
:20C60800562F03C4121C1EA72DDE5603051D27A906A781ABFF1B0001FF4B1EA7331E2DE616
:20C61800D0087FCC5603051F07AB76C0BB24FF1B00013320562F03DC2DEE5603052107AB7D
:20C62800FF1B000133222DFE562F03E456030523C4A707ABFF1B00013324562F03EC56030E
:20C6380005252DCE07AB761F0064FF1B0001562F03FC9300761F02EC92C797189694761F96
:20C648000299C5A4D00933265603052707AB2DD6FF1B0001DF0B3328562F0394D00A5603B3
:20C65800052907ABFF1B0001562F0394D00E92DE96C785F51E422D94D00F129400C8BFED6C
:20C668003B01D00D86A92DEE56030535C5A6333407AB2DF6FF1B00013332DF09562F039491
:20C67800D00E560305332DFE07ABFF1B0001332E562F0394D00F5603052F07ABFF1B000185
:20C68800562F0394D0085603052B2D96D010332A07ABFF1B0001562F039493C7C5A6D01186
:20C698009794D012DF0A93C7C5A69794D10FD013DF0B93C7C5A697947A9DD014DF0C93C7BF
:20C6A8009794D00D5603052D2D96D015332C07ABFF1B0001562F0394764877EEFE8482BE0A
:20C6B80086BE8BBE000676488E2A761F02DB2DA912079B0A00C8C08D3B01B60A2D05960674
:20C6C800330028AC00B50EABF60F1FA79404940630A9761F02BAFF461EA68510761F02BAC7
:20C6D80007208AA9562100C4564400A6FF4D88A9761F02DB9609920A9EA685A9FF56528E9C
:20C6E800640E92A6540A6205540A63040B0A6F020A0A920B6106920A960C6F047E0A2B0BF1
:20C6F8007E0C76487559761F02DB930C9FA91BA80116970D62071B0DFEEA6306280DFEEA36
:20C708006F03280D01162D08120D1BA90570960E63071BA9FA916306280EFA910006280E03
:20C71800056F0006B2BD761F02DB590E790F76487569761F02DB93A12D119FA99710121026
:20C7280096121BA902B262071BA9FD4E63062812FD4E6F03281202B2920C94123B019613E2
:20C738002DA9761F02BA1202761F02EA5C1CFF4B761F02DB85A9DC811E2C761F02EA541C2B
:20C74800640585A4761F02DB1E2C92A4761F02DBFF5C85A90F2C5648022C062C6239761FE9
:20C7580002BA92066005761F02DB062C6131761F02DB922C761F02EA931CFF5C761F02BAC6
:20C768009DFE960555A96405520056B501056F0297059305761F02BAD06B92068F00400019
:20C77800761F0105972B520156BF0194600CD049761F0101CC94FFFC50019609CC09FFFB11
:20C7880050086F37761F02BA56BF01066F35761F02EA921C761F02DB932C9CFE761F02BA37
:20C7980054A897056405530056B501056F029605761F02EA921C761F02BAD06B8F00400086
:20C7A8009E05761F02EA931C761F01059DFF962B761F02BA920697945200600DD049761F25
:20C7B8000101CC94FFFE50029609CC09FFF7500496096F082B06761F01011809FFFC1809D7
:20C7C800FFF38BBE0006761F02DBE2C8011FE2AF0030E71000407700E68800007700770009
:20C7D800BFA60F1202B51EAC3B01564400A6FF4696222DA9761F02BA8510761F02BA07208D
:20C7E8008AA9B2BD761F02DB12C4FF4D59A9962376487569761F02DB93A12D259FA99724A9
:20C7F800122496261BA902F063071BA9FD1163062826FD116F03282602EF76487579761F86
:20C8080002DB93263B0195A997272D27761F02EA121C761F02DB8BBEFF4D85A91E2C0006BA
:20C81800FE0276487589761F02DB931A5C195D1797412B42931C7640C4CB761F02DB1BA9CD
:20C82800012C9616961D62041BA9FE0C6303281D012C921D76489DBBFE820006E20304BD67
:20C83800E20305BDE20306BDFE02761F02BA9212761F02DB962A764875699B0A00C8C08D14
:20C848003B01761F02DBFF5C85A9BDA90F1A852A761F02BA0720761F02DCE2AF0010E68861
:20C8580000018AA9562100C4BFA90F16564400A9FF4DBDA90F16E68C00007700E689001240
:20C86800BFA90F12E68D0008E2030212E203001476489DBB761F02DCE2AF0012E68C00001C
:20C8780077007700BFA90F1276489DB7761F02DCE2AF0014E68C000077007700BFA90F1216
:20C8880076489DB3761F02DCE2AF0012E2AF01148A1AA318C520C41EE7200008A91AE68C5C
:20C898000001A81CC322C220E2030018BFA90F1676489DAF761F02DCE2AF0222E2AF03267E
:20C8A800E2AF0124E2AF0518E304D020E3005C28E309612AE324D01AE300462CE3150D1CF0
:20C8B800E7000172E7200009E8022B80E7100089E80D0000E6940001AD14620AE8062B80AB
:20C8C800E80D0000E6960008E203001E6F0BE8022B81E8022B80E80D0001E80D0000E2035F
:20C8D800011EE68C000077007700BFA90F1276489DAB761F02DCE2AF041E764875593B0144
:20C8E80085A9BDA90F12770077007700761F02DDE6890000E2AF0104E7000009E8022B8612
:20C8F800E7100109E80D0006E6940031AD14620AE8062B80E80D0000E6960008E6CF000184
:20C908006F09E8022B80E8022B81E80D0000E80D0001761F02DCE2030016E68C0008770022
:20C918007700BFA90F1276489DA7761F02DCE2AF0016E5A0AD146439761F02BA92066004B3
:20C92800E5A0AD146132E68C00007700761F02EABFA90F12931C761F02BA9DF6960555A9F7
:20C938006405520056B501056F0297059305761F02BAD06B92068F004000761F0105972B1E
:20C94800520156BF0194600CD049761F0101CC94FFFC50019609CC09FFFB50086F3B761F05
:20C9580002BA56BF01066F39E6AF0000E68C00007700761F02EABFA90F12931C761F02BAB7
:20C968009DF6960555A96405520056B501056F029705761F02EA921C761F02BAD06B8F0060
:20C9780040009E05761F02EA931C761F01059DFF962B761F02BA920697945200600DD049A8
:20C98800761F0101CC94FFFE50029609CC09FFF7500496096F082B06761F01011809FFFC91
:20C998001809FFF3761F02BA920576489DA3FE82E2AF06BEE2AF05BEE2AF04BE0006E2031F
:20C9A80004BDFE02764875893B01761F02DB85A9560100380A2892285208647A0638FF42E4
:20C9B80088A9931C96299FA685A8BDA90F12770077002B280200E68900001E38E8121CB0F9
:20C9C800E203003AAD146206E8261CB0E203003C6F07E8021CB1E8021CB0E203013C761F72
:20C9D80002DCE2AF040EE2AF020CE2AF0300761F02DBE7000104E7000082E2C80117E7100B
:20C9E800011BE203023EE694000BAD1462139218FF5C85A9BDA90F1277007700770077009D
:20C9F800E6890000761F02DCE6960018E20300006F07761F02DCE6CF0008E2030100E71041
:20CA080000807700E6940008AD146211761F02DB9218FF5C85A9BDA90F16770077007700CC
:20CA18007700E68900097700E6960001E8121471761F02DCAD14E20301026206E826147185
:20CA2800E20301106F05E8021470E2030010FE82E2AF04BE0006B2BD88A9AABD2DA8A2BD0D
:20CA3800924A8049520265039A006F783B01761F02BB85A688030700DE0143A66C6BFF42D1
:20CA480093ACBE002B039FA99602C2002DA81BA8012C62091BA8FED4630A2804FED428ACFD
:20CA5800FED46F0628AC012C28A8012C97043305FF6E16AC930658A99607530161035A0826
:20CA68006F032B065AA088095BA62D0F120AFF692DA3330E2DA0564100AB121010A2331187
:20CA780003AB810BFF5A18AB1FFFFF4C2FA985A48AA93F0B780885AA03A4FF4328A802589F
:20CA880095A5961C55AA640B28A9FDA89EA754AA620357096F062FA996096F032FA89709E1
:20CA980055A6640828A8FDA89FA755A662037B0A6F02970A93A555AA640A93A7FF5D55AA2B
:20CAA8006203570C6F0A2FA8970C6F072FA57D0C6F047E032F0C1E0092AA82BE86BE8BBE8A
:20CAB8000006B2BDAABDA2BDFE0258A92F4C92512D50804F274E5B4D5A4B520257419642F2
:20CAC8002FA865040200FFEF011612A77680AF40C5A63B01FF4D94A578C757CF7CD796E708
:20CAD80092E69EC696EE93EE1BA80C8062091BA8F380630A28EEF38028A8F3806F0528A8F0
:20CAE8000C8028EE0C8092AB94A39CF85CA980A892AB54A462035CA3DC8892428CA9018044
:20CAF800A9A981A407A68AA9761F02C392A780422DF472AC1206562F07F406A681A7FF13B5
:20CB0800003183A906A681A78AA98D0001882D0B12941EA7160C81A307A68AA98D000187B5
:20CB180012F48F00AF4007A7562F070793948D00018D929454A8640D8D00018E929454A825
:20CB2800650C8D4001878D000187969C93946F058D00018793A9969497C58D000187929433
:20CB380088D472EC8D00018F2DEC12948D00019AFF4681A61E94924161418D0001948D409D
:20CB4800019392947A9C8D00019394948D000195FFA09694A8A9FF1001931EA78D000194ED
:20CB58008D40019692C796948D00019593948D0001979FA69294979C8D00019694948D00F0
:20CB68000198FFA09694A8A9FF1100CB1EA78D000197FF6E92C796948D0001982D948D00D1
:20CB7800019133948D00019916AC9694A8A9FF1100CD83A98594560100C58D00019C85945F
:20CB88008D00019AC5940FA76405FF5C85A90FA7650D85A98F40BC191E94A0A9814283A980
:20CB9800C594560301CC9EC596CC8F00BC19A8A98F00AF40814288CC8D00019083A956212E
:20CBA800009485A6564100A7FF698D00019E7EC5564400A7FF461E9492428D0001A0560306
:20CBB80001A907A483A902851EAC027B560500951EAC5644001E761F02BD07ABFF471E959D
:20CBC800850007958D00019E1E948394C4A5FF203E800FA66409FF27FF830FA5564802943F
:20CBD800564802A56F0676803E808F403E80C294A0A9FE8282BE86BE8BBE0006FE0876488C
:20CBE8007559761F02BA34A90CCDFF190001562F050A76487569761F02BA34A90148FF1980
:20CBF8000001562F050B76487569761F02BA2B4134A90148880E2B0F3B0127108019FF1914
:20CC080000017E42562F050C761F02EA3F43931D761F02BA7F449745851007201EA792C738
:20CC18009646920A761F02EA5D222B47761F02BA930B5C0C7640C551761F02BA3B015621EB
:20CC280000021E2456440024FF4B9604761F02EA541C6406921C761F02BA9CFF96049A01DC
:20CC3800761F02EA9E1C761F02BA5404562A020492046231920660039204612D9204761FFF
:20CC480002EA931CFF5C761F02BA9DFE960555A96405520056B501056F0297059305920648
:20CC5800D06B8F004000761F0105972B520156BF0194600CD049761F0101CC94FFFC500190
:20CC68009609CC09FFFB50086F35761F02BA56BF01066F33761F02EA921C761F02BA93041C
:20CC78009CFE970554A86405530056B501056F029605761F02EA921C761F02BAD06B8F0047
:20CC880040009E05761F02EA931C761F01059DFF962B761F02BA920697945200600DD04995
:20CC9800761F0101CC94FFFE50029609CC09FFF7500496096F082B06761F01011809FFFC7E
:20CCA8001809FFF3FE880006761F02BA2D1D3B01761F02EA211D761F02BA881E8510072084
:20CCB8008AA97E0212C4FF4D80A92DA6960312A7FF4B9604761F02EA541C6406921C761FB7
:20CCC80002BA9CFF96049A01761F02EA9E1C761F02BA5404562A0204920462319206600332
:20CCD8009204612D9A4B9E04761F02EA931C761F02BA9DFE960555A96405520056B5010510
:20CCE8006F02970593059206D06B8F004000761F0105972B520156BF0194600CD049761F71
:20CCF8000101CC94FFFC50019609CC09FFFB50086F35761F02BA56BF01066F33761F02EA74
:20CD0800931C9C4B761F02BA9DFE960555A96405520056B501056F029705761F02EA921CE8
:20CD1800761F02BAD06B8F0040009E05761F02EA931C761F01059DFF962B761F02BA9206EC
:20CD280097945200600DD049761F0101CC94FFFE50029609CC09FFF75004960900062B060E
:20CD3800761F01011809FFFC1809FFF30006761BFFF00005ABBDA8BDA0BDC2BDC3BDE2007F
:20CD480000BDE20300BDE20301BDE20302BDE20303BDE6300600FF69294256167640CFA6FA
:20CD5800761F02B9923C610E0A3D923D522A640D2B3C761F02E41A390200761F02AD1A3660
:20CD68000020761F02B92B3D92306006761F01FC1A1400086F05761F01FC1A120008761F14
:20CD780002B992316006761F01FC1A0D08006F05761F01FC1A0B0800761F0033E2AF03BEA9
:20CD880056BF0121E2AF02BEE2AF01BEE2AF00BEE28000BEC5BEC4BE83BE8ABE87BE00036E
:20CD98003B30FFF176177602761BFFF00005ABBDAABDA8BDA0BDC2BDC3BDE20000BDE20382
:20CDA80000BDE20301BDE20302BDE20303BDE6300600FF6929425616761F02B99233761FBD
:20CDB80001D028147FFF761F01D8281403FF761F01A856BF01146028761F0148C500BE963D
:20CDC800761F02EB06A70300FF5A761F02EA0200F61F561700A63F14761F02E306A7030C8C
:20CDD800761F02E4FF5A0200F61F561700A61A110004761F02EBC300761F02AD1A36000233
:20CDE800761F02EA3F15761F02EA0E1B761F02B90A33761F02BA560100262901FF202000E8
:20CDF8000726761F02BAFF4D9610761F02BA54196411761F02EA921F761F02BABE002B10FC
:20CE0800761F02B92B33761F02EA961D761F02BAC2267640BC34764875691BA904B06309C9
:20CE18001BA9FB506406761F02B9D2002B346F06761F02B9D2010A340A35764875891BA96B
:20CE2800138856B400A156B301A176485B5F5200611876485B5F52036007761F02B992346C
:20CE38005232650F6F06761F02B99234521464092B34761F02D79A241A3900087648635528
:20CE48007648B0685200612192A1CAA2601A7648B0545200601D7648B06852036010761F46
:20CE580002B9923E520160149A017648B0787648B17E7648ABD87648ACB36F0A9A016F0613
:20CE68007648B054520061049A007648B0787648B068520061107648B0545200610C7622FF
:20CE7800761F01021A170004761F01061A170004761A6F0E7622761F01021A1B0004761FF1
:20CE880001061A1B0004761A761F02EA2B1D7648B068520261117648B06852036108764803
:20CE9800B0685201600B7640C7446F087640C43F7640C2CE6F037640C67E761F01021A2A25
:20CEA8000001761F02B9E2AF03BE2B3E761F0033E2AF02BE56BF0421E2AF01BEE2AF00BE6C
:20CEB800E28000BEC5BEC4BE83BE8ABE86BE87BE00033B30FFF176177602761BFFF000053B
:20CEC800ABBDA8BDA0BDC2BDC3BDE20000BDE20300BDE20301BDE20302BDE20303BDE630DE
:20CED8000600FF6929425616761F01D028147FFF761F01D8281403FF761F01A856BF0114C1
:20CEE800761F01FC4D106D0F761F02B90A37611056BF01379A007648B65F761F02D71A3843
:20CEF80020006F06761F02B9923761020B37761F01FC4D106D0F761F02B90A39611056BF43
:20CF080001399A007648B65F761F02D71A3820006F06761F02B9923961020B39761F01FCB9
:20CF18004F106D0F761F02B90A3B611056BF013B9A007648B65F761F02D71A3400406F06E9
:20CF2800761F02B9923B61020B3B764875891BA913886307761F02B9923661190B366F1745
:20CF3800761F02B90A3692365232681156BF32369A007648B492761F02D71A3810007648DB
:20CF48005B5F520461049A1D764863557648644328AC017712A98BA976486B9593A155A997
:20CF5800660576485B5F52006007761F02B9923861190B386F17761F02B90A3892385232E0
:20CF6800681156BF32389A007648B492761F02D71A37200076485B5F520461049A0E76489B
:20CF780063557640BF1D7640CABC7648B5F35200612E76228D404400B2A909978AA91AC417
:20CF88000004761A7648B5F35201611E7648B5F35202611A7648B5F3520461138AA1DC6BE6
:20CF980092C42BC47622D084761F0112CC91FFFE50029604B2A9099B8BA91AC100046F1EBB
:20CFA8007648B6836F1E7640CC8F6F1B8F00440083A4761F01FC1A0C0400DD6B92C52BC505
:20CFB8007622D084761F0112CC94FFFE50029604A8A9099B8AA91AC40004761A7648B63F2F
:20CFC80076487579D4009B007640CDCA761F02E2920D761F02BA9612761F02BA54196309A6
:20CFD8005200630B9319761F02BA95A997126F059E19761F02BA9612761F02B9923F6008E8
:20CFE800761F02DE441A6C16181AFFEF6F137648757959A9764875293B01761F02BA5CA996
:20CFF8008512761F02BA072083A992A193C57640CF58761F02BA92107640CEF576489EE2CC
:20D00800761F01061A2A0001761F003356BF0421E2AF03BEE2AF02BEE2AF01BEE2AF00BEE3
:20D01800E28000BEC5BEC4BE83BE8ABE87BE00033B30FFF176177602761F02E19217B2BD12
:20D02800FFE1018D764864190EA9BDA90F16770077007700E801F0C8E68B0009E80CCCD0ED
:20D03800E70000407700E68E00007700761F02E1BFA90F12931B53106905541B562A081BBD
:20D048006F0356BF101B92275201FFE1009E921D6056921E603B76486419761F02E1FFC06A
:20D058009E1B54186614921AFFC09E1B96187648B06852036133764875891BA912C0631CB7
:20D06800764875891BA91130624D6F28921F0A1C541C66032B1C0A187648B0685203611EDE
:20D07800764875891BA912C06307764875891BA9113062386F137622761F010956BF0509A5
:20D08800761F010D56BF05096F180B1E56BF101876486419761F02E1961A7622761F010A3A
:20D098001A170004761F010E1A170004761F01092B09761F010D2B09761A6F140B1D7622ED
:20D0A800761F010956BF0509761F010D56BF0509761A761F02E12B1876486419761F02E1E2
:20D0B800961A761F02E11B1A036866041B1A03686703281A0368921AFFC09E1B5418562A5F
:20D0C8000818764875891BA90BB86409761F02E11B18012C69049A017648B492761F02E11C
:20D0D800D0638F004200921A93189694D06B9E189694D06D9794D063931A8F004300979453
:20D0E8009318FFEF00C7922E6016922A54256908922F0A2D542D66052B2D0A256F02962555
:20D0F8007622761F010E1A170004761F010D2B09761A6F140B2E7622761F010956BF05092A
:20D10800761F010D56BF0509761A761F02E12B2576486419761F02E1961A76486AE9520023
:20D118006049761F02E1922552506944921AFFC09E1B542A660A0A291B297530962A690B6E
:20D128002B2956BF01286F0A932B0A2C552C66032B2C0A2A932853016042923560149231C4
:20D138005426690792360A34543466032B340A267622761F010A1A170004761F01092B0927
:20D14800761A6F080B352B2676486419761F02E1961A761F02E1921AFFC09E1B543169083A
:20D1580093320A335533661B2B330A316F1896316F16761F02E12B287622761F010956BF29
:20D168000509761F010E1A170004761F010D2B09761A761F02E1921AFFC09E1B932A55317A
:20D17800562B0831542A562A082A5425562A0825932A5525562B08255431562A08315426EA
:20D18800562A082692315426562A0826764875891BA90BB86409761F02E192255228690428
:20D198009A017648B492761F02E1D1638F004200921AD06B931A9E26979C96949325D06DB1
:20D1A80092269694D063921A8F00430096949E25D16BD06D969C97946F417622D0497680BA
:20D1B800420076C0430056BF0596D04956BF0597761AD06383A6D16B8AA7281A0368281DD7
:20D1C80003E8281E75302B3A2B232B252B2656BF642A282B07D02B2C2B2D282E03E8282F09
:20D1D80003E856BF3231283207D02B332B34283503E8283603E82B162B1828960368D06375
:20D1E800DD6DDC6D28970368D06B289E036892C52BC52897036892C42BC48BBE0006B2BD8A
:20D1F800FE02764875993B01761F02E785A956010026764874F93B01761F02E785A956017C
:20D2080000287648B845761F02E7961F764851E452016010761F02E00E31761F02E70F3ABD
:20D218006205761F02E00E316F0602015601003A6F050200761F02E71E3A76485B5F520DAD
:20D2280060070232761F02E75650003A1E3A761F02E70A0B920B5208645606263B01D50014
:20D23800D400FF4227A9960C2B0B0628A026FF42960D93209E1FA8289FAB88A9960F920A45
:20D24800970E520260085300971056B4010A56B301106F0297107E119A017648B852761F9D
:20D2580002E79210526462071B10FF9C63062810FF9C6F0356BF64102D103B011212FF472C
:20D268001EA61E2A12135601002C063AFF370F2C6404062C630302001E2C062CFF4707A6D0
:20D278001E2E0F3A6205FF58630502006F02063A1E2EC42E02E6C2320FA6640406A66303DF
:20D2880002001E32764874E9761F02E793329FA95364971662071B16FF9C63062816FF9CB3
:20D298006F0356BF64162D163B011217FF4B1EA71E34121807361EA61E36FF2F08000FA602
:20D2A80064040636630302001E360636FF4B07A71EA68F0040001E38A8A90FA6640606A6CD
:20D2B800630502001E386F02A8385621000956440038FF4D96191BA902EE62055200630523
:20D2C8002B196F03281902EE92209C14540C630402002B191E2C76486AFD52326305761F00
:20D2D80002E72B1A6F05761F02E756BF011A1B1905DC624E921A602F761F01FC1A0C04002A
:20D2E800761F02E71B1902EE6503281902EE28A905DC93199E19972296217648759959A998
:20D2F800764874F92DA9761F02E792A174AC12198BA9764874F93B0185A91E42B2A900C8CD
:20D30800BFED761F02E796235422562A082292199CE26F1328A905DC9E1993A99F1C761F62
:20D3180001FC1A0A0400761F02E796229621972355A9562B082292245422D16B8F00440045
:20D32800562A0822D06D93219222979C9694FE828BBE00068F001F7B88A93B01761F02E25B
:20D33800A8AC85A6560500128F0020831EA7A9A9A8ACFF4CAABDFF5A56440018565D00A735
:20D34800FF4C07ABC3181E2C1E128AA9560301A62DA91206FF4A562100081E381E321EA71F
:20D35800560500A4A9A956210006FF49FF5A92A6FF5C85A903AB564400A9C4A7FF4AFF6879
:20D36800562100091E36FF5A07A7FF541E3406A7560100AB11ACFF69564400A9FF491E3A6E
:20D3780086A9761F02BA9219761F02E2FFA1270494AB3F029603761F02BA541964059E192F
:20D38800761F02E29603761F02BAC52006A781AB8AA9761F02E25DC406A781038AA97D00B6
:20D3980058C487A685A0560500A9AAAC8F0003D585A5564400A987A607ABFF4D1E281EA7A3
:20D3A80085A5560500A9AAAC85A0564400A903ABFF4D1E2A1EA6022B1EAC564400A7A8ACE7
:20D3B8005605001E07ABFF491E3C1E1E83A9022B1EAC564400A6A8AC560500205621000B98
:20D3C80007AB8F0004B6FF491E3E1E20560500A55621000C5644002407225621000A560126
:20D3D80000ABA922564400A50722FF49761F02E31EAC1E00761F02E2A8A978010FAC640D3E
:20D3E800FF21FDA50FAC6205761F02E3AB026F08761F02E31E026F04761F02E3A802FF2053
:20D3F8000C45A30207021E04565D00AC761F02E207261EA61E26761F02E31E06761F02E2D0
:20D408000215A9241EAC564400A6FF4F960D761F02BA5419644506A6FF3107A6BDA90F12AE
:20D4180077007700E8020249E8087ED1E68900007648BBEE761F02BAE2C801197648BBEE40
:20D42800761F02E2BE00E68800002B0D920EC226761F02E3E203000A6123761F01480600AE
:20D43800BE96761F02E31E0C030EFF5A0200F61F561700A6060C761F02E23F10761F02E3F4
:20D448001E0E7640BC20761F02E41A1B0002761F02AD1A360004761F02B956BF013E761F83
:20D4580002E2920D86BE96040006761F02EF803688A92901FF20FFFF0FA761298036761F0E
:20D4680002BA2BAADF0193A75519761F02EF56B700A727360EA60FAB610580A70EA60FA78F
:20D47800601628AC000A30388F00B9002D372836FFFF56BFFF37560100A49B01FF672D3823
:20D48800761F02AD99FC9B01FF679936761F02EF8039FF20FFFF0FA7612B8039761F02BA32
:20D498002BAADF0193A75519761F02EF56B700A727390EA60FAB61050EA688A70FA6601899
:20D4A80028AC000A8F00B900303B2D3A560100A49A01FF662D3B761F02AD98FC9A01FF6631
:20D4B8009836761F02EF2839FFFF56BFFF3A000688A92DA8761F02DE3B013013FF4D93A9CB
:20D4C800963628A902BC94A854A6640508A8FD4455A665251BA405DC63221BA4FA24651F4E
:20D4D800761F02DF2B0B761F02DE441A6D2F761F02DF0A0A920A521E6829761F02DE1A1A49
:20D4E8000010761F02D71A312000761F02E41A070008761F02AD1A3600010006761F02DF86
:20D4F8002B0A761F02DE441A6C11761F02BA921A761F02DF0A0B540B6609761F02D7183182
:20D50800DFFF761F02DE181AFFEF00068D00B900C5A03AA9D400094603A7090A83A992EF6F
:20D5180061110AF754F7660E9A0A2DA436A92BF707A01EA6761F02AD9A01FF661AFE000183
:20D528009836020ADD8ADC01DF0A0FA569E900067622761F17E61800FFFD1800FFFE761FE8
:20D5380017E0CC00F0FF1AA902009600761F17E61A0000021A000001761F17ECCC00FFF8A2
:1ED54800500A9600761AF6077700FF690006190156C3FFFF0006190156C3FFFF0006F5
:20D55800FFFFB6C0000008FCFFFFB6C100000000FFFFB6C200000002FFFFB6C300000001D6
:20D56800FFFFB6C400000000FFFFB6C500000019FFFFB6C600000000FFFFB6C700000000A4
:20D57800FFFFB6C8000000C8FFFFB6C900000000FFFFB6CA00000000FFFFB6CB00000001D4
:20D58800FFFFB6CC00000000FFFFB6CD00000000FFFFB6CE00000000FFFFB6CF000000007D
:20D59800FFFFB6D000000000FFFFB6D100000003FFFFB6D200000000FFFFB6D3000000005A
:20D5A800FFFFB6D400000000FFFFB6D500001068FFFFB6D70000FFFBFFFFB6D800000005C4
:20D5B800FFFFB6D900000000FFFFB6DA00000014FFFFB6DB00000E10FFFFB6DC00000FA038
:20D5C800FFFFB6DD00000000FFFFB6DE00000000FFFFB6DF000001F4FFFFB6E00000000004
:20D5D800FFFFB6E100000000FFFFB6E200000000FFFFB6E300000000FFFFB6E400000000D9
:20D5E800FFFFB6E500000001FFFFB6E600000000FFFFB6E700000000FFFFB6E800000000B8
:20D5F800FFFFB6E900000000FFFFB6EA00000000FFFEB6EC000000000000FFFEB6EE000098
:20D6080000000000FFFEB6F0000000000000FFFEB6F2000000003F00FFFEB6F4000037F4A9
:20D618003AA1FFFEB6F6000000000000FFFEB6F8000000000000FFFEB6FA00000000000016
:20D62800FFFEB6FC000000000000FFFEB6FE000000000000FFFEB700000000000000FFFED1
:20D63800B702000000000000FFFEB704000000003FC0FFFEB7060000C28F3C75FFFEB708EA
:20D648000000CCCD3D4CFFFEB70A0000126F3A03FFFEB70C0000CCCD3D4CFFFEB70E000080
:20D65800126F3A03FFFEB710000000000000FFFEB712000000000000FFFEB71400000000A2
:20D668000000FFFEB716000000000000FFFEB718000000000000FFFEB71A0000000000003E
:20D67800FFFEB71C000000000000FFFEB71E000000000000FFFEB720000000000000FFFE1F
:20D68800B722000000000000FFFEB72400008D503FFFFFFEB726000027BB3F7FFFFEB72860
:20D6980000004120403DFFFEB72A0000B7E9409FFFFEB72C000038864002FFFEB72E000075
:20D6A80000000000FFFEB730000000000000FFFEB732000000000000FFFEB73400000000B0
:20D6B8000000FFFEB736000000000000FFFEB738000000000000FFFEB73A00009A6B3FFF4B
:20D6C800FFFEB73C0000D2203F7FFFFEB73E0000DB234025FFFEB7400000C1BE409FFFFEFE
:20D6D800B74200000AA6401AFFFEB7440000CCCD3DCCFFFFB806000008FCFFFFB807000018
:20D6E8000000FFFFB80A00000000FFFFB80B00000001FFFFB80C0000FF9CFFFFB80D000080
:20D6F8000000FFFFB80E00000000FFFFB80F00000000FFFFB81000000000FFFFB8110000FC
:20D708000000FFFFB81200000000FFFFB81300000000FFFFB81400000000FFFFB8150000DB
:20D718000000FFFFB81600000000FFFFB81700000000FFFFB81800000000FFFFB8190000BB
:20D728000000FFFFB81A00000000FFFFB81B00000000FFFFB81C00000000FFFFB81D00009B
:20D738000032FFFFB81E00000000FFFFB81F00000000FFFFB82000000000FFFFB821000049
:20D748000000FFFFB82200000001FFFFB82300000000FFFFB82400000000FFFFB82500005A
:20D758000000FFFFB82600000000FFFFB82700000000FFFFB828000009C4FFFFB82900006E
:20D768001900FFFFB82A00000000FFFFB82B00000000FFFFB82C00000000FFFFB82D000002
:20D778000000FFFFB82E00000000FFFFB82F00000000FFFFB83000000000FFFFB8310000FB
:20D788000000FFFFB83200000000FFFFB83300000000FFFFB83400000000FFFFB8350000DB
:20D798000000FFFFB83600000000FFFFB83700000000FFFFB83800000000FFFFB8390000BB
:20D7A8000000FFFFB83A00000000FFFFB83B00000000FFFFB83C00000000FFFFB83D00009B
:20D7B800001EFFFFB83E00000000FFFFB84000000000FFFFB84100000ED8FFFFB842000074
:20D7C8000000FFFFB84300000000FFFFB84400000000FFFFB84500000000FFFFB846000057
:20D7D8000000FFFFB84700000000FFFFB84800000000FFFFB84900000000FFFFB84A000037
:20D7E8000003FFFFB84B00000000FFFFB84C00000000FFFFB84D00000000FFFFB84E000014
:20D7F8000000FFFFB84F00000000FFFFB85000000000FFFFB85100000000FFFEB8520000F8
:20D8080000000000FFFEB854000000000000FFFFB79500000000FFFFB79600000000FFFF64
:20D81800B79700000000FFFFB79800000000FFFFB79900000000FFFFB79B00000AF0FFFFBF
:20D82800B79C00000AF0FFFFB79D00000320FFFFB79E00000320FFFFB79F00000A8CFFFFC0
:20D83800B7A000000384FFFFB7A100001964FFFFB7A200001964FFFFB7A300000FA0FFFF46
:20D84800B7A400000FA0FFFFB7A50000189CFFFFB7A600001068FFFFB7A70000139CFFFFCC
:20D85800B7A800001374FFFFB7A900000014FFFFB7AA00000014FFFFB7AB00000014FFFF73
:20D86800B7AC00000014FFFFB7AD0000001EFFFFB7AE00000005FFFFB7AF0000001EFFFFC1
:20D87800B7B000000005FFFFB7B600000000FFFFB7B700000000FFFFB7B800000000FFFFE2
:20D88800B7B900000000FFFFB7BA00000000FFFFB7BB00000000FFFFB7BC00000000FFFFC2
:20D89800B7BD00000000FFFFB7BE00000000FFFFB7BF00000000FFFFB7C000000000FFFFA2
:20D8A800B7C100000000FFFFB7C200000000FFFFB7C300000000FFFFB7C400000000FFFF82
:20D8B800B7C500000000FFFFB7C600000000FFFFB7C700000000FFFFB7C800000000FFFF62
:20D8C800B7C900000000FFFFB7CA00000000FFFFB7CB00000000FFFFB7CC00000000FFFF42
:20D8D800B7CD00000000FFFFB7CE00000000FFFFB7CF00000000FFFFB7D000000000FFFF22
:20D8E800B7D100000000FFFEB7D2000000000000FFFEB7D4000000000000FFFEB7DA0000FC
:20D8F80000000000FFFFB600000002D0FFFFB60100000000FFFFB60500000230FFFFB60630
:20D90800000002D0FFFFB6070000000FFFFFB6080000003CFFFFB6090000000FFFFFB60AE1
:20D9180000000000FFFFB65E0000044CFFFFB65F0000047EFFFFB66000000000FFFFB661CF
:20D9280000000000FFFFB66500000000FFFFB66600000000FFFFB66700000000FFFFB66875
:20D9380000000000FFFFB66900000000FFFFB66A00000000FFFFB66B00000000FFFFB66C55
:20D9480000000000FFFFB66D00000000FFFFB66E00000000FFFFB66F00000000FFFFB67035
:20D9580000000000FFFFB67100000000FFFFB67200000000FFFFB67300000000FFFFB67415
:20D9680000000000FFFFB67500000000FFFFB67600000000FFFFB67700000000FFFFB678F5
:20D9780000000000FFFFB67900000000FFFFB67A00000000FFFFB67B00000000FFFFB67CD5
:20D9880000000000FFFFB67D00000000FFFFB67E00000000FFFFB67F00000000FFFFB680B5
:20D9980000000000FFFFB68100000000FFFFB68200000000FFFFB68300000000FFFFB68495
:20D9A80000000000FFFFB68500000000FFFFB68600000000FFFFB68700000000FFFFB68875
:20D9B80000000000FFFFB68900000000FFFFB68A00000000FFFFB68B00000000FFFFB68C55
:20D9C80000000000FF38B40000009C72000875590008756900087599000875190008752938
:20D9D8000008757900087589000875B9000874F90008750900089C7200089C7200089C72C0
:20D9E80000089C7200089C7200089C7200089C7200089C7200088DEA00088E2A00086B956A
:20D9F80000089920000899540008897A00086B7500086B7D00086B0500086B1500088E12CE
:20DA080000089C7200089C7200089C7200089C7200089C7200089C7200089C7200088DEEE1
:20DA180000088E2E00086B9900089924000899580008897E00086B7900086B8100086B09F5
:20DA280000086B1900089C7200089C7200089C7200089C7200089C7200089C7200089C72B8
:20DA380000089C720008C0F90008C0F10008C0F50008C0ED00089C7200089C720008B048A0
:20DA48000008B03C0008B1B40008AAFD00089C7200089C7200089C7200089C7200089C7240
:20DA580000089C7200089C7200089C720008C1270008899200089C7200089C7200089C7217
:20DA680000089C7200089C7200089C7200089C7200089D8D00089D8400089D7B00089D72B4
:20DA780000089D6900089D6000089D5700089C7200089C7200089D5300089D4F00089D4B77
:20DA880000089D4700089D4300089D3F00089D3B00089D3700089C720008FFFFB5C6000073
:20DA98000000FFFFB5C700000000FFFFB5C800000000FFFFB5C900000000FFFFB5CA000080
:20DAA8000000FFFFB5CB00000000FFFFB5CC00000000FFFFB5CD00000000FFFFB5CE000060
:20DAB8000000FFFFB5CF00000000FFFFB5D000000000FFFFB5D100000000FFFFB5D2000040
:20DAC8000000FFFFB5D300000000FFFFB5D400000000FFFFB5D500000000FFFFB5D6000020
:20DAD8000000FFFFB5D700000000FFFFB5D800000000FFFFB5D900000000FFFFB5DA000000
:20DAE8000000FFFFB5DB00000000FFFFB5DC00000000FFFFB5DD00000000FFFFB5DE0000E0
:20DAF8000000FFFFB5DF00000000FFFFB5E000000000FFFFB5E100000000FFFFB5E20000C0
:20DB08000000FFFFB5E300000000FFFFB5E400000000FFFFB5E500000000FFFFB5E600009F
:20DB18000000FFFFB5E700000000FFFFB5E800000000FFFFB5E900000000FFFFB5EA00007F
:20DB28000000FFFFB5EB00000000FFFFB5EC00000000FFFFB5ED00000000FFFFB5EE00005F
:20DB38000000FFFFB5EF00000000FFFFB5F000000000FFFFB9C800000000FFFFB9C9000089
:20DB48000591FFFFB9CA00000000FFFFB9CB00000000FFFFB9CC00000000FFFFB9CD00001D
:20DB58000000FFFFB9CE00000000FFFFB9CF00000000FFFFB9D000000000FFFFB9D1000093
:20DB68000000FFFFB9D200007530FFFFB9D300000014FFFFB9D400007530FFFFB9D5000015
:20DB78000014FFFFB9D600000000FFFFB9D700000078FFFFB9D800000005FFFFB9DA0000C1
:20DB88000000FFFFB9DB00000000FFFFB9DC00000028FFFFB9DD00000032FFFFB9DE0000D5
:20DB98000032FFFFB9DF00000BB8FFFFB9E100000000FFFFB9E200000000FFFFB9E3000017
:20DBA8000000FFFFB9E400000514FFFEB9E6000000000000FFFEB9E8000000000000FFFE72
:20DBB800B9EA000000000000FFFEB9EC000000000000FFFEB9EE000000000000FFFEB9F0BE
:20DBC800000000000000FFFEB9F2000000000000FFFEB9F4000000000000FFFEB9F600003F
:20DBD80000000000FFFEB9F8000000000000FFFEB9FA000000320000FFFFB8560000000091
:20DBE800FFFFB85700000000FFFFB85800000000FFFFB85900000000FFFFB85A00000000E3
:20DBF800FFFFB85B0000009FFFFFB85C00000000FFFFB85D000001F4FFFFB85E000003200C
:20DC0800FFFFB85F00000064FFFFB86000000FA0FFFFB86100000368FFFFB86200000368B9
:20DC1800FFFFB86300000000FFFFB86400000000FFFFB86500000000FFFFB8660000000082
:20DC2800FFFFB86700000000FFFFB86800000000FFFFB86900000000FFFFB86A00000064FE
:20DC3800FFFFB86B000005DCFFFFB86C00000000FFFFB86D00000000FFFFB86E000003E876
:20DC4800FFFFB86F000003E8FFFFB87000000064FFFFB87100000032FFFFB872000007D0CA
:20DC5800FFFFB87300000000FFFFB87400000000FFFFB87500001770FFFFB876000007D0A4
:20DC6800FFFFB87700000064FFFFB87800000000FFFFB87900000000FFFFB87A000000007E
:20DC7800FFFFB4DB00000000FFFFB4DC00000000FFFFB4DD00000000FFFFB4DE0000000052
:20DC8800FFFFB4DF00000000FFFFB4E000000000FFFFB4E100000000FFFFB4E20000000032
:20DC9800FFFFB4E300000000FFFFB4E400000000FFFFB4E500000000FFFFB4E60000000012
:20DCA800FFFFB4E700000000FFFFB4E800000000FFFFB4E900000000FFFFB4EA00000000F2
:20DCB800FFFFB4EB00000000FFFFB4EC00000000FFFFB4ED00000000FFFFB4EE00000000D2
:20DCC800FFFFB4F200000000FFFFB4F300000000FFFFB4F400000000FFFFB4F500000000A6
:20DCD800FFFFB4F600000000FFFFB4F700000000FFFFB4F800000000FFFFB4F90000000086
:20DCE800FFFFB4FA00000000FFFFB4FB00000000FFFFB4FC00000000FFFFB4FD0000000066
:20DCF800FFFFB88400000000FFFFB8850000000AFFFFB88600000155FFFFB8870000024F6D
:20DD0800FFFFB888000006EEFFFFB8890000024FFFFFB88A0000040AFFFFB88B00000006A4
:20DD1800FFFFB88C00000006FFFFB88E00000001FFFFB88F00000005FFFEB89200000000CD
:20DD28000000FFFEB894000000000000FFFEB896000000000000FFFEB898000000000000FA
:20DD3800FFFEB89A000000000000FFFEB89C000000000000FFFEB89E000000000000FFFEDB
:20DD4800B8A0000000000000FFFEB8A2000000000000FFFEB8A4000000000000FFFEB8A658
:20DD5800000000000000FFFEB8CA000013880000FFFEB8CC000000000000FFFFAE800000E4
:20DD68000000FFFFAE8200000341FFFFAE8700000014FFFFAE88000002A8FFFFAE890000CF
:20DD780003E8FFFFAE8D00000000FFFFAE8E00000000FFFFAE9000000000FFFFAE910000B4
:20DD88000000FFFFAE9200000000FFFFAE9300000040FFFFAE9400000060FFFFAE950000DD
:20DD98000080FFFFAE96000000C0FFFFAE9700000100FFFFAE9800000140FFFFAE990000DB
:20DDA8000180FFFFAE9A00000300FFFFAE9B0000270FFFFFAE9C0000270FFFFFAE9D00004D
:20DDB80028A8FFFFAE9E00000341FFFEAEA00000959E0008FFFEAEA2000095FF0008FFFE81
:20DDC800AEA6000000000000FFFFB8E6000004D8FFFFB8E70000050AFFFFB8E800000474AD
:20DDD800FFFFB8E9000004A6FFFFB8EA00000320FFFFB8EB00000352FFFFB8EC0000035232
:20DDE800FFFFB8ED0000038EFFFFB8EE00000000FFFFB8EF00000000FFFFB8F000000000F8
:20DDF800FFFFB8F100000000FFFFB8F200000000FFFFB8F300000000FFFFB8F40000000069
:20DE0800FFFFB8F500000000FFFFB8F600000000FFFFB8F700000000FFFFB8F80000000048
:20DE1800FFFFB8F900000000FFFFB8FA00000000FFFFB8FB00000000FFFFBA960000000884
:20DE2800FFFFBA9700000078FFFFBA98000007D0FFFFBA99000000FAFFFFBA9A000000C887
:20DE3800FFFFBA9C00000F42FFFFBA9D000028A8FFFFBA9E000028A8FFFFBA9F0000000083
:20DE4800FFFFBAB200000000FFFFBAB300000000FFFFBAB400000000FFFFBAB5000000000C
:20DE5800FFFFBAB600000000FFFFBAB700000000FFFFBAB800000000FFFFBAB900000000EC
:20DE6800FFFFBABA00000000FFFFBABB00000000FFFFBABC00000000FFFFBABD00000000CC
:20DE7800FFFFBABE00000000FFFFBB6B00000000FFFFBB6C00000000FFFFBB6D00000000A5
:20DE8800FFFFBB6E00000000FFFFBB6F00000000FFFFBB7000000000FFFFBB7100000000D8
:20DE9800FFFFBB7200000000FFFFBB7300000000FFFFBB7400000000FFFFBB7500000000B8
:20DEA800FFFFBB7600000000FFFFBB7700000000FFFFBB7800000000FFFFBB790000000098
:20DEB800FFFFBB7A00000000FFFFBB7B00000000FFFFBB7C00000000FFFFB7640000000095
:20DEC800FFFFB76500000000FFFFB76600000000FFFFB76700000000FFFFB76800000000CC
:20DED800FFFFB76900000000FFFFB76A00000000FFFFB76B00000000FFFFB76C00000000AC
:20DEE800FFFFB76D00000000FFFFB76E00000000FFFFB76F00000000FFFFB770000000008C
:20DEF800FFFFB77100000000FFFEB774000000000000FFFEB776000000000000FFFFBBA336
:20DF080000000001FFFFBBA400000000FFFFBBA500000064FFFFBBA600000000FFFFBBA71A
:20DF180000000000FFFFBBA800000000FFFFBBA900000000FFFFBBAA00000000FFFFBBAB5F
:20DF280000000000FFFFBBAC00000000FFFFBBAD00000000FFFFBBAE00000000FFFFBBAF3F
:20DF380000000064FFFFBBB000000064FFFFBBB100000064FFFFBBB200000064FFFFAE70DF
:20DF480000000000FFFFAE7100000000FFFFAE7200000001FFFFAE7400000000FFFFAE753C
:20DF580000000000FFFFAE7600000000FFFFAE7700000000FFFFAE7800000000FFFFAE791B
:20DF680000000000FFFFAE7A00000000FFFFAE7B00000000FFFFAE7C00000000FFFFAE7DFB
:20DF780000000000FFFFAE7E00000000FFFFAE7F00000001FFFFBB930000FFFCFFFFBB969D
:20DF880000000000FFFFBB9700000000FFFFBB9800000000FFFFBB9900000000FFFFBB9A33
:20DF980000000008FFFFBB9B00000BB8FFFFBB9C00000096FFFFBB9D00000000FFFFBB9EB2
:20DFA80000000000FFFFBB9F00000000FFFFBBA000000000FFFFBBA100000000FFFFBBA2F3
:20DFB80000000000FFFFBBD100000000FFFFBBD200000000FFFFBBD600000000FFFFBBD715
:20DFC80000000001FFFFBBD900000000FFFFBBDA00000000FFFFBBDB00000000FFFFBBDCEA
:20DFD80000000000FFFFBBDD00000000FFFFBBDE00000000FFFFA683000000C0FFFFA684ED
:20DFE8000000036CFFFFA68500000040FFFFA68600000000FFFFA68700000000FFFFA688C0
:20DFF80000000000FFFFA68900000000FFFFBBF60000FFFFFFFFBBF7000000FFFFFFBBF8CF
:20E0080000000000FFFFBBF90000FFFFFFFFBBFA000000FFFFFFBBFB00000000FFF0BBC078
:20E01800000000FF00000001000000020000000100000003000000010000000200000001DE
:20E028000000FFFFB77C00000000FFFFB77D00000000FFFFB77E00000000FFFFB77F00000E
:20E038000000FFFFAB8E00000000FFFFAB8F00000000FFFFAB9000000000FFFFAB910000E6
:20E048000000FFFFBBEF00000000FFFFBBF000000000FFFFBBF100000000FFFFBBF2000012
:20E058000000FFFFBC0000000001FFFEBC02000000000000FFFEBC04000000000000FFFF77
:20E06800B97A00000000FFFFB97B00000000FFFEB97E000000000000FFFFBC06000000003F
:20E07800FFFFBC0700000000FFFEBC080000B1000000FFFFBB5800000000FFFFBB59000032
:20E088000000FFFFBB6000000000FFFABA7A0000FFF60000000A001900280032FFFFBB7E89
:20E0980000000000FFFFBB7F00000000FFFFB50000000000FFFFB50100000064FFFBB87B38
:20E0A80000000000000A001900280032FFFCBBBB0000000200050008000AFFFCBBFC00009F
:20E0B800000200050008000AFFFEB9FE000000000000FFFEB4FE0000C1720008FFFEBC1CBC
:20E0C8000000C1720008FFFFA67D00000000FFFFB2FF00000000FFFFA64F00000000FFFF3C
:20E0D800B0FF00000000FFFFBB3200000000FFFFBBB300000000FFFFBBDF00000000FFFF8C
:0AE0E800BC1600000000000000005C
:20E0F0000ABE0ACA0AD40ADF0AEA0AF40AFF0B090B130B1D0B270B310B3A0B430B4C0B54A1
:20E100000B5D0B650B6D0B750B7D0B840B8A0B910B970B9D0BA30BA90BAE0BB30BB70ABE3A
:20E110000AC50ACD0AD40ADB0AE30AEA0AF10AF80B000B070B0D0B140B1B0B210B280B2F95
:20E120000B350B3B0B420B480B4E0B530B580B5E0B640B680B6E0B730B770B7C0ABE0AC5BD
:20E130000ACB0AD20AD80ADF0AE50AEC0AF20AF80AFF0B050B0B0B110B160B1C0B230B287C
:20E140000B2D0B340B390B3E0B430B480B4D0B520B560B5B0B5F0B640B680ABE0AC60ACEE2
:20E150000AD60ADD0AE50AEC0AF30AFB0B020B090B0F0B160B1D0B230B2A0B300B360B3C57
:20E160000B410B470B4C0B510B560B5B0B5F0B640B680B6C0B700B740ABE0AD10AE30AF63A
:20E170000B070B180B280B390B480B560B630B6F0B7C0B850B8E0B950B9D0BA30BA90BAD35
:20E180000BB30BB70BBB0BBE0BC30BC60BC80BCA0BCE0BD00BD20ABE0ACE0ADD0AEC0AFC15
:20E190000B0B0B1A0B280B370B450B520B5F0B6D0B790B840B8F0B990BA20BAB0BB30BBBF8
:20E1A0000BC10BC70BCE0BD30BD80BDC0BE10BE50BE90BEC0ABE0ACC0ADA0AE70AF60B03F8
:20E1B0000B100B1D0B2A0B370B440B4F0B5B0B660B710B7B0B860B8E0B970BA00BA70BAE31
:20E1C0000BB50BBB0BC10BC60BCB0BCF0BD30BD70BDB0ABE0ACE0ADF0AEF0AFE0B0D0B1CFD
:20E1D0000B2A0B370B440B500B5C0B680B720B7D0B860B900B980BA00BA90BAF0BB60BBCBF
:20E1E0000BC30BC80BCD0BD20BD60BDB0BDF0BE20ABE0AEC0B160B3E0B620B840BA20BBA95
:20E1F0000BCE0BDF0BED0BFA0C050C0F0C170C1F0C260C2C0C320C370C3B0C3F0C430C47B6
:20E200000C4A0C4E0C510C530C550C580C5A0ABE0ADB0AF70B130B2E0B490B620B790B9082
:20E210000BA40BB60BC70BD50BE20BED0BF70BFF0C060C0D0C130C190C1D0C220C260C2AAD
:20E220000C2D0C310C340C370C390C3C0ABE0AD90AF30B0C0B250B3E0B540B6A0B7E0B9028
:20E230000BA20BB20BC00BCD0BD90BE40BED0BF60BFD0C040C090C0E0C140C180C1C0C2016
:20E240000C230C270C2A0C2C0C300ABE0AE00B010B1F0B3C0B550B6A0B7E0B8F0BA00BAF26
:20E250000BBC0BC90BD60BE10BEB0BF40BFD0C030C0A0C100C150C1B0C1F0C230C270C2AFD
:20E260000C2D0C310C330C360ABE0B300B800BBA0BE60C070C1B0C260C2D0C320C370C3BF6
:20E270000C3F0C440C4B0C510C560C5B0C600C650C690C6D0C710C740C760C790C7B0C7E96
:20E280000C810C830C850ABE0B230B700BAA0BD10BEB0BFC0C080C110C190C200C260C2CE6
:20E290000C330C3A0C410C460C4B0C500C540C580C5C0C5F0C630C660C680C6A0C6D0C6F41
:20E2A0000C710C730ABE0B1C0B650B9D0BC30BDC0BEE0BFB0C060C0F0C160C1E0C250C2CC5
:20E2B0000C330C380C3E0C430C480C4C0C500C540C570C5A0C5D0C600C630C650C670C6964
:20E2C0000C6B0ABE0B1E0B660B9C0BC50BE20BF50C010C0C0C140C1B0C210C270C2E0C35BA
:20E2D0000C3A0C400C450C4A0C4F0C530C560C5A0C5D0C5F0C620C650C670C6A0C6C0C6EE5
:20E2E0000B4B0BA40BDC0C060C250C3E0C510C580C5B0C5C0C5D0C5E0C5F0C600C610C6290
:20E2F0000C630C640C660C680C6A0C6B0C6C0C6D0C6E0C6F0C700C710C720C730C740B51A4
:20E300000BA40BD90C010C1F0C380C470C4D0C500C510C520C530C540C550C560C580C5ADF
:20E310000C5B0C5D0C5F0C600C620C630C640C650C660C670C680C690C6A0C6B0B5A0BA6B7
:20E320000BDA0C000C1E0C330C400C470C4A0C4C0C4E0C4F0C500C510C520C540C550C5746
:20E330000C580C590C5B0C5D0C5E0C5F0C600C610C620C630C640C650C660B640BAD0BDE46
:20E340000C030C200C350C400C460C4A0C4D0C4F0C500C510C520C530C550C570C580C5996
:20E350000C5A0C5D0C5F0C600C610C620C630C640C650C660C670C680ABE0B3C0B8D0BCA07
:20E360000BF70C1C0C370C450C4B0C4F0C520C540C560C590C5F0C660C6B0C6F0C740C79D4
:20E370000C7D0C810C850C870C8A0C8D0C910C940C970C9B0C9D0ABE0B3B0B8A0BC60BF481
:20E380000C190C320C3E0C440C470C4B0C4D0C500C530C590C5F0C640C690C6E0C720C7693
:20E390000C7A0C7D0C810C840C870C8A0C8D0C900C930C960ABE0B3A0B890BC40BF30C1612
:20E3A0000C2E0C3A0C410C440C470C4A0C4D0C510C560C5B0C610C660C6A0C6F0C730C7746
:20E3B0000C7A0C7D0C800C830C860C890C8C0C8F0C920ABE0B390B890BC60BF30C160C2F5F
:20E3C0000C3B0C410C450C490C4B0C4E0C530C580C5D0C620C670C6C0C700C740C780C7BC6
:20E3D0000C7E0C810C850C880C8B0C8D0C900C94859100088591000885910008859100080D
:20E3E00085910008859100088591000885910008859100088591000885910008859100082D
:20E3F0008591000884FB000884F1000888000008857D00088785000885A50008861300086A
:20E4000084BF000884B5000884AB000884A1000884970008848D00088483000884790008BC
:20E41000846F000884DD000884D3000884C9000889680008893600088904000884510008A2
:20E4200084470008850F000885050008845B00088735000887210008870D000886F900085D
:20E4300086E5000886D1000886BD000886A90008873F0008872B00088717000887030008B8
:20E4400086EF000886DB000886C7000886B3000887A60008879C00088591000885910008A4
:20E4500085910008859100088591000885910008868B0008868100088677000885910008E9
:20E4600088140008880A0008859100088591000885370008852D000885230008851900084E
:20E47000859100088591000887F6000887EC000887E2000887D8000887CE000887C40008C8
:20E4800087BA000887B00008858700088591000886310008863B0008861D000886270008DA
:20E49000854B00088541000885910008859100088573000885690008855F000885550008C6
:20E4A000859100088591000885F5000885EB000889400008895E000889540008894A0008A6
:20E4B000890E0008892C0008892200088918000888640008885A0008885000088846000800
:20E4C000883C00088832000888280008881E0008843D0008843300088429000885910008ED
:20E4D000866D00088465000885E1000885D7000888D2000888A000088591000885910008A0
:20E4E000859100088591000885910008859100088695000887710008875D000887490008BD
:20E4F00085910008859100088591000885910008869F0008877B0008876700088753000885
:20E5000085910008859100088591000885910008859100088591000885910008859100080B
:20E510008591000885910008859100088591000885910008859100088591000885910008FB
:20E520008591000885910008859100088591000885910008859100088591000885910008EB
:20E53000859100088591000885910008859100088591000885910008864F00088645000867
:20E54000866300088659000885910008859100088609000885FF0008859100088591000848
:20E550008591000885910008859100088591000885CD000885C3000885B9000885AF000807
:20E56000859100088591000884E700088591000888DC000888FA000888F0000888E60008E2
:20E5700088AA000888C8000888BE000888B400088878000888960008888C0008888200080B
:20E5800085910008859100088591000885910008859100088591000885910008859100088B
:20E59000886E00088591000885910008859100080000000000000001000000000001000110
:20E5A000000000000001000100000000000000000000000000000000000000000000000059
:20E5B000000000000000000000000000000000000002000200000C44000100000640089810
:20E5C000014A000000010640011F01510014005000000000000000000000000000000000D3
:20E5D00001680154000000050118000F011F000A0118000000000000017700000000000085
:20E5E0000000000000000000016D003C000C001E0000000000000001000100010001000043
:20E5F0000000000000000000000000000000000000000C44000000000000000000010000BA
:20E600000000000000000000000000000000000000000000000000000000000000000000FA
:20E610000000000000000000000000000000000004E2000008FC00000258000000010000A5
:20E6200000000000000000000000000000000000000103E80898000000010001000000004C
:20E6300000010001000000000000000000000000012C005000140154011F00003A980000F0
:20E6400000000000000003E803E801F40A5A0384000000000032000007D0000100000000FA
:20E650000000000000000000000000000000000000000000000000000000000000000000AA
:20E6600000000000000000000000000000000000000000000000000000000000000000009A
:20E6700000000000000000000000000000000000000000000000000000000000000000008A
:20E6800000000000000000000000000000000000000000000000000000000000000000007A
:20E6900000000000000000000000000000000000000000000000000000000000000000006A
:20E6A00000000000000000000000000000000000000000000000000000000000000000005A
:20E6B00000000000000000000000000000000000000000000000000000000000000000004A
:20E6C00000000000000000000000000000000000000000000000000000000000000000003A
:20E6D00000000000000000000000000000000000000000000000000000000000000000002A
:20E6E00000000000000000000000000000000000000000000000000000000000000000001A
:20E6F00000000000000000000000000000000000000000000000000000000000000000000A
:20E700000000000000000000000000000000000000000000000000000000000000000000F9
:20E710000000000000000000000100000000000100010001000000000000000000000000E5
:20E720000000000000000000000000000000000000000000000000000000000000000000D9
:20E730000000000000000000000000000000000000000000000000000000000000000000C9
:20E74000000000000000000000000000000000000000000000000000AAAA00000DA60DA9FC
:20E750000DAC0DAE0DB20DB50DB80DBC0DBF0DC30DC80DCC0DD20DD70DDD0DE30DEA0DF249
:20E760000DFB0E050E100DC10DC30DC60DC80DCB0DCD0DD00DD30DD60DD90DDD0DE00DE41A
:20E770000DE80DED0DF20DF70DFC0E020E090E100DD70DD80DDA0DDC0DDE0DE00DE20DE4F8
:20E780000DE60DE90DEB0DEE0DF10DF40DF70DFB0DFF0E020E070E0B0E100DEC0DED0DEE3C
:20E790000DF00DF10DF20DF30DF50DF70DF80DFA0DFB0DFD0DFF0E010E030E060E080E0ADD
:20E7A0000E0D0E100D670D690D6B0D6D0D6F0D720D750D780D7B0D7F0D840D890D8E0D94CB
:20E7B0000D9C0DA40DAF0DBE0DD00DE90E100D870D8A0D8C0D8E0D910D940D970D9A0D9EE3
:20E7C0000DA10DA50DAA0DAF0DB50DBC0DC30DCC0DD70DE50DF70E100DA20DA40DA60DA872
:20E7D0000DAB0DAD0DB00DB30DB70DBA0DBE0DC10DC60DCB0DD00DD60DDE0DE60DF10DFEC4
:20E7E0000E100DB10DB30DB50DB70DB90DBC0DBE0DC10DC40DC70DCA0DCE0DD20DD60DDBCE
:20E7F0000DE10DE70DEE0DF70E020E100D420D430D440D450D460D470D490D4A0D4C0D4EB0
:20E800000D500D530D560D5A0D5E0D650D6D0D780D8C0DAF0E100D5F0D600D620D630D65F8
:20E810000D660D680D6A0D6C0D6F0D710D740D780D7C0D810D870D8F0D9A0DAB0DC90E1076
:20E820000D780D7A0D7C0D7D0D7F0D810D830D850D870D8A0D8D0D900D940D970D9D0DA27D
:20E830000DAA0DB50DC40DDD0E100D880D8A0D8B0D8D0D8F0D910D920D950D970D9A0D9DA8
:20E840000DA00DA40DA80DAC0DB30DBA0DC40DD20DE70E100D330D340D350D360D370D3814
:20E850000D390D3A0D3B0D3C0D3D0D3E0D3F0D400D420D460D4B0D540D630D840E100D4C89
:20E860000D4D0D4E0D4F0D500D510D520D530D550D560D580D5A0D5C0D5F0D630D670D6E48
:20E870000D780D880DA80E100D630D650D660D670D680D6A0D6B0D6C0D6E0D700D720D74FD
:20E880000D770D7B0D7E0D830D8B0D950DA40DC10E100D730D740D750D760D780D790D7BE1
:20E890000D7C0D7E0D800D820D850D880D8B0D8F0D950D9C0DA60DB50DD00E100D2E0D2FAB
:20E8A0000D300D310D320D330D340D350D360D370D380D390D3A0D3B0D3C0D3D0D3F0D4509
:20E8B0000D510D700E100D460D470D480D490D4A0D4B0D4C0D4D0D4E0D4F0D510D520D54C6
:20E8C0000D570D5A0D5E0D640D6E0D7E0D9E0E100D5E0D5F0D600D610D620D630D640D664D
:20E8D0000D670D690D6B0D6D0D700D730D770D7C0D840D8E0D9E0DBD0E100D6D0D6E0D6F12
:20E8E0000D710D720D730D750D760D780D7A0D7C0D7E0D810D850D890D8F0D960DA10DB115
:20E8F0000DCD0E100FD00FCD0FCA0FC70FC40FC00FBD0FB90FB50FB10FAD0FA90FA40F9F17
:20E900000F9A0F950F900F8A0F840F7E0F780F710F6A0F630F5C0F540F4C0F440F3B0F3259
:20E910000F290F200F160F0B0F010EF60EEA0EDE0ED20EC60EB80EAB0E9D0E8F0E800E6FC3
:20E920000E610E500E400E2E0E1C0E0A0DF70DE40DD00DBC0DA70D910D7B0D650D4D0D36BA
:20E930000D1E0D050CEC0CD20CB70C9D0C810C650C490C2C0C0F0BF10BD30BB40B950B75E9
:20E940000B550B350B140AF30AD20AB10A8F0A6D0A4A0A280A0509E209BF099C0979095587
:20E950000932090E08EB08C808A50881085E083B081807F507D307B0078E076C074B07297C
:20E96000070806E706C706A60686066706470628060A05EC05CE05B105940577055B053F6B
:20E970000524050904EF04D504BB04A2048A047104590442042B041403FE03E803D300016F
:20E98000000000000000000000000012000000000000100000001000000010000000100025
:20E990000000100000001000000010000000100000001000000010000000100000001000E7
:20E9A000000010000000100000000000000000000000100000001000000000000000000017
:20E9B000000000000000000000000000000000000000000000000000000000000000000047
:20E9C000000000000000000000000000000000000000000000000000000000000000000037
:20E9D0000000000000000000000000000000000000000000000000000000AAAA00000000D3
:20E9E000000000000000000000000000000000000000000000000000000000000000000017
:20E9F0000000000000000000000000000000000000000000000000000000AAAA0000000AA9
:20EA00000000FFF6FFEC005F005000460032000000000000000000000000000000000000EF
:20EA100034BC000834BA000834B7000834B4000834B10008337A00083376000834AB0008DB
:20EA200034A8000834A5000834A20008349C0008349600083493000834850008348200083B
:20EA3000347F0008347C0008347700083474000834710008346E0008346B0008346800084E
:20EA40003465000834620008345F0008345C00083459000834560008345300083450000802
:20EA5000344D000832E9000834490008344600083443000834400008343D0008343900080A
:20EA600034320008342B00083427000834230008341F0008341B00083417000834130008AB
:20EA7000340F0008340B0008340400083400000833FC000833F8000833F4000833F00008B4
:20EA800033EC000833E8000833E4000833E0000833DC000833D8000833D4000833D00008AE
:20EA900033CC000833C8000833C1000833BA000833B6000833B2000833AE000833AA0008BF
:20EAA00033A6000833A20008339E0008339A00083396000833920008338E0008338A0008BE
:20EAB0003386000833820008337E0008337A00083376000833720008336E0008336A0008AE
:20EAC0003366000833620008335E0008335A00083356000833520008334E0008334A00089E
:20EAD0003346000833420008333E0008333A00083336000833320008332F0008332C00088B
:20EAE00033290008332600083323000833200008331D0008331A000833170008331400084A
:20EAF00033110008330E0008330B000833080008330500083302000832FF000832FC0008FC
:20EB00003BC000083BB800083BAD00083BA500083B9F00083B9900083B9300083B8A0008BE
:20EB10003B8100083B7700083B6D00083B6300083B5900083BFB00083B4F00083C0F000852
:20EB20003B4700083BFB00083B3400083B2A00083B1E00083BFB00083B1400083B090008E7
:20EB30003AF400083ADF00083AD700083ACF00083BFB00083AC500083ABD00083AB5000809
:20EB40003BFB00083AA000083A8B00083A8300083A7B00083A6700083A5F00083A4B00086F
:20EB50003A4300083A2F0008388B0008388100083878000838700008386800083853000880
:20EB6000383E000838350008382C0008382200083BFB000838180008380E000838050008AB
:20EB700037FC000837F0000837E3000837D600089D0800089D0100089D2B00089CFA000823
:20EB80009CF300089CEC00089CE500089CDE00089CD700089CD000089CC900089CC2000881
:20EB90009CBB00089CB400089D2700089CAD00089CA500089C9D00089C9500089C8C00089E
:20EBA0009D2300089D1F00089D1B00089D170008307C000830780008307400083070000895
:20EBB000306C0008306800083064000830600008305C000830580008305400083050000895
:20EBC000304C0008304800083044000830400008303C000830380008303400083030000885
:0CEBD000302C000830280008302300081A
:00000001FF
