:020000040008F2
:040000000048C86D7F
:20000800524058A967058F00A68A9294000628A9FFFF000658A91BA0036C67058F00A8004B
:200018009294000628A9FFFF000652C058A967058F00A7009294000628A9FFFF0006761F7C
:2000280002A392270006761F02A392250006761F02A392240006761F02A392280006761FD8
:2000380002A392260006761F029C92320006761F029C92310006761F029C92300006761FBC
:20004800029C922F0006761F029A92270006761F029A92260006761F029A92250006761FD1
:20005800029A92240006761F029A92230006761F029A92220006761F029D921D0006761FDB
:20006800029D921C0006761F029D921B0006761F029C922E0006761F029D921A0006761FCA
:20007800029D92190006761F029D92180006761F029D92170006761F029D92160006761FDA
:20008800029D92150006761F029D92140006761F029D92130006761F029D92120006761FDA
:20009800029D92110006761F029D92100006761F029D920F0006761F029D920E0006761FDA
:2000A800029D920D0006761F029D920C0006761F029D920B0006761F029D920A0006761FDA
:2000B800029D92090006761F029D92080006761F029D92070006761F029D92060006761FDA
:2000C800029D92050006761F029D92040006761F029D92030006761F029D92020006761FDA
:2000D800029D92010006761F029D92000006761F029C923F0006761F029C923E0006761F5C
:2000E800029C923D0006761F029C923C0006761F029C923B0006761F029C923A0006761FDE
:2000F800029C92390006761F029C92380006761F029C92370006761F029C92360006761FDE
:20010800029C92350006761F029C92340006761F029C92330006761F02A392290006761FDF
:2001180002A3922A0006761F02A0920D0006761F02A0920C0006761F02A0920F0006761F36
:2001280002A0920E0006761F02A392200006761F02A392220006761F02A392210006761F01
:2001380002A392230006761F029C92290006761F029C92280006761F029C92060006761FFA
:20014800029C92050006761F029C92040006761F029C92030006761F029C92020006761F5D
:20015800029C92010006761F029C92090006761F029C92070006761F029C92080006761F42
:2001680002A292320006761F02A092050006761F02A292350006761F02A292360006761F93
:2001780002A092040006761F02A192260006761F02A192160006761F02A1921F0006761FC9
:2001880002A1921E0006761F02A1921D0006761F02A1921C0006761F02A1921B0006761FA5
:2001980002A1921A0006761F02A192190006761F02A192180006761F02A192170006761FA5
:2001A80002A192120006761F02A192110006761F02A1920A0006761F02A192090006761FC1
:2001B80002A192020006761F02A192010006761F02A092370006761F02A092300006761F7F
:2001C80002A692330006761F02A692320006761F02A692310006761F02A692300006761FFD
:2001D80002A6922F0006761F02A6922E0006761F02A6922D0006761F02A6922C0006761FFD
:2001E80002A6922B0006761F02A6922A0006761F02A692230006761F02A092290006761F08
:2001F80002A692220006761F02A692210006761F02A692200006761F02A6921F0006761F11
:2002080002A6921E0006761F02A6921D0006761F02A6921C0006761F02A6921B0006761F10
:2002180002A6921A0006761F02A692190006761F02A692180006761F02A692170006761F10
:2002280002A692160006761F02A692150006761F02A692140006761F02A692130006761F10
:2002380002A692120006761F02A692110006761F02A692100006761F02A6920F0006761F10
:2002480002A6920E0006761F02A6920D0006761F02A6920C0006761F02A6920B0006761F10
:2002580002A6920A0006761F02A692090006761F02A692080006761F02A692070006761F10
:2002680002A692060006761F02A692050006761F02A692040006761F02A692030006761F10
:2002780002A692020006761F02A092250006761F02A592330006761F02A592320006761F8E
:2002880002A0921F0006761F02A0921E0006761F02A4922F0006761F02A4922E0006761F78
:2002980002A4922D0006761F02A4922C0006761F02A4922B0006761F02A0921D0006761F5D
:2002A80002A4922A0006761F02A492290006761F02A492280006761F02A492270006761F48
:2002B80002A492260006761F02A492250006761F02A492240006761F02A492230006761F48
:2002C80002A492220006761F02A492210006761F02A0921C0006761F02A492200006761F4F
:2002D80002A4921F0006761F02A4921E0006761F02A4921D0006761F02A4921C0006761F44
:2002E80002A4921B0006761F02A4921A0006761F02A492190006761F02A492180006761F44
:2002F80002A492170006761F02A0921B0006761F02A492160006761F02A492150006761F41
:2003080002A492140006761F02A492130006761F02A492120006761F02A492110006761F3F
:2003180002A492100006761F02A4920F0006761F02A4920E0006761F02A4920D0006761F3F
:2003280002A0921A0006761F02A4920C0006761F02A4920B0006761F02A4920A0006761F32
:2003380002A492090006761F02A492080006761F02A492070006761F02A492060006761F3B
:2003480002A492050006761F02A492040006761F02A492030006761F02A092190006761F28
:2003580002A492020006761F02A492010006761F02A492000006761F02A3923F0006761FF8
:2003680002A3923E0006761F02A3923D0006761F02A3923C0006761F02A3923B0006761F3B
:2003780002A3923A0006761F02A392390006761F02A092180006761F02A392380006761F5D
:2003880002A392370006761F02A392360006761F02A392350006761F02A392340006761F37
:2003980002A392330006761F02A392320006761F02A392310006761F02A392300006761F37
:2003A80002A3922F0006761F02A092170006761F02A3922E0006761F02A3922D0006761F4F
:2003B80002A092160006761F02A3921F0006761F02A3921E0006761F02A3921D0006761F70
:2003C80002A3921C0006761F02A3921B0006761F02A092150006761F02A3921A0006761F6A
:2003D80002A392190006761F02A392180006761F02A392170006761F02A392160006761F5F
:2003E80002A392150006761F02A392140006761F02A392130006761F02A392120006761F5F
:2003F80002A392110006761F02A092140006761F02A392100006761F02A3920F0006761F5C
:2004080002A3920E0006761F02A3920D0006761F02A3920C0006761F02A3920B0006761F5A
:2004180002A3920A0006761F02A392090006761F02A392080006761F02A392070006761F5A
:2004280002A092130006761F02A392060006761F02A392050006761F02A392040006761F4D
:2004380002A392030006761F02A392020006761F02A392010006761F02A392000006761F56
:2004480002A2923F0006761F02A2923E0006761F02A2923D0006761F02A092120006761F86
:2004580002A2923C0006761F02A2923B0006761F02A092110006761F02A292310006761F89
:2004680002A292300006761F02A092100006761F02A292280006761F02A2921D0006761FAD
:2004780002A2921C0006761F02A2921B0006761F02A292170006761F02A292160006761FBC
:2004880002A2920F0006761F02A2920E0006761F02A2920D0006761F02A2920C0006761FDA
:2004980002A2920B0006761F02A2920A0006761F02A292090006761F02A292080006761FDA
:2004A80002A1923F0006761F02A1923E0006761F02A1923D0006761F02A1923C0006761FFE
:2004B80002A1923B0006761F02A1923A0006761F02A192390006761F02A192380006761FFE
:2004C80002A192370006761F02A192360006761F02A192350006761F02A192340006761FFE
:2004D80002A192330006761F02A192320006761F02A192310006761F02A192300006761FFE
:2004E80002A1922F0006761F02A1922E0006761F02A1922D0006761F02A1922C0006761FFE
:2004F80002A1922B0006761F02A1922A0006761F02A192290006761F02A192280006761FFE
:2005080002A192270006761F02A292230006761F02A292240006761F02A292210006761F01
:2005180002A292220006761F02A092080006761F02A092070006761F02A092020006761F52
:2005280002A092030006761F02A092000006761F02A292200006761F02A292070006761F49
:2005380002A2923A0006761F029C920D0006761F029C920C0006761F02A292010006761F17
:2005480002A292050006761F02A292030006761F029C92110006761F029C92100006761F32
:20055800029C920B0006761F029C920A0006761F02A292000006761F02A292040006761F32
:2005680002A292020006761F029C920F0006761F029C920E0006761F02A292180006761F04
:2005780002A292190006761F02A2921A0006761F029C92230006761F029C92250006761FB0
:2005880002A292260006761F02A0922D0006761F02A0922F0006761F02A0922C0006761F67
:2005980002A0922E0006761F02A2921E0006761F02A292250006761F02A2921F0006761F71
:2005A800029C92220006761F029C92240006761F02A092090006761F02A292060006761FA8
:2005B80002A5923F0006761F02A2922D0006761F02A092010006761F029C92000006761F77
:2005C80002A0920A0006761F02A692280006761F02A692290006761F02A092240006761F4C
:2005D80002A692000006761F029C921B0006761F029C921A0006761F029C921D0006761F7B
:2005E800029C921C0006761F02A292380006761F02A292390006761F02A2922E0006761FFA
:2005F80002A2922F0006761F029C921F0006761F029C921E0006761F02A292340006761F0B
:2006080002A292330006761F02A2922A0006761F02A292100006761F02A2922C0006761FF5
:2006180002A2922B0006761F029C92210006761F029C92200006761F02A0922B0006761FF5
:2006280002A0922A0006761F029A92140006761F029A92150006761F029A92200006761F15
:20063800029A92210006761F029A920E0006761F029A920F0006761F029A921A0006761F26
:20064800029A921B0006761F029A92120006761F029A92130006761F029A921E0006761F10
:20065800029A921F0006761F029A920C0006761F029A920D0006761F029A92180006761F0E
:20066800029A92190006761F029A92100006761F029A92110006761F029A921C0006761FF8
:20067800029A921D0006761F029A920A0006761F029A920B0006761F029A92160006761FF6
:20068800029A92170006761F029C922B0006761F029C922A0006761F02A092330006761F85
:2006980002A092350006761F02A092320006761F02A092340006761F02A092360006761F35
:2006A800029C922D0006761F029C922C0006761F02A092310006761F029A92280006761F52
:2006B80002A692340006761F029D921E0006761F02A292290006761F02A692270006761F39
:2006C80002A092060006761F02A692260006761F02A492300006761F02A492310006761F3B
:2006D80002A592310006761F02A5922E0006761F02A5922D0006761F02A5922C0006761FFA
:2006E80002A5922F0006761F02A592300006761F02A5922A0006761F02A5922B0006761FEE
:2006F80002A592290006761F02A592260006761F02A592250006761F02A592240006761FFA
:2007080002A592270006761F02A592280006761F02A592220006761F02A592230006761FED
:2007180002A592210006761F02A5921E0006761F02A5921D0006761F02A5921C0006761FF9
:2007280002A5921F0006761F02A592200006761F02A5921A0006761F02A5921B0006761FED
:2007380002A592190006761F02A592160006761F02A592150006761F02A592140006761FF9
:2007480002A592170006761F02A592180006761F02A592120006761F02A592130006761FED
:2007580002A592110006761F02A5920E0006761F02A5920D0006761F02A5920C0006761FF9
:2007680002A5920F0006761F02A592100006761F02A5920A0006761F02A5920B0006761FED
:2007780002A592090006761F02A592060006761F02A592050006761F02A592040006761FF9
:2007880002A592070006761F02A592080006761F02A592020006761F02A592030006761FED
:2007980002A592010006761F02A4923E0006761F02A4923D0006761F02A4923C0006761F3C
:2007A80002A4923F0006761F02A592000006761F02A4923A0006761F02A4923B0006761F30
:2007B80002A492390006761F02A492360006761F02A492350006761F02A492340006761FFD
:2007C80002A492370006761F02A492380006761F02A492320006761F02A492330006761FF1
:2007D80002A3922C0006761F02A3922B0006761F029C92270006761F029C92260006761F23
:2007E80002A292150006761F02A292370006761F02A692250006761F029A92290006761F17
:2007F80002A692350006761F029D921F0006761F02A692010006761F02A692240006761F1D
:2008080002A192030006761F02A192220006761F02A192230006761F02A192240006761F24
:2008180002A192250006761F02A192200006761F02A192210006761F02A092280006761FF3
:2008280002A192040006761F029C92130006761F029C92120006761F02A092200006761F32
:2008380002A192070006761F02A092210006761F02A192140006761F02A192060006761F1F
:2008480002A092270006761F02A092260006761F02A192130006761F02A0923C0006761FB7
:2008580002A0923B0006761F02A192000006761F02A0923F0006761F02A092390006761F90
:2008680002A0923A0006761F02A1920C0006761F02A1920E0006761F02A1920D0006761FD0
:2008780002A1920F0006761F02A1920B0006761F02A192100006761F029C92150006761FE6
:20088800029C92140006761F02A092380006761F02A092230006761F02A092220006761F87
:2008980002A0923E0006761F02A0923D0006761F029C92170006761F029C92160006761F64
:2008A800029C92190006761F029C92180006761F02A192150006761F02A192050006761FAF
:2008B80002A292140006761F02A292270006761F02A0920B0006761F02A592340006761F61
:2008C80002A592350006761F02A592360006761F02A592380006761F02A5923B0006761FE2
:2008D80002A592370006761F02A5923C0006761F02A5923D0006761F02A592390006761FC7
:2008E80002A5923A0006761F02A5923E0006761F02A292120006761F02A292110006761F0B
:2008F80002A292130006761F02A192080006761F029ACC000004FFC10006761F029ACC00F5
:2009080000010006761F029ACC000002FFC000068F00A68A7648A56080A9761F029ABE006A
:200918000E290FA756B101A692A600068F00A8007648A56080A9761F02A6BE000E350FA7CF
:2009280056B101A692A600068F00A7007648A56080A9761F029DBE000E1F0FA756B101A61E
:2009380092A600063B10761F02A396272910FF6900063B10761F02A396252910FF69000691
:200948003B10761F02A396242910FF6900063B10761F02A396282910FF6900063B10761FDF
:2009580002A396262910FF6900063B10761F029C96322910FF6900063B10761F029C963145
:200968002910FF6900063B10761F029C96302910FF6900063B10761F029C962F2910FF69F9
:2009780000063B10761F029A96272910FF6900063B10761F029A96262910FF6900063B104F
:20098800761F029A96252910FF6900063B10761F029A96242910FF6900063B10761F029A63
:2009980096232910FF6900063B10761F029A96222910FF6900063B10761F029D961D291099
:2009A800FF6900063B10761F029D961C2910FF6900063B10761F029D961B2910FF69000612
:2009B8003B10761F029C962E2910FF6900063B10761F029D961A2910FF6900063B10761F80
:2009C800029D96192910FF6900063B10761F029D96182910FF6900063B10761F029D96171A
:2009D8002910FF6900063B10761F029D96162910FF6900063B10761F029D96152910FF69BB
:2009E80000063B10761F029D96142910FF6900063B10761F029D96132910FF6900063B10FF
:2009F800761F029D96122910FF6900063B10761F029C963D2910FF6900063B10761F029DE5
:200A080096102910FF6900063B10761F029D960F2910FF6900063B10761F029D960E29105A
:200A1800FF6900063B10761F029D960D2910FF6900063B10761F029D960C2910FF690006BF
:200A28003B10761F029D960B2910FF6900063B10761F029D960A2910FF6900063B10761F41
:200A3800029D96092910FF6900063B10761F029D96082910FF6900063B10761F029D9607D9
:200A48002910FF6900063B10761F029D96062910FF6900063B10761F029D96052910FF696A
:200A580000063B10761F029D96042910FF6900063B10761F029D96032910FF6900063B10AE
:200A6800761F029D96022910FF6900063B10761F029D96012910FF6900063B10761F029DBF
:200A780096002910FF6900063B10761F029C963F2910FF6900063B10761F029C963E29109C
:200A8800FF6900063B10761F029C963D2910FF6900063B10761F029C963C2910FF690006F1
:200A98003B10761F029C963B2910FF6900063B10761F029C963A2910FF6900063B10761F73
:200AA800029C96392910FF6900063B10761F029C96382910FF6900063B10761F029C9637DC
:200AB8002910FF6900063B10761F029C96362910FF6900063B10761F029C96352910FF699C
:200AC80000063B10761F029C96342910FF6900063B10761F029C96332910FF6900063B10E0
:200AD800761F02A396292910FF6900063B10761F02A3962A2910FF6900063B10761F02A0F0
:200AE800960D2910FF6900063B10761F02A0960C2910FF6900063B10761F02A0960F291079
:200AF800FF6900063B10761F02A0960E2910FF6900063B10761F02A396202910FF690006C1
:200B08003B10761F02A396222910FF6900063B10761F02A396212910FF6900063B10761F26
:200B180002A396232910FF69000688A9761F029ACD00FFF380A8560302A69007CDA6000163
:200B2800FF92CAA7F108CBA997000006761F029A90011800FFFE98000006761F029A5603A2
:200B380001A91800FFFD900398000006761F029A90031800FCFFFF8798000006761F029A82
:200B480090031800FF3FFF8598000006761F029A90031800FFCFFF83980000063B10761FD8
:200B5800029C96292910FF6900063B10761F029C96282910FF6900063B10761F029C96067C
:200B68002910FF6900063B10761F029C96052910FF6900063B10761F029C96042910FF694D
:200B780000063B10761F029C96032910FF6900063B10761F029C96022910FF6900063B1091
:200B8800761F029C96012910FF6900063B10761F029C96092910FF6900063B10761F029C9A
:200B980096072910FF6900063B10761F029C96082910FF6900063B10761F02A296322910B1
:200BA800FF6900063B10761F02A096052910FF6900063B10761F02A296352910FF69000605
:200BB8003B10761F02A296362910FF6900063B10761F02A096042910FF6900063B10761F83
:200BC80002A196262910FF6900063B10761F02A196162910FF6900063B10761F02A1961FF9
:200BD8002910FF6900063B10761F02A1961E2910FF6900063B10761F02A1961D2910FF69A1
:200BE80000063B10761F02A1961C2910FF6900063B10761F02A1961B2910FF6900063B10E5
:200BF800761F02A1961A2910FF6900063B10761F02A196192910FF6900063B10761F02A1F2
:200C080096182910FF6900063B10761F02A196172910FF6900063B10761F02A1961229103C
:200C1800FF6900063B10761F02A196112910FF6900063B10761F02A1960A2910FF690006B3
:200C28003B10761F02A196092910FF6900063B10761F02A196022910FF6900063B10761F41
:200C380002A196012910FF6900063B10761F02A096372910FF6900063B10761F02A096307D
:200C48002910FF6900063B10761F02A696332910FF6900063B10761F02A696322910FF69FC
:200C580000063B10761F02A696312910FF6900063B10761F02A696302910FF6900063B1040
:200C6800761F02A6962F2910FF6900063B10761F02A6962E2910FF6900063B10761F02A648
:200C7800962D2910FF6900063B10761F02A6962C2910FF6900063B10761F02A6962B29107F
:200C8800FF6900063B10761F02A6962A2910FF6900063B10761F02A696232910FF69000607
:200C98003B10761F02A096292910FF6900063B10761F02A696222910FF6900063B10761F8D
:200CA80002A696212910FF6900063B10761F02A696202910FF6900063B10761F02A6961F04
:200CB8002910FF6900063B10761F02A6961E2910FF6900063B10761F02A6961D2910FF69B6
:200CC80000063B10761F02A6961C2910FF6900063B10761F02A6961B2910FF6900063B10FA
:200CD800761F02A6961A2910FF6900063B10761F02A696192910FF6900063B10761F02A602
:200CE80096182910FF6900063B10761F02A696172910FF6900063B10761F02A6961629104E
:200CF800FF6900063B10761F02A696152910FF6900063B10761F02A696142910FF690006BB
:200D08003B10761F02A696132910FF6900063B10761F02A696122910FF6900063B10761F3C
:200D180002A696112910FF6900063B10761F02A696102910FF6900063B10761F02A6960FC3
:200D28002910FF6900063B10761F02A6960E2910FF6900063B10761F02A6960D2910FF6965
:200D380000063B10761F02A6960C2910FF6900063B10761F02A6960B2910FF6900063B10A9
:200D4800761F02A6960A2910FF6900063B10761F02A696092910FF6900063B10761F02A6B1
:200D580096082910FF6900063B10761F02A696072910FF6900063B10761F02A6960629100D
:200D6800FF6900063B10761F02A696052910FF6900063B10761F02A696042910FF6900066A
:200D78003B10761F02A696032910FF6900063B10761F02A696022910FF6900063B10761FEC
:200D880002A096252910FF6900063B10761F02A596332910FF6900063B10761F02A5963201
:200D98002910FF6900063B10761F02A0961F2910FF6900063B10761F02A0961E2910FF69DF
:200DA80000063B10761F02A4962F2910FF6900063B10761F02A4962E2910FF6900063B10F7
:200DB800761F02A4962D2910FF6900063B10761F02A4962C2910FF6900063B10761F02A401
:200DC800962B2910FF6900063B10761F02A0961D2910FF6900063B10761F02A4962A291048
:200DD800FF6900063B10761F02A496292910FF6900063B10761F02A496282910FF690006B6
:200DE8003B10761F02A496272910FF6900063B10761F02A496262910FF6900063B10761F38
:200DF80002A496252910FF6900063B10761F02A496242910FF6900063B10761F02A49623AD
:200E08002910FF6900063B10761F02A496222910FF6900063B10761F02A496212910FF6960
:200E180000063B10761F02A0961C2910FF6900063B10761F02A496202910FF6900063B10AB
:200E2800761F02A4961F2910FF6900063B10761F02A4961E2910FF6900063B10761F02A4AC
:200E3800961D2910FF6900063B10761F02A4961C2910FF6900063B10761F02A4961B2910F1
:200E4800FF6900063B10761F02A4961A2910FF6900063B10761F02A496192910FF69000663
:200E58003B10761F02A496182910FF6900063B10761F02A496172910FF6900063B10761FE5
:200E680002A0961B2910FF6900063B10761F02A496162910FF6900063B10761F02A4961566
:200E78002910FF6900063B10761F02A496142910FF6900063B10761F02A496132910FF690C
:200E880000063B10761F02A496122910FF6900063B10761F02A496112910FF6900063B1050
:200E9800761F02A496102910FF6900063B10761F02A4960F2910FF6900063B10761F02A45A
:200EA800960E2910FF6900063B10761F02A4960D2910FF6900063B10761F02A0961A2910A4
:200EB800FF6900063B10761F02A4960C2910FF6900063B10761F02A4960B2910FF6900060F
:200EC8003B10761F02A4960A2910FF6900063B10761F02A496092910FF6900063B10761F91
:200ED80002A496082910FF6900063B10761F02A496072910FF6900063B10761F02A4960623
:200EE8002910FF6900063B10761F02A496052910FF6900063B10761F02A496042910FF69BA
:200EF80000063B10761F02A496032910FF6900063B10761F02A096192910FF6900063B10EB
:200F0800761F02A496022910FF6900063B10761F02A496012910FF6900063B10761F02A405
:200F180096002910FF6900063B10761F02A3963F2910FF6900063B10761F02A3963E2910E9
:200F2800FF6900063B10761F02A3963D2910FF6900063B10761F02A3963C2910FF6900063E
:200F38003B10761F02A3963B2910FF6900063B10761F02A3963A2910FF6900063B10761FC0
:200F480002A396392910FF6900063B10761F02A096182910FF6900063B10761F02A3963844
:200F58002910FF6900063B10761F02A396372910FF6900063B10761F02A396362910FF69E7
:200F680000063B10761F02A396352910FF6900063B10761F02A396342910FF6900063B102B
:200F7800761F02A396332910FF6900063B10761F02A396322910FF6900063B10761F02A336
:200F880096312910FF6900063B10761F02A396302910FF6900063B10761F02A3962F291066
:200F9800FF6900063B10761F02A096172910FF6900063B10761F02A3962E2910FF69000605
:200FA8003B10761F02A3962D2910FF6900063B10761F02A096162910FF6900063B10761F85
:200FB80002A3961F2910FF6900063B10761F02A3961E2910FF6900063B10761F02A3961D00
:200FC8002910FF6900063B10761F02A3961C2910FF6900063B10761F02A3961B2910FF69AD
:200FD80000063B10761F02A096152910FF6900063B10761F02A3961A2910FF6900063B10F8
:200FE800761F02A396192910FF6900063B10761F02A396182910FF6900063B10761F02A3FA
:200FF80096172910FF6900063B10761F02A396162910FF6900063B10761F02A39615291044
:20100800FF6900063B10761F02A396142910FF6900063B10761F02A396132910FF690006AF
:201018003B10761F02A396122910FF6900063B10761F02A396112910FF6900063B10761F31
:2010280002A096142910FF6900063B10761F02A396102910FF6900063B10761F02A3960FB9
:201038002910FF6900063B10761F02A3960E2910FF6900063B10761F02A3960D2910FF6958
:2010480000063B10761F02A3960C2910FF6900063B10761F02A3960B2910FF6900063B109C
:20105800761F02A3960A2910FF6900063B10761F02A396092910FF6900063B10761F02A3A7
:2010680096082910FF6900063B10761F02A396072910FF6900063B10761F02A096132910F6
:20107800FF6900063B10761F02A396062910FF6900063B10761F02A396052910FF6900065B
:201088003B10761F02A396042910FF6900063B10761F02A396032910FF6900063B10761FDD
:2010980002A396022910FF6900063B10761F02A396012910FF6900063B10761F02A3960076
:2010A8002910FF6900063B10761F02A2963F2910FF6900063B10761F02A2963E2910FF6988
:2010B80000063B10761F02A2963D2910FF6900063B10761F02A096122910FF6900063B10F8
:2010C800761F02A2963C2910FF6900063B10761F02A2963B2910FF6900063B10761F02A0D8
:2010D80096112910FF6900063B10761F02A296312910FF6900063B10761F02A29630291035
:2010E800FF6900063B10761F02A096102910FF6900063B10761F02A296282910FF690006C2
:2010F8003B10761F02A2961D2910FF6900063B10761F02A2961C2910FF6900063B10761F3D
:2011080002A2961B2910FF6900063B10761F02A296172910FF6900063B10761F02A29616C3
:201118002910FF6900063B10761F02A2960F2910FF6900063B10761F02A2960E2910FF6977
:2011280000063B10761F02A2960D2910FF6900063B10761F02A2960C2910FF6900063B10BB
:20113800761F02A2960B2910FF6900063B10761F02A2960A2910FF6900063B10761F02A2C7
:2011480096092910FF6900063B10761F02A296082910FF6900063B10761F02A1963F2910E7
:20115800FF6900063B10761F02A1963E2910FF6900063B10761F02A1963D2910FF6900060E
:201168003B10761F02A1963C2910FF6900063B10761F02A1963B2910FF6900063B10761F90
:2011780002A1963A2910FF6900063B10761F02A196392910FF6900063B10761F02A19638F3
:201188002910FF6900063B10761F02A196372910FF6900063B10761F02A196362910FF69B9
:2011980000063B10761F02A196352910FF6900063B10761F02A196342910FF6900063B10FD
:2011A800761F02A196332910FF6900063B10761F02A196322910FF6900063B10761F02A10A
:2011B80096312910FF6900063B10761F02A196302910FF6900063B10761F02A1962F291038
:2011C800FF6900063B10761F02A1962E2910FF6900063B10761F02A1962D2910FF690006BE
:2011D8003B10761F02A1962C2910FF6900063B10761F02A1962B2910FF6900063B10761F40
:2011E80002A1962A2910FF6900063B10761F02A196292910FF6900063B10761F02A19628B3
:2011F8002910FF6900063B10761F02A196272910FF6900063B10761F02A296232910FF696B
:2012080000063B10761F02A296242910FF6900063B10761F02A296212910FF6900063B10AE
:20121800761F02A296222910FF6900063B10761F02A096082910FF6900063B10761F02A0D5
:2012280096072910FF6900063B10761F02A096022910FF6900063B10761F02A0960329104D
:20123800FF6900063B10761F02A096002910FF6900063B10761F02A296202910FF69000688
:201248003B10761F02A296072910FF6900063B10761F02A2963A2910FF6900063B10761FE3
:20125800029C960D2910FF6900063B10761F029C960C2910FF6900063B10761F02A29601AC
:201268002910FF6900063B10761F02A296052910FF6900063B10761F02A296032910FF693B
:2012780000063B10761F029C96112910FF6900063B10761F029C96102910FF6900063B106E
:20128800761F029C960B2910FF6900063B10761F029C960A2910FF6900063B10761F02A282
:2012980096002910FF6900063B10761F02A296042910FF6900063B10761F02A296022910DF
:2012A800FF6900063B10761F029C960F2910FF6900063B10761F029C960E2910FF69000625
:2012B8003B10761F02A296182910FF6900063B10761F02A296192910FF6900063B10761F83
:2012C80002A2961A2910FF6900063B10761F029C96232910FF6900063B10761F029C9625F4
:2012D8002910FF6900063B10761F02A296262910FF6900063B10761F02A0962D2910FF6982
:2012E80000063B10761F02A0962F2910FF6900063B10761F02A0962C2910FF6900063B10BC
:2012F800761F02A0962E2910FF6900063B10761F02A2961E2910FF6900063B10761F02A2D1
:2013080096252910FF6900063B10761F02A2961F2910FF6900063B10761F029C9622291014
:20131800FF6900063B10761F029C96242910FF6900063B10761F02A096092910FF690006A0
:201328003B10761F02A296062910FF6900063B10761F02A5963F2910FF6900063B10761FFB
:2013380002A2962D2910FF6900063B10761F02A096012910FF6900063B10761F029C9600B3
:201348002910FF6900063B10761F02A0960A2910FF6900063B10761F02A696282910FF692E
:2013580000063B10761F02A696292910FF6900063B10761F02A096242910FF6900063B1053
:20136800761F02A696002910FF6900063B10761F029C961B2910FF6900063B10761F029C97
:20137800961A2910FF6900063B10761F029C961D2910FF6900063B10761F029C961C2910BD
:20138800FF6900063B10761F02A296382910FF6900063B10761F02A296392910FF690006E4
:201398003B10761F02A2962E2910FF6900063B10761F029C961F2910FF6900063B10761F8C
:2013A800029C961E2910FF6900063B10761F02A296342910FF6900063B10761F02A29633EA
:2013B8002910FF6900063B10761F02A2962A2910FF6900063B10761F02A296102910FF69B8
:2013C80000063B10761F02A2962C2910FF6900063B10761F02A2962B2910FF6900063B10DB
:2013D800761F029C96212910FF6900063B10761F029C96202910FF6900063B10761F02A007
:2013E800962B2910FF6900063B10761F02A0962A2910FF6900063B10761F029A9614291035
:2013F800FF6900063B10761F029A96152910FF6900063B10761F029A96202910FF690006C0
:201408003B10761F029A96212910FF6900063B10761F029A960E2910FF6900063B10761F43
:20141800029A960F2910FF6900063B10761F029A961A2910FF6900063B10761F029A961BCC
:201428002910FF6900063B10761F029A96122910FF6900063B10761F029A96132910FF696C
:2014380000063B10761F029A961E2910FF6900063B10761F029A961F2910FF6900063B1094
:20144800761F029A960C2910FF6900063B10761F029A960D2910FF6900063B10761F029AC8
:2014580096182910FF6900063B10761F029A96192910FF6900063B10761F029A96102910F2
:20146800FF6900063B10761F029A96112910FF6900063B10761F029A961C2910FF69000657
:201478003B10761F029A961D2910FF6900063B10761F029A960A2910FF6900063B10761FDB
:20148800029A960B2910FF6900063B10761F029A96162910FF6900063B10761F029A961768
:201498002910FF6900063B10761F029C962B2910FF6900063B10761F029C962A2910FF69C8
:2014A80000063B10761F02A096332910FF6900063B10761F02A096352910FF6900063B10ED
:2014B800761F02A096322910FF6900063B10761F02A096342910FF6900063B10761F02A0F9
:2014C80096362910FF6900063B10761F029C962D2910FF6900063B10761F029C962C291030
:2014D800FF6900063B10761F02A096312910FF6900063B10761F029A96282910FF690006B5
:2014E8003B10761F02A696342910FF6900063B10761F029D961E2910FF6900063B10761F31
:2014F80002A296292910FF6900063B10761F02A696272910FF6900063B10761F02A09606C0
:201508002910FF6900063B10761F02A696262910FF6900063B10761F02A496302910FF6944
:2015180000063B10761F02A496312910FF6900063B10761F02A596312910FF6900063B1079
:20152800761F02A5962E2910FF6900063B10761F02A5962D2910FF6900063B10761F02A584
:20153800962C2910FF6900063B10761F02A5962F2910FF6900063B10761F02A596302910B1
:20154800FF6900063B10761F02A5962A2910FF6900063B10761F02A5962B2910FF69000638
:201558003B10761F02A596292910FF6900063B10761F02A596262910FF6900063B10761FBC
:2015680002A596252910FF6900063B10761F02A596242910FF6900063B10761F02A596272E
:201578002910FF6900063B10761F02A596282910FF6900063B10761F02A596222910FF69E0
:2015880000063B10761F02A596232910FF6900063B10761F02A596212910FF6900063B1026
:20159800761F02A5961E2910FF6900063B10761F02A5961D2910FF6900063B10761F02A534
:2015A800961C2910FF6900063B10761F02A5961F2910FF6900063B10761F02A59620291071
:2015B800FF6900063B10761F02A5961A2910FF6900063B10761F02A5961B2910FF690006E8
:2015C8003B10761F02A596192910FF6900063B10761F02A596162910FF6900063B10761F6C
:2015D80002A596152910FF6900063B10761F02A596142910FF6900063B10761F02A59617EE
:2015E8002910FF6900063B10761F02A596182910FF6900063B10761F02A596122910FF6990
:2015F80000063B10761F02A596132910FF6900063B10761F02A596112910FF6900063B10D6
:20160800761F02A5960E2910FF6900063B10761F02A5960D2910FF6900063B10761F02A5E3
:20161800960C2910FF6900063B10761F02A5960F2910FF6900063B10761F02A59610291030
:20162800FF6900063B10761F02A5960A2910FF6900063B10761F02A5960B2910FF69000697
:201638003B10761F02A596092910FF6900063B10761F02A596062910FF6900063B10761F1B
:2016480002A596052910FF6900063B10761F02A596042910FF6900063B10761F02A59607AD
:201658002910FF6900063B10761F02A596082910FF6900063B10761F02A596022910FF693F
:2016680000063B10761F02A596032910FF6900063B10761F02A596012910FF6900063B1085
:20167800761F02A4963E2910FF6900063B10761F02A4963D2910FF6900063B10761F02A416
:20168800963C2910FF6900063B10761F02A4963F2910FF6900063B10761F02A59600291071
:20169800FF6900063B10761F02A4963A2910FF6900063B10761F02A4963B2910FF690006C9
:2016A8003B10761F02A496392910FF6900063B10761F02A496362910FF6900063B10761F4D
:2016B80002A496352910FF6900063B10761F02A496342910FF6900063B10761F02A49637B0
:2016C8002910FF6900063B10761F02A496382910FF6900063B10761F02A496322910FF6971
:2016D80000063B10761F02A496332910FF6900063B10761F02A3962C2910FF6900063B10BD
:2016E800761F02A3962B2910FF6900063B10761F029C96272910FF6900063B10761F029CE0
:2016F80096262910FF6900063B10761F02A296152910FF6900063B10761F02A2963729100F
:20170800FF6900063B10761F02A696252910FF6900063B10761F029A96292910FF69000687
:201718003B10761F02A696352910FF6900063B10761F029D961F2910FF6900063B10761FFC
:2017280002A696012910FF6900063B10761F02A696242910FF6900063B10761F02A19603B6
:201738002910FF6900063B10761F02A196222910FF6900063B10761F02A196232910FF692B
:2017480000063B10761F02A196242910FF6900063B10761F02A196252910FF6900063B1067
:20175800761F02A196202910FF6900063B10761F02A196212910FF6900063B10761F02A079
:2017680096282910FF6900063B10761F02A196042910FF6900063B10761F029C96132910D8
:20177800FF6900063B10761F029C96122910FF6900063B10761F02A096202910FF69000637
:201788003B10761F02A196072910FF6900063B10761F02A096212910FF6900063B10761FBA
:2017980002A196142910FF6900063B10761F02A196062910FF6900063B10761F02A0962738
:2017A8002910FF6900063B10761F02A096262910FF6900063B10761F02A196132910FF69C8
:2017B80000063B10761F02A0963C2910FF6900063B10761F02A0963B2910FF6900063B10CB
:2017C800761F02A196002910FF6900063B10761F02A0963F2910FF6900063B10761F02A00C
:2017D80096392910FF6900063B10761F02A0963A2910FF6900063B10761F02A1960C291024
:2017E800FF6900063B10761F02A1960E2910FF6900063B10761F02A1960D2910FF690006D8
:2017F8003B10761F02A1960F2910FF6900063B10761F02A1960B2910FF6900063B10761F57
:2018080002A196102910FF6900063B10761F029C96152910FF6900063B10761F029C9614D8
:201818002910FF6900063B10761F02A096382910FF6900063B10761F02A096232910FF6936
:2018280000063B10761F02A096222910FF6900063B10761F02A0963E2910FF6900063B1071
:20183800761F02A0963D2910FF6900063B10761F029C96172910FF6900063B10761F029C8F
:2018480096162910FF6900063B10761F029C96192910FF6900063B10761F029C96182910F4
:20185800FF6900063B10761F02A196152910FF6900063B10761F02A196052910FF69000668
:201868003B10761F02A296142910FF6900063B10761F02A296272910FF6900063B10761FC3
:2018780002A0960B2910FF6900063B10761F02A596342910FF6900063B10761F02A596351C
:201888002910FF6900063B10761F02A596362910FF6900063B10761F02A596382910FF69A9
:2018980000063B10761F02A5963B2910FF6900063B10761F02A596372910FF6900063B10E5
:2018A800761F02A5963C2910FF6900063B10761F02A5963D2910FF6900063B10761F02A5E3
:2018B80096392910FF6900063B10761F02A5963A2910FF6900063B10761F02A5963E291008
:2018C800FF6900063B10761F02A296122910FF6900063B10761F02A296112910FF690006ED
:2018D8003B10761F02A296132910FF6900063B10761F02A196082910FF6900063B10761F74
:2018E80002A2962F2910FF69000658A97680B9FD8F40B7BD97967C950006761F029A430028
:2018F8006D0942006D0A0A09540966071A0000046F031800FFF72B090006761F029ACD00EE
:201908000300FFD7612253016109530260120A085408661B1A0003006F0A520060041A0089
:20191800030000061800FEFF1A0002002B080006761F02E7923F761F02DE933F7648C626FC
:20192800761F029A1800FCFF0006761F029ACD0000C0FFD5612253016109530260120A07AA
:201938005407661B1A0000C06F0A520060041A0000C000061800FFBF1A0000802B07000622
:20194800761F02E7923E761F02DE933E7648C626761F029A1800FF3F0006761F029ACD00B6
:201958000030FFD3612253016109530260120A065406661B1A0000306F0A520060041A00E7
:20196800003000061800FFEF1A0000202B060006761F02E7923D761F02DE933D7648C62676
:20197800761F029A1800FFCF0006B2BDD01F8D40A68A9A1FAABD8AA12B917648A5608D8000
:20198800A6C0D01FC5A196918AA2D103F61F248428A905008AA29B407648A69D52006029E7
:20199800D01F28A905009B405C927648A70252046020761F029AD1031A02001028A90A5008
:2019A8008AA29B407648A69D5200600FD01F28A90A509B405C927648A70252046006761FBB
:2019B800029A1A0200206F14D98192A160E86F04D98192A160CE761F02CB1A380080761FE8
:2019C80002F49A009B0256BF38017648C62686BE8BBE0006B2BD8D0001B58D40A80028A94F
:2019D80001B5AABD8AA12B917648A5608D80A9C08D0001B5C5A18AA296918F4001B5D1035D
:2019E800F7A5248428A901008AA228A8036C7648A69D5200602E8D0001B528A9010028A898
:2019F800036C5C927648A70252046023761F029AD1031A02000428A906508AA228A8036C7B
:201A08007648A69D520060118D0001B528A9065028A8036C5C927648A70252046006761FAB
:201A1800029A1A0200086F14D98192A160E56F04D98192A160C8761F02CB1A380080761FA8
:201A280002F49A009B0256BF38017648C62686BE8BBE0006B2BDD05F8D40A7009A5FAABD74
:201A38008AA12B917648A5608D80A780D05FC5A196918AA2D103F65F24849A008AA29BC0D6
:201A48007648A69D52006028D05F9A009BC05C927648A70252046020761F029AD1031A0233
:201A5800000128A905508AA29BC07648A69D5200600FD05F28A905509BC05C927648A702F9
:201A680052046006761F029A1A0200026F14D98192A160E86F04D98192A160D0761F02CB69
:201A78001A380080761F02F49A009B0256BF38017648C62686BE8BBE0006530058A9610872
:201A880088A8DE8192959694D801000EFFFD00069A009B1F8F00A68A8F48F28D76481A85AF
:201A98000006B2BDD103AABD8D80A68A28A905008AA29B407648A77952006010D01E8892BC
:201AA8002901FF20AAAA0FA660099A1F76480910520160041A0100106F2FD98192A160E77F
:201AB800D10328A90A508AA29B407648A77952006010D01E88922901FF20AAAA0FA66009A5
:201AC8009A1F76480910520160041A0100206F14D98192A160E776481A90761F02F456BF1D
:201AD8003801761F02CB9A009B021A3800807648C6267648197D86BE8BBE00069A0028A84F
:201AE80001B58F00A8008F48ED7876481A850006B2BDD103AABD8D80A80028A901008AA2F5
:201AF80028A8036C7648A779520060148D0001B488922901FF20AAAA0FA6600C28A901B54A
:201B08007648091E52016006761F029A1A0100046F34D98192A160E2D10328A906508AA236
:201B180028A8036C7648A779520060148D0001B488922901FF20AAAA0FA6600C28A901B529
:201B28007648091E52016006761F029A1A0100086F14D98192A160E276481AE6761F02F410
:201B380056BF3801761F02CB9A009B021A3800807648C626764819D286BE8BBE00069A0054
:201B48009B5F8F00A7008F48F20876481A850006B2BDD103AABD8D80A7009A008AA29BC09A
:201B58007648A77952006012D05E88922901FF20AAAA0FA6600B9A5F7648092C5201600621
:201B6800761F029A1A0100016F31D98192A160E6D10328A905508AA29BC07648A7795200EC
:201B78006012D05E88922901FF20AAAA0FA6600B9A5F7648092C52016006761F029A1A01E5
:201B880000026F14D98192A160E576481B47761F02F456BF3801761F02CB9A009B021A3802
:201B980000807648C62676481A3286BE8BBE0006B2BDAABD764805C31BA9270F66039B000C
:201BA8006F059A01764813449B01764801571BA9270F69059A0076480B879B017648015347
:201BB8001BA9270F69059A0076480B809B017648014F1BA9270F69059A0076480B799B0138
:201BC8007648014B1BA9270F69059A0076480B729B01764801471BA9270F69059A00764854
:201BD8000B6B9B0176480143521269059A1276480B649B017648015F520061059A00764864
:201BE8000B959B0176480163520B61059A0076480B9C9B017648015B520B61059A007648EC
:201BF8000B8E9B017648055BD100D2001BA9080064067648055B1BA92000650628A9100053
:201C08007648128E9B01764805571BA983006406764805571BA97D0065059A007648128741
:201C18009B017648053F1BA9080064067648053F1BA92000650628A910007648125D9B01DD
:201C28007648053B1BA9830064067648053B1BA97D0065059A00764812569B017648056FB6
:201C38001BA9080064067648056F1BA92000650628A91000764812B19B017648056B1BA9E5
:201C4800830064067648056B1BA97D0065059A00764812AA9B01764805531BA908006406BA
:201C5800764805531BA92000650628A91000764812809B017648054F1BA9830064067648B9
:201C6800054F1BA97D0065059A00764812799B017648082F1BA9080064067648082F1BA9FA
:201C78002000650628A910007648177A9B017648082B1BA9830064067648082B1BA97D0021
:201C880065059A00764817739B01764808871BA908006406764808871BA92000650628A964
:201C98001000764818149B01764808831BA983006406764808831BA97D0065059A00764850
:201CA800180D9B01764808A31BA908006406764808A31BA92000650628A910007648184508
:201CB8009B017648089F1BA983006406764808831BA97D0065059A007648183E9B0176485E
:201CC80008AB1BA908006406764808AB1BA92000650628A91000764818539B01764808A740
:201CD8001BA983006406764808A71BA97D0065059A007648184C9B01764805DF1BA908005D
:201CE8006406764805DF1BA92000650628A91000764813759B01764805DB1BA9830064066F
:201CF800764805DB1BA97D0065059A007648136E9B01764805E71BA908006406764805E784
:201D08001BA92000650628A91000764813839B01764805E31BA983006406764805E31BA9DA
:201D18007D0065059A007648137C9B01764805FF1BA908006406764805FF1BA92000650638
:201D280028A91000764813A69B01764805FB1BA983006406764805FB1BA97D0065059A0035
:201D38007648139F9B017648061F1BA9080064067648061F1BA92000650628A91000764895
:201D480013DE9B017648061B1BA9830064067648061B1BA97D0065059A00764813D79B01F6
:201D5800764805A71BA908006406764805A71BA92000650628A91000764813139B017648F3
:201D6800057F1BA9830064067648057F1BA97D0065059A00764812CD9B01764805AB1BA934
:201D780008006406764805AB1BA92000650628A910007648131A9B01764805831BA9830027
:201D88006406764805831BA97D0065059A00764812D49B01764807E3520061059A0076484E
:201D980016F59B01764807DF520061059A00764816EE9B017648013F520061059A00764822
:201DA8000B5D9B017648013B520061059A0076480B569B017648068F1BA9080064067648C9
:201DB800068F1BA92000650628A91000764814A29B017648068B1BA9830064067648068BE7
:201DC8001BA97D0065059A007648149B9B01764806AB1BA908006406764806AB1BA92000B5
:201DD800650628A91000764814D39B01764806A71BA983006406764806A71BA97D0065052C
:201DE8009A00764814CC9B017648006F520061059A00764809B89B017648004752006105B0
:201DF8009A00764809729B0176480043520061059A007648096B9B017648003F5200610586
:201E08009A00764809649B017648003B520061059A007648095D9B017648010F52006105C8
:201E18009A0076480AD09B017648010B520061059A0076480AC99B01764801075200610515
:201E28009A0076480AC29B0176480103520061059A0076480ABB9B01764800FF5200610532
:201E38009A0076480AB49B01764800FB520061059A0076480AAD9B01764800F7520061054F
:201E48009A0076480AA69B01764800F3520061059A0076480A9F9B01764800EF520061056B
:201E58009A0076480A989B01764800EB520061059A0076480A919B01764800E75200610587
:201E68009A0076480A8A9B01764800E3520061059A0076480A839B01764800DF52006105A3
:201E78009A0076480A7C9B01764800DB520061059A0076480A759B01764800D752006105BF
:201E88009A0076480A6E9B01764800D3520061059A0076480A679B01764800CF52006105DB
:201E98009A0076480A609B01764800CB520061059A0076480A599B01764800C752006105F7
:201EA8009A0076480A529B01764800C3520061059A0076480A4B9B01764800BF5200610513
:201EB8009A0076480A449B01764800BB520061059A0076480A3D9B01764800B7520061052F
:201EC8009A0076480A369B01764800B3520061059A0076480A2F9B01764800AF520061054B
:201ED8009A0076480A289B01764800AB520061059A0076480A219B01764800A75200610567
:201EE8009A0076480A1A9B01764800A3520061059A0076480A139B017648009F5200610583
:201EF8009A0076480A0C9B017648009B520061059A0076480A059B0176480097520061059F
:201F08009A00764809FE9B0176480093520061059A00764809F79B017648008F52006105BC
:201F18009A00764809F09B017648008B520061059A00764809E99B017648008752006105D8
:201F28009A00764809E29B0176480083520061059A00764809DB9B017648007F52006105F4
:201F38009A00764809D49B017648007B520061059A00764809CD9B01764800775200610510
:201F48009A00764809C69B0176480073520061059A00764809BF9B017648006B5200610530
:201F58009A00764809B19B0176480067520061059A00764809AA9B0176480063520061055E
:201F68009A00764809A39B017648052B520061097648052B520161059A007648123AD101F2
:201F7800764805BF52006109764805BF520161059A007648133DD101764805235200610DB0
:201F8800764805235201610976480523520261059A007648122CD1017648052752006105EC
:201F980076480527521069059A0176481233D10176480177520669059A0076480BBFD1010F
:201FA8007648016B520269059A0076480BAAD101764806C752016109764806C752026105C1
:201FB8009A0176481504D1017648051F520061097648051F520161059A0176481225D1012A
:201FC8007648051B520061097648051B520161059A007648121ED101764805AF5200610940
:201FD800764805AF520161059A0076481321D101764805C752006109764805C752016105D7
:201FE8009A017648134BD101764808BF52006109764808BF520161059A0176481876D10118
:201FF8007648011F520061059A0076480AECD1017648011B520061059A0076480AE5D10168
:2020080076480127520061059A0076480AFAD10176480123520061059A0076480AF3D1012B
:202018007648046B520061059A00764810EAD1017648045F520061059A00764810D5D101B7
:2020280076480453520061059A00764810C0D10176480427520061059A0076481073D10183
:20203800764803FB520061059A0076481026D101764803CF520061059A0076480FD9D1015A
:20204800764803B7520061059A0076480FAFD101764803AB520061059A0076480F9AD10169
:202058007648037F520061059A0076480F4DD10176480353520061059A0076480F00D101E5
:2020680076480327520061059A0076480EB3D101764802FB520061059A0076480E66D101BC
:20207800764802CF520061059A0076480E19D101764802A3520061059A0076480DCCD10192
:202088007648028B520061059A0076480DA2D10176480287520061059A0076480D9BD1018B
:20209800764808335202610976480833520361059A0276481781D1017648083B5214690524
:2020A8009A027648178FD101764808935200610976480893520161059A0076481829D101B4
:2020B8007648088F764805D3526469059A0176481360D1017648027B520061059A00764810
:2020C8000D86D101764801F3520061059A0076480C98D101764806275200610976480627C9
:2020D800520161059A01764813ECD10176480597526469059A14764812F7D1017648058FEE
:2020E800526469059A50764812E9D101764801C3520061059A0076480C44D101764806AF18
:2020F80052006109764806AF520161059A00764814DAD1017648069B520061059A00764859
:2021080014B7D10176480693520061059A00764814A9D1017648069F520061059A007648B1
:2021180014BED10176480697526469059A00764814B0D10176480697526469059A007648BF
:2021280014C5D101764801BF520061059A0076480C3DD10176480867526469059A0076489A
:2021380017DCD10176480857526469059A05764817C0D1017648089B526469059A0F76488F
:202148001837D1017648085F526469059A0A764817CED101764801BB520061059A0076486A
:202158000C36D101764801B7520061059A0076480C2FD1017648080752C869059A00764813
:202168001734D101764808B352006109764808B3520161059A0076481861D1017648084327
:202178005200610976480843520161059A007648179DD10176480837520061097648083735
:20218800520161059A0076481788D101764808FB764801B3520061059A0076480C28D1016C
:20219800764801AF520061059A0076480C21D1017648087B520061097648087B52016105B3
:2021A8009A00764817FFD101764808731BA9038469059A3C764817F1D1017648086F1BA97E
:2021B800038469059A0C764817EAD101764808771BA9038469059A1E764817F8D1017648D0
:2021C800087F520061097648087F520161059A0076481806D101764801AB520061059A00B2
:2021D80076480C1AD101764801A7520061059A0076480C13D1017648084F5200610976483B
:2021E800084F520161059A01764817B2D1017648083F520061097648083F520161059A01B9
:2021F80076481796D101764808AF52006109764808AF520161059A017648185AD1017648D0
:20220800017F520061097648017F520161059A0176480BCDD101764801A3520061059A00CC
:2022180076480C0CD1017648019F520061059A0076480C05D1017648019B520061059A0001
:2022280076480BFED10176480197520061059A0076480BF7D10176480193520061059A001F
:2022380076480BF0D1017648018F520061059A0076480BE9D1017648018B520061059A003B
:2022480076480BE2D10176480187520061059A0076480BDBD10176480183520061059A0057
:2022580076480BD4D1017648081B1BA90C4468059A0076481757D1017648081F1BA90C4404
:20226800680628A90C447648175ED1017648080B1BA9FFFF68059A007648173BD101764888
:20227800080F1BA9FFFF68059A0076481742D101764808131BA9FFFF68059A0076481749BD
:20228800D101764808171BA90C4468059A0076481750D1017648017B520061059A0176482A
:202298000BC6D10176480507520061059A00764811FBD10176480503520061059A007648F5
:2022A80011F4D101764804FF520061059A00764811EDD101764804FB520061059A007648D1
:2022B80011E6D101764804F7520061059A00764811DFD101764804F3520061059A007648ED
:2022C80011D8D101764804EF520061059A00764811D1D101764804EB520061059A00764809
:2022D80011CAD101764804E7520061059A00764811C3D101764804E3520061059A00764825
:2022E80011BCD101764804DF520061059A00764811B5D101764804DB520061059A00764841
:2022F80011AED101764804D7520061059A00764811A7D101764804D3520061059A0076485D
:2023080011A0D101764804CF520061059A0076481199D101764804CB520061059A00764878
:202318001192D101764804C7520061059A007648118BD101764804C3520061059A00764894
:202328001184D101764804BF520061059A007648117DD101764804BB520061059A007648B0
:202338001176D101764804B7520061059A007648116FD101764804B3520061059A007648CC
:202348001168D101764804AF520061059A0076481161D101764804AB520061059A007648E8
:20235800115AD101764804A7520061059A0076481153D10176480543520061059A00764863
:202368001264D101764805675200610628A908FC764812A3D1017648054B520061059A00B0
:2023780076481272D10176480547520061059A007648126BD101764805B3520061097648D8
:2023880005B3520161059A0176481328D101764805335200610976480533520161059A0063
:2023980076481248D101764804A3520061059A007648114CD1017648049F520061059A00E4
:2023A80076481145D1017648049B520061059A007648113ED10176480497520061059A00F6
:2023B80076481137D10176480493520061059A0076481130D1017648048F520061059A0012
:2023C80076481129D1017648048B520061059A0076481122D10176480487520061059A002E
:2023D8007648111BD1017648060F5200610D7648060F520161097648060F520261059A01DE
:2023E800764813C2D101764808F752006109764808F7520161059A00764818D8D1017648A9
:2023F80008B752006109764808B7520161059A0176481868D101764807E752006109764843
:2024080007E7520161059A01764816FCD10176480483520061059A0076481114D1017648C6
:20241800047F520061059A007648110DD101764805735200610976480573520161059A01A5
:20242800764812B8D101764805775200610976480577520161059A01764812BFD101764897
:20243800057B520061097648057B520161059A00764812C6D1017648047B520061059A00C0
:2024480076481106D10176480477520061059A00764810FFD10176480473520061059A001C
:20245800764810F8D1017648059B520061097648059B520161059A00764812FED1017648A3
:2024680005A352006109764805A3520161059A007648130CD1017648052F1BA9190069064A
:2024780028A9012C76481241D10176480513526469059A5076481210D1017648051752643D
:2024880069059A1476481217D1017648059F1BA9EA6069059A0076481305D10176480587F5
:202498001BA9EA60690628A93A98764812DBD101764808BB52006109764808BB5201610510
:2024A8009A007648186FD1017648046F520061059A00764810F1D101764806BF5200610910
:2024B800764806BF520161059A00764814F6D1017648060B520061097648060B5201610581
:2024C8009A00764813BBD10176480467520061059A00764810E3D101764804635200610521
:2024D8009A00764810DCD10176480167526469059A3276480BA3D1017648060752006109F3
:2024E80076480607520161059A00764813B4D101764806031BA91D4C690628A905DC76488C
:2024F80013ADD1017648016F520061097648016F520161059A0176480BB1D1017648017348
:202508005200610976480173520161059A0076480BB8D101764807EB52006109764807EB03
:20251800520161059A0076481703D101764805EB764805EF1BA904B069059A007648139164
:20252800D101764805375200610976480537520161059A007648124FD1017648045B52005E
:2025380061059A00764810CED10176480457520061059A00764810C7D1017648044F5200E0
:2025480061059A00764810B9D1017648044B520061059A00764810B2D1017648044752000E
:2025580061059A00764810ABD10176480443520061059A00764810A4D1017648043F52002A
:2025680061059A007648109DD1017648043B520061059A0076481096D10176480437520046
:2025780061059A007648108FD10176480433520061059A0076481088D1017648042F520062
:2025880061059A0076481081D1017648042B520061059A007648107AD10176480423520082
:2025980061059A007648106CD1017648041F520061059A0076481065D1017648041B5200B0
:2025A80061059A007648105ED10176480417520061059A0076481057D101764804135200CC
:2025B80061059A0076481050D1017648040F520061059A0076481049D1017648040B5200E8
:2025C80061059A0076481042D10176480407520061059A007648103BD10176480403520004
:2025D80061059A0076481034D101764803FF520061059A007648102DD101764803F7520026
:2025E80061059A007648101FD101764803F3520061059A0076481018D101764803EF520054
:2025F80061059A0076481011D101764803EB520061059A007648100AD101764803E7520070
:2026080061059A0076481003D101764803E3520061059A0076480FFCD101764803DF52008C
:2026180061059A0076480FF5D101764803DB520061059A0076480FEED101764803D75200A9
:2026280061059A0076480FE7D101764803D3520061059A0076480FE0D101764803CB5200C9
:2026380061059A0076480FD2D101764803C7520061059A0076480FCBD101764803C35200F7
:2026480061059A0076480FC4D101764803BF520061059A0076480FBDD101764803BB520013
:2026580061059A0076480FB6D1017648012B520269059A0076480B01D101764801335200E7
:2026680061059A0076480B0FD1017648012F520061059A0076480B08D1017648013752007D
:2026780061059A0076480B16D1017648002F520061059A0076480948D1017648002B520036
:2026880061059A0076480941D10176480037520061059A0076480956D101764800275200EB
:2026980061059A007648093AD10176480033520061059A007648094FD10176480113520000
:2026A80061059A0076480AD7D10176480117520061059A0076480ADED101764807DB52000F
:2026B8006109764807DB520161059A00764816E7D101764807D752006109764807D75201D1
:2026C80061059A00764816E0D101764803B3520061059A0076480FA8D101764803AF52009D
:2026D80061059A0076480FA1D101764803A7520061059A0076480F93D101764803A3520000
:2026E80061059A0076480F8CD1017648039F520061059A0076480F85D1017648039B520023
:2026F80061059A0076480F7ED10176480397520061059A0076480F77D1017648039352003F
:2027080061059A0076480F70D1017648038F520061059A0076480F69D1017648038B52005A
:2027180061059A0076480F62D10176480387520061059A0076480F5BD10176480383520076
:2027280061059A0076480F54D1017648037B520061059A0076480F46D101764803775200A1
:2027380061059A0076480F3FD10176480373520061059A0076480F38D1017648036F5200C4
:2027480061059A0076480F31D1017648036B520061059A0076480F2AD101764803675200E0
:2027580061059A0076480F23D10176480363520061059A0076480F1CD1017648035F5200FC
:2027680061059A0076480F15D1017648035B520061059A0076480F0ED10176480357520018
:2027780061059A0076480F07D1017648034F520061059A0076480EF9D1017648034B520044
:2027880061059A0076480EF2D10176480347520061059A0076480EEBD10176480343520068
:2027980061059A0076480EE4D1017648033F520061059A0076480EDDD1017648033B520084
:2027A80061059A0076480ED6D10176480337520061059A0076480ECFD101764803335200A0
:2027B80061059A0076480EC8D1017648032F520061059A0076480EC1D1017648032B5200BC
:2027C80061059A0076480EBAD10176480323520061059A0076480EACD1017648031F5200E7
:2027D80061059A0076480EA5D1017648031B520061059A0076480E9ED1017648031752000A
:2027E80061059A0076480E97D10176480313520061059A0076480E90D1017648030F520026
:2027F80061059A0076480E89D1017648030B520061059A0076480E82D10176480307520042
:2028080061059A0076480E7BD10176480303520061059A0076480E74D101764802FF52005E
:2028180061059A0076480E6DD101764802F7520061059A0076480E5FD101764802F352008A
:2028280061059A0076480E58D101764802EF520061059A0076480E51D101764802EB5200AD
:2028380061059A0076480E4AD101764802E7520061059A0076480E43D101764802E35200C9
:2028480061059A0076480E3CD101764802DF520061059A0076480E35D101764802DB5200E5
:2028580061059A0076480E2ED101764802D7520061059A0076480E27D101764802D3520001
:2028680061059A0076480E20D101764802CB520061059A0076480E12D101764802C752002C
:2028780061059A0076480E0BD101764802C3520061059A0076480E04D101764802BF52004F
:2028880061059A0076480DFDD101764802BB520061059A0076480DF6D101764802B752006D
:2028980061059A0076480DEFD101764802B3520061059A0076480DE8D101764802AF520089
:2028A80061059A0076480DE1D101764802AB520061059A0076480DDAD101764802A75200A5
:2028B80061059A0076480DD3D1017648029F520061059A0076480DC5D1017648029B5200D0
:2028C80061059A0076480DBED10176480297520061059A0076480DB7D101764802935200F3
:2028D80061059A0076480DB0D1017648028F520061059A0076480DA9D101764806CF5200C7
:2028E8006109764806CF520161059A0076481512D101764806D3520061059A0076481519F4
:2028F800D101764807CF520061059A00764816D2D101764807D3520061059A00764816D9F9
:20290800D101764807C3520061059A00764816BDD101764807BF520061059A00764816B640
:20291800D101764807BB520061059A00764816AFD101764807C7520061059A00764816C430
:20292800D101764807CB520061059A00764816CBD101764807B7520061059A00764816A820
:20293800D101764807AF520061059A007648169AD101764807B3520061059A00764816A168
:20294800D101764807A3520061059A0076481685D1017648079F520061059A007648167EB0
:20295800D1017648079B520061059A0076481677D101764807A7520061059A007648168CA0
:20296800D101764807AB520061059A0076481693D10176480797520061059A007648167090
:20297800D1017648078F520061059A0076481662D10176480793520061059A0076481669D8
:20298800D10176480783520061059A007648164DD1017648077F520061059A007648164620
:20299800D1017648077B520061059A007648163FD10176480787520061059A007648165410
:2029A800D1017648078B520061059A007648165BD10176480777520061059A007648163800
:2029B800D1017648076F520061059A007648162AD10176480773520061059A007648163148
:2029C800D10176480763520061059A0076481615D1017648075F520061059A007648160E90
:2029D800D1017648075B520061059A0076481607D10176480767520061059A007648161C80
:2029E800D1017648076B520061059A0076481623D10176480757520061059A007648160070
:2029F800D1017648074F520061059A00764815F2D10176480753520061059A00764815F9BA
:202A0800D10176480743520061059A00764815DDD1017648073F520061059A00764815D601
:202A1800D1017648073B520061059A00764815CFD10176480747520061059A00764815E4F1
:202A2800D1017648074B520061059A00764815EBD10176480737520061059A00764815C8E1
:202A3800D1017648072F520061059A00764815BAD10176480733520061059A00764815C129
:202A4800D10176480723520061059A00764815A5D1017648071F520061059A007648159E71
:202A5800D1017648071B520061059A0076481597D10176480727520061059A00764815AC61
:202A6800D1017648072B520061059A00764815B3D10176480717520061059A007648159051
:202A7800D1017648070F520061059A0076481582D10176480713520061059A007648158999
:202A8800D10176480703520061059A007648156DD101764806FF520061059A0076481566E2
:202A9800D101764806FB520061059A007648155FD10176480707520061059A0076481574D2
:202AA800D1017648070B520061059A007648157BD101764806F7520061059A0076481558C2
:202AB800D101764806EF520061059A007648154AD101764806F3520061059A00764815510B
:202AC800D101764806E3520061059A0076481535D101764806DF520061059A007648152E53
:202AD800D101764806DB520061059A0076481527D101764806E7520061059A007648153C43
:202AE800D101764806EB520061059A0076481543D101764806D7520061059A007648152033
:202AF800D10176480283520061059A0076480D94D1017648027F520061059A0076480D8D3D
:202B0800D101764808C352006109764808C3520161059A007648187DD101764808C75200B6
:202B180061059A0076481884D101764808CB520061059A007648188BD101764808D752006C
:202B280061059A00764818A0D101764808CF764808E3520061059A00764818B5D10176489A
:202B380008E7520061059A00764818BCD101764808D3520061059A0076481899D1017648EE
:202B480008DB520061059A01764818A7D101764808DF520061059A00764818AED1017648DD
:202B580008EB764805B752006109764805B7520161059A017648132FD101764805D75200A8
:202B68006109764805D7520161059A0176481367D101764807FF52006109764807FF520154
:202B780061059A0176481726D10176480277520061059A0076480D7FD10176480273520045
:202B880061059A0076480D78D1017648026F520061059A0076480D71D1017648026B52000C
:202B980061059A0076480D6AD10176480267520061059A0076480D63D10176480263520028
:202BA80061059A0076480D5CD1017648025F520061059A0076480D55D1017648025B520044
:202BB80061059A0076480D4ED10176480257520061059A0076480D47D10176480253520060
:202BC80061059A0076480D40D1017648024F520061059A0076480D39D1017648024B52007C
:202BD80061059A0076480D32D10176480247520061059A0076480D2BD10176480243520098
:202BE80061059A0076480D24D1017648023F520061059A0076480D1DD1017648023B5200B4
:202BF80061059A0076480D16D10176480237520061059A0076480D0FD101764802335200D0
:202C080061059A0076480D08D1017648022F520061059A0076480D01D1017648022B5200EB
:202C180061059A0076480CFAD10176480227520061059A0076480CF3D10176480223520009
:202C280061059A0076480CECD1017648021F520061059A0076480CE5D1017648021B520025
:202C380061059A0076480CDED10176480217520061059A0076480CD7D10176480213520041
:202C480061059A0076480CD0D1017648020F520061059A0076480CC9D1017648020B52005D
:202C580061059A0076480CC2D10176480207520061059A0076480CBBD10176480203520079
:202C680061059A0076480CB4D101764801FF520061059A0076480CADD101764801FB520097
:202C780061059A0076480CA6D101764801F7520061059A0076480C9FD101764801EF5200B7
:202C880061059A0076480C91D10176480803521069059A007648172DD101764807EF5200F2
:202C98006109764807EF520161059A007648170AD101764806CB52006109764806CB5201CD
:202CA80061059A007648150BD101764806C352006109764806C3520161059A00764814FD70
:202CB800D101764805CB52006109764805CB520161059A0076481352D101764805CF52091D
:202CC80069059A0076481359D101764801EB520061059A0076480C8AD101764801E75200CE
:202CD80061059A0076480C83D101764801E3520061059A0076480C7CD101764801DF5200C1
:202CE80061059A0076480C75D101764801DB520061059A0076480C6ED101764801D75200DD
:202CF80061059A0076480C67D101764801D3520061059A0076480C60D101764801CF5200F9
:202D080061059A0076480C59D101764801CB520061059A0076480C52D101764801C7520014
:202D180061059A0076480C4BD1017648067B520061059A007648147FD2017648067F52006A
:202D280061059A0076481486D2017648065B520061059A0076481447D2017648065F52008E
:202D380061059A007648144ED2017648063B520061059A007648140FD2017648063F52002E
:202D480061059A0076481416D2017648066B520061059A0076481463D2017648066F5200A2
:202D580061059A007648146AD2017648064B520061059A007648142BD2017648064F5200B6
:202D680061059A0076481432D2017648062B520061059A00764813F3D2017648062F520057
:202D780061059A00764813FAD20176480683520061059A007648148DD20176480687520035
:202D880061059A0076481494D20176480663520061059A0076481455D20176480667520002
:202D980061059A007648145CD20176480643520061059A007648141DD201764806475200A2
:202DA80061059A0076481424D20176480673520061059A0076481471D20176480677520016
:202DB80061059A0076481478D20176480653520061059A0076481439D2017648065752002A
:202DC80061059A0076481440D20176480633520061059A0076481401D201764806375200CA
:202DD80061059A0076481408D2017648005F520061059A007648099CD2017648005B52001E
:202DE80061059A0076480995D20176480057520061059A007648098ED201764800535200AA
:202DF80061059A0076480987D2017648004F520061059A0076480980D2017648004B5200C6
:202E080061059A0076480979D2015301600376481A3292A152016003764819D292A25201BD
:202E180060037648197D86BE8BBE0006761F029A9A012B002B012B0276480B1D9A017648C1
:202E28000B2E7648A80D76481B5076481AF076481A9976481BA09A00D4019B05764818ED31
:202E38009A01D4049B05764818ED9A02D4029B05764818ED0006B2BDAABDA2BD76486DFF6A
:202E48005AA97648083B88A992A20EA90FA656B100A1610592A27648178FD10176486D41B1
:202E580093A97648084B55A9670628A90640764817ABD10176486D3D93A97648084755A98A
:202E68006805764808475200600628A90898764817A4D1017648082388A9FF20012C0FA641
:202E7800610728AC012C12A276481765D10176486D4593A97648062355A9670628A90640FC
:202E8800764813E5D10128AC017712A293A9764805935BA855A968087648059388A92DA249
:202E980035FA54A6690728AC011F12A2764812F0D1017648058B93A355A968087648058B07
:202EA80088A92DA235FA54A6690728AC015112A2764812E2D1017648088B93A355A9680A1C
:202EB80028AC019012A293A97648088B88A855A9690C28AC016812A27648181BD10128AC29
:202EC800019092A212A988A97648086393A355A968067648086393A655A9690728AC015475
:202ED80012A2764817D5D1017648085380A928AC014512A254A768087648085380A92DA21E
:202EE80035D454A7690728AC011812A2764817B9D1017648089793A355A9680876480897F7
:202EF80080A92DA235FA54A7690728AC011F12A276481830D1017648085B93A355A96808E3
:202F08007648085B80A92DA235FA54A7690728AC011812A2764817C7D1017648082793A6C1
:202F180055A968097648082788A928AC012C12A254A6690592A37648176CD1017648086B76
:202F280093A355A968097648086B88A928AC012C12A254A6690728AC016D12A2764817E3B5
:202F3800D10176486D6193A97648055F55A9670628A904E276481295D10176486D5593A9A8
:202F48007648056355A9670628A902587648129CD10176486D8993A9764808F355A967065B
:202F580028A903E8764818D1D10176486D6952016119764808EF88A9FF2008980FA66133D5
:202F6800764808EF88A9FF2008FC0FA6612C764808EF88A9FF2009600FA6612528A908FC80
:202F78006F1F764808EF88A9FF20044C0FA6611B764808EF88A9FF20047E0FA661147648B6
:202F880008EF88A9FF2004B00FA6610D764808EF88A9FF2004F60FA6610628A904B07648AD
:202F980018CAD1017648050B93A355A968097648050B88A928AC011312A254A6690728AC19
:202FA800015412A276481202D1017648050F93A355A968097648050F88A928AC011312A246
:202FB80054A6690728AC011F12A276481209D101764806171BA903E8690628A9028A764828
:202FC80013D0D101764806131BA903E8690628A903E8764813C9D10176486D899BC895A9C2
:202FD800764805BB55A9660628A901F476481336D101764805F31BA90BB86606764805F7EF
:202FE8001BA90960670628A90A5A76481398D101764805F31BA908986609764805F71BA9B8
:202FF8000384680492A160076F0E28A90384764818E6D1019A0176480B4692A161049A01EC
:2030080076480B3E82BE86BE8BBE000608A9AF00B2BD88A85216D10027A969059CE952077A
:20301800690E6F6676C8F460290106A7560401AB1EA7C5C7762092A67648702AD1126F58BC
:2030280092A67648701E6F5492A676486FDA6F5092A676486FFE6F4C92A6764870026F4806
:2030380092A6764870066F4492A67648700A6F4092A67648700E6F3C92A6764870126F38FC
:2030480092A6764870166F3492A676486FDE6F3092A676486FE26F2C92A676486FE66F28A3
:2030580092A676486FEA6F2492A676486FEE6F2092A676486FF26F1C92A676486FF66F18D0
:2030680092A676486FFA6F1492A67648701A6F1092A6764870226F0C92A6764870266F0861
:2030780092A676486FD66F0492A676486FD292A18BBE000608A9AF0076486E13000608A97B
:203088000400B2BD523059A862675230FFE10141521962335219FFE101B8520C6219520C8A
:20309800FFE101D65209620C5209FFE101F45207FFE101FF5208FFE101F4FFEF0232520A82
:2030A800FFE101E0520BFFE101D0FFEF022A5213620C5213FFE10222520DFFE101B352128C
:2030B800FFE101A3FFEF021D5214FFE102135217FFE10194FFEF0215522862195228FFE1DA
:2030C800013E521E620C521EFFE1015B521AFFE10174521CFFE10163FFEF02035220FFE167
:2030D80001475221FFE1013AFFEF01FB522B620C522BFFE1010D5229FFE10112522AFFE1F8
:2030E80001E5FFEF01EE522DFFE100F9522FFFE100E8FFEF01E6524B622D524B6164523C73
:2030F8006219523CFFE1009E5233620C5233FFE100B35231FFE100C45232FFE100B7FFEFF6
:2031080001D05238FFE1009F5239FFE10093FFEF01C8523F6209523F6169523D6179523EC8
:20311800616EFFEF01BE524261575243614BFFEF01B8526162175261FFE10198525D620A74
:20312800525DFFE1019F5251611F52526119FFEF01A8525EFFE101925260FFE1018BFFEF51
:2031380001A05262FFE1017E5263FFE101775264FFE101705265FFE10169FFEF019292A1FA
:20314800520160146F1992A152016107761F01FC1A120040FFEF0185761F01FC1A0B010000
:20315800FFEF017F92A152016107761F01FC1A0C0400FFEF0176761F01FC1A0A0400FFEF32
:20316800017092A1520161039A006F029A017648C835FFEF016692A1520161039A006F0241
:203178009A017648C831FFEF015C1BA11F40FFE6015892A17648533CFFEF01531BA11F4064
:20318800FFE6014F92A176485340FFEF014A1BA11194FFE6014692A176485348FFEF0141EC
:2031980092A15201FFE6013D76485344FFEF01391BA1012CFFE6013592A17648B09EFFEFC0
:2031A80001301BA1012CFFE6012C92A17648B0A6FFEF012776486D8954A1FFE8012292A198
:2031B8007648532CFFEF011D92A15287FFE601192DA1356476485330FFEF01131BA11770B6
:2031C800FFE6010F92A17648B0A2FFEF010A92A15202FFE6010676485320FFEF0102764863
:2031D800B5F65201FFE000FD1BA10BB8FFE600F992A17648B60DFFEF00F41BA10BB8FFE6A6
:2031E80000F092A17648531CFFEF00EB92A15203FFE600E77648B6D7FFEF00E392A15201A8
:2031F8006107761F01FC1A140080FFEF00DA761F01FC1A120080FFEF00D492A15201610759
:20320800761F01FC1A0D0400FFEF00CB761F01FC1A0B0400FFEF00C592A1525AFFE600C13D
:203218002DA1350A7648BD0CFFEF00BB1BA102DAFFE600B792A17648BD1AFFEF00B21BA101
:2032280005DCFFE600AE7648BCF15204FFE000A992A17648BD36FFEF00A492A15204FFE6E5
:2032380000A05202FFE1009D7648C02192A17648BD5DFFEF009692A15264FFE600927648B9
:20324800B9F8FFEF008E1BA10EA6FFE6008A92A17648B9FCFFEF008592A15203FFE6008153
:20325800764815046F3392A152016106761F01FC1A1402006F75761F01FC1A1202006F70AB
:2032680092A15201666D7648BB516F6A92A152016106761F01FC1A1200046F62761F01FC38
:203278001A1400046F5D92A152016106761F01FC1A0D02006F55761F01FC1A0B02006F5054
:2032880092A15202664D76480BAA9A0176480B4E6F4792A15203664476485E256F4192A1BB
:20329800CCA9FFFE603D92A1764865606F3992A152016106761F01FC1A1400026F31761FC5
:2032A80001FC1A1200026F2C92A17648BD6B6F2892A17648BD646F2492A17648BD286F2086
:2032B80092A17648BD216F1C92A17648BD796F1892A17648BD726F1492A17648BB666F10BA
:2032C80092A17648BB6D6F0C92A17648BAEE6F0892A17648BB586F0492A17648BB3C8BBE9A
:2032D8009A000006FE0208A90400527788A9661976C8F2C8290106A7560401A61EA7C5C7E7
:2032E800762076485D535200600976485269BE0A0EA9F60F1FA6FFEF01CD7648BCCD6FF8DB
:2032F80028A9FFFFFFEF01C69A77FFEF01C39A76FFEF01C09A75FFEF01BD9A74FFEF01BA3E
:203308009A73FFEF01B79A72FFEF01B49A71FFEF01B19A70FFEF01AE9A6FFFEF01AB9A6E46
:20331800FFEF01A89A6DFFEF01A59A6CFFEF01A29A6BFFEF019F9A6AFFEF019C9A69FFEFB9
:2033280001999A68FFEF01969A67FFEF01939A66FFEF01907648BCF9FFEF018C7648BCF505
:20333800FFEF01887648BCE1FFEF01847648BCDDFFEF01807648BD01FFEF017C7648BCFD0C
:20334800FFEF01787648BB38FFEF01747648BB18FFEF01707648BB20FFEF016C7648817057
:20335800FFEF016876488168FFEF016476488144FFEF01607648813CFFEF015C76488160CD
:20336800FFEF0158764852B5FFEF0154764852B9FFEF015076489436FFEF014C7648943A9F
:20337800FFEF01487648C3E6FFEF01447648BB1CFFEF01407648BB24FFEF013C76484235A3
:20338800FFEF01387648816CFFEF013476488148FFEF013076488140FFEF012C764881644D
:20339800FFEF01287648B9D4FFEF012476485281FFEF012076485295FFEF011C76485285BB
:2033A800FFEF011876485291FFEF011476485249FFEF0110764852A1FFEF010C76485275D1
:2033B800FFEF0108761F01FCCC090800FFCAFFEF0101761F01FCCC100008FFC2FFEF00FAB7
:2033C8007648525DFFEF00F6764852C5FFEF00F2764852BDFFEF00EE764852C1FFEF00EA8D
:2033D800764852CDFFEF00E6764852C9FFEF00E276485279FFEF00DE76488BD4FFEF00DA41
:2033E8007648B08AFFEF00D67648B092FFEF00D276485289FFEF00CE7648528DFFEF00CA9F
:2033F80076485299FFEF00C6764852B1FFEF00C27648529DFFEF00BE764852A59B6400C812
:20340800C787FFEF00B77648B08EFFEF00B37648527DFFEF00AF7648B5EEFFEF00AB764832
:203418009090FFEF00A776485224FFEF00A37648906CFFEF009F7648B5F6FFEF009B764823
:20342800BB2CFFEF0097761F01FCCC100080FFC6FFEF0090761F01FCCC090400FFC9FFEFC6
:20343800008976485265FFEF008576485261FFEF0081764865AE6F7D764865966F7A764806
:20344800B07F6F777648BCD9FFEFFEA37648BCD56F707648C00B6F6D7648BCED6F6A28A9C9
:20345800C3506F677648BCF16F647648B9EC6F617648B9F06F5E7648B9F46F5B28A94E2052
:203468006F587648B9E86F55764852596F527648BCE96F4F764852716F4C764808EF764860
:2034780054B16F47761F01FCCC1002006F257648661A6F3F764852AD6F3C7648BB306F39D0
:20348800761F02E728A968C0881428A80478FF5A0200F61F561700A692AB6F2B7648BB08EA
:203498006F28761F01FCCC100004FFC16F22761F01FCCC090200FFC86F1C7648016B6F194D
:2034A80076485D576F1676485D536F13761F01FCCC100002FFC06F0D7648903C6F0A7648B1
:2034B800B9D06F0776486DF56F049A0B6F029A50FE8200069A00000628A955AA000608A9B5
:2034C800EF0076486E1D000608A9080076486E280006522058A967058F00A68A92940006C9
:2034D80028A9FFFF000658A91BA001B667058F00A8009294000628A9FFFF0006526058A935
:2034E80067058F00A7009294000628A9FFFF00069A00000608A9DF00B2BD52E5AABD59A8E3
:2034F80088A9D200FFE200D852E5FFE1070152AD627152ADFFE104CE529462385292FFE310
:2035080006F7520562195205FFE106C55202620C5202FFE106D55200FFE106E05201FFE1B6
:2035180006D6FFEF06EE5203FFE106C35204FFE106B9FFEF06E6526B620D5260FFE301BB8C
:203528005206FFE106A29CF95258FFE906D1FFEF06D89C945213FFE906CB92A608A9FF8023
:203538005211FFE901B4FFEF06CC52A6621E52A6FFE104C252A3621152A3FFE104E508A9C6
:20354800FF6B520BFFE901AF92A608A9FF5F5201FFE906AEFFEF06B552A4FFE104C152A593
:20355800FFE104B4FFEF06AD52AA620C52A9FFE3069F52A7FFE1049652A8FFE106A9FFEF44
:2035680006A052ABFFE1048452ACFFE1046CFFEF069852C2623652C2FFE103FD52B4621C3A
:2035780052B4FFE1042752B0620C52B0FFE1043652AEFFE1044652AFFFE1043AFFEF0681D8
:2035880008A9FF4F5201FFE9067392A652B3FFE1041BFFEF067652BF620C52B7FFE30668F2
:2035980052B5FFE103FD52B6FFE103F0FFEF066952C0FFE103E252C1FFE103D6FFEF0661FC
:2035A80052E0621B52E0FFE1039752C5620C52C5FFE103A652C3FFE103B552C4FFE103A934
:2035B800FFEF064F52C6FFE1039108A9FF395218FFE9063EFFEF064552E1FFE1063952E2E6
:2035C800FFE1037152E3FFE1063352E4FFE10362FFEF06371BA60118627A1BA60118FFE12B
:2035D800063352F9623652F9FFE102C652F2621952F2FFE102F352EF620C52E8FFE3061803
:2035E80052E6FFE1033D52E7FFE10330FFEF061952F0FFE1031E52F1FFE10311FFEF061193
:2035F80052F5620C52F5FFE102BB52F3FFE102CC52F4FFE102BFFFEF060408A9FF0A52013B
:20360800FFE905F692A652F8FFE102A0FFEF05F91BA6011362221BA60113FFE101B21BA64D
:20361800010F620E52FEFFE300EA52FAFFE1027A08A9FF055202FFE905DBFFEF05E208A9F7
:20362800FEF05201FFE905D488A6FF2001120FA6FFE101A1FFEF05D580A6FF2001140FA711
:20363800FFE1018680A6FF2001150FA7FFE1017680A6FF2001160FA7FFE1016688A6FF20FD
:2036480001170FA6FFE10156FFEF05BB1BA601DF62511BA601DFFFE101121BA601D36228A9
:203658001BA6014DFFE305A41BA6014A62131BA6011BFFE3059D80A6FF2001190FA7FFE1E1
:20366800013088A6FF20011A0FA6FFE10120FFEF059880A6FF20014B0FA7FFE1010E88A604
:20367800FF20014C0FA6FFE100FEFFEF058A1BA601D862131BA601D8FFE1058080A6FF2063
:2036880001D40FA7FFE100E592A608A9FE2B5202FFE9056EFFEF057508A9FE275204FFE995
:20369800056788A6FF2001DE0FA6FFE10563FFEF05681BA6020662271BA60206FFE1008A9D
:2036A8001BA6020362131BA601E2FFE3055180A6FF2001E00FA7FFE100A888A6FF2001E158
:2036B8000FA6FFE10098FFEF054C80A6FF2002040FA7FFE1008388A6FF2002050FA6617345
:2036C800FFEF053F80A6FF2002070FA7615880A6FF2002080FA7614980A6FF2002090FA73E
:2036D800613992A608A9FDF6522BFFE90521FFEF0528560301A688A908A6FF4076C8F3B8AF
:2036E80006A70DA61EA7C5C77620560301A688A908A6FF0076C8F3D006A70DA61EA7C5C7EB
:2036F8007620560301A688A908A6FED676C8F3F406A70DA61EA7C5C77620560301A688A9CC
:2037080008A6FE0476C8F40C06A70DA61EA7C5C7762092A1520956B612A2FFE60503761F9C
:2037180002F2792EFFEF04ED92A1CCA9FFFEFFE004DF761F02F2792DFFEF04E392A1CCA904
:20372800FFFEFFE004D5761F02F2792CFFEF04D992A1CCA9FFFEFFE004CB761F02F2792B53
:20373800FFEF04CF92A1CCA9FFFEFFE004C1761F02F2792AFFEF04C592A19CFF5210FFE76E
:2037480004B7761F02F29A01792876486D1DFFEF04B892A1CCA9FFFEFFE004AA92A17648CC
:203758001726FFEF04BC92A1CCA9FFFEFFE004A092A176481367FFEF04B292A1CCA9FFFE8A
:20376800FFE0049692A17648132FFFEF04A892A1CCA9FFFEFFE0048C761F02F2792FFFEFC8
:20377800049092A1CCA9FFFEFFE0048292A1764816E0FFEF049492A1CCA9FFFEFFE0047826
:2037880092A1764816E7FFEF048A92A1CCA9FFFEFFE0046E92A17648124FFFEF04801BA141
:2037980004B0FFE6046592A176481391FFEF047792A1CCA9FFFEFFE0045B92A17648170323
:2037A800FFEF046D92A1CCA9FFFEFFE0045192A176480BB8FFEF046392A1CCA9FFFEFFE03C
:2037B800044792A176480BB1FFEF04591BA11D4CFFE6043E92A1764813ADFFEF045092A13C
:2037C800CCA9FFFEFFE0043492A1764813B4FFEF044692A15264FFE6042B76480BA3FFEF11
:2037D800043E1BA10898FFE604231BA10384FFE8041F92A1764818E6FFEF04311BA10BB849
:2037E800FFE604161BA10960FFE8041292A176481398FFEF042476486D899BC895A955A1A3
:2037F800FFE8040692A176481336FFEF04181BA103E8FFE603FD92A1764813C9FFEF040F22
:203808001BA103E8FFE603F492A1764813D0FFEF040692A1CCA9FFFEFFE003EA92A17648EF
:2038180013BBFFEF03FC92A1CCA9FFFEFFE003E092A1764814F6FFEF03F292A1CCA9FFFEEB
:20382800FFE003D692A17648186FFFEF03E81BA1EA60FFE603CD92A1764812DBFFEF03DF0E
:203838001BA1EA60FFE603C492A176481305FFEF03D676486DFF28AC044C12A954A1FFE60B
:2038480003B776486DFF28AC05DC12A954A1FFE803AF92A176481209FFEF03C176486DFF96
:2038580028AC044C12A954A1FFE603A276486DFF28AC05DC12A954A1FFE8039A92A17648EE
:203868001202FFEF03AC92A15264FFE6039176481217FFEF03A492A15264FFE60389764899
:203878001210FFEF039C1BA11900FFE6038192A176481241FFEF039392A1CCA9FFFEFFE0F7
:20388800037792A17648130CFFEF038992A1CCA9FFFEFFE0036D92A1764812FEFFEF037FB7
:2038980092A1CCA9FFFEFFE0036392A1764812C6FFEF037592A1CCA9FFFEFFE0035992A1E4
:2038A800764812BFFFEF036B92A1CCA9FFFEFFE0034F92A1764812B8FFEF036192A1CCA98A
:2038B800FFFEFFE0034592A1764816FCFFEF035792A1CCA9FFFEFFE0033B92A1764818684E
:2038C800FFEF034D92A1CCA9FFFEFFE0033192A1764818D8FFEF034376486D69520060127D
:2038D80088A1FF2008980FA6612288A1FF2008FC0FA6611D88A1FF2009600FA66118FFEF64
:2038E800031788A1FF20044C0FA6611188A1FF20047E0FA6610C88A1FF2004B00FA66107E2
:2038F80088A1FF2004F60FA6FFE0030292A1764818CA76486F03FFEF031276486D8954A126
:20390800FFE802F692A1764818D1FFEF030892A1CCA9FFFE610592A15202FFE002E992A15E
:20391800764813C2FFEF02FB92A1CCA9FFFEFFE002DF92A176481248FFEF02F192A1CCA9D8
:20392800FFFEFFE002D592A176481328FFEF02E71BA1028AFFE602CC92A17648129CFFEF41
:2039380002DE1BA107D0FFE602C392A1764812A3FFEF02D576486D6154A1FFE802B992A191
:2039480076481295FFEF02CB92A1CCA9FFFEFFE002AF92A176480BC6FFEF02C11BA10C448B
:20395800FFE602A692A176481750FFEF02B81BA1270FFFE6029D92A176481749FFEF02AF5C
:203968001BA1270FFFE6029492A176481742FFEF02A61BA1270FFFE6028B92A17648173B4B
:20397800FFEF029D1BA10C44FFE6028292A17648175EFFEF02941BA10C44FFE6027992A1A4
:2039880076481757FFEF028B92A1CCA9FFFEFFE0026F92A176480BCDFFEF028192A1CCA9A1
:20399800FFFEFFE0026592A17648185AFFEF027792A1CCA9FFFEFFE0025B92A17648179683
:2039A800FFEF026D92A1CCA9FFFEFFE0025192A1764817B2FFEF026392A1CCA9FFFEFFE03A
:2039B800024792A176481806FFEF02591BA10384FFE6023E92A1764817F8FFEF02501BA1EA
:2039C8000384FFE6023592A1764817EAFFEF02471BA10384FFE6022C92A1764817F1FFEFD6
:2039D800023E76486DFF28AC04B012A954A1FFE6021F76486DFF28AC05DC12A954A1FFE8B1
:2039E800021792A1764817E3FFEF022992A1CCA9FFFEFFE0020D92A1764817FFFFEF021FF9
:2039F80092A1CCA9FFFEFFE0020392A176481788FFEF021592A1CCA9FFFEFFE001F992A1E0
:203A08007648179DFFEF020B92A1CCA9FFFEFFE001EF92A176481861FFEF020176486DFF38
:203A18002DA935FA54A1FFE601E376486DFF28AC017712A954A1FFE801DB92A17648176C6E
:203A2800FFEF01ED92A152C8FFE601D276481734FFEF01E576486DFF2DA935FA54A1FFE6B7
:203A380001C776486DFF28AC017712A954A1FFE801BF92A1764817C7FFEF01D192A1526461
:203A4800FFE601B6764817CEFFEF01C976486DFF2DA935FA54A1FFE601AB76486DFF28ACB4
:203A5800017712A954A1FFE801A392A176481830FFEF01B592A15264FFE6019A7648183748
:203A6800FFEF01AD76486DFF2DA935FA54A1FFE6018F76486DFF28AC017712A954A1FFE8FC
:203A7800018792A1764817B9FFEF019992A15264FFE6017E764817C0FFEF019192A1526412
:203A8800FFE60176764817DCFFEF018976486DFF28AC011812A954A1FFE6016A76486DFF58
:203A980028AC016D12A954A1FFE8016292A1764817D5FFEF017476486DFF28AC011812A9C0
:203AA80054A1FFE6015576486DFF28AC019012A954A1FFE8014D92A17648181BFFEF015FE8
:203AB80092A15264FFE60144764814C5FFEF015792A15264FFE6013C764814B0FFEF014F33
:203AC80092A1CCA9FFFEFFE0013392A1764814DAFFEF014592A15264FFE6012A764812E961
:203AD800FFEF013D92A15264FFE60122764812F7FFEF013576486DFF28AC03E812A954A12D
:203AE800FFE6011676486DFF28AC05DC12A954A1FFE8010E92A1764812E2FFEF012076488B
:203AF8006DFF28AC03E812A954A1FFE6010176486DFF28AC05DC12A954A1FFE800F992A14A
:203B0800764812F0FFEF010B76486D4554A1FFE800EF7648084B54A16731FFEF00E992A100
:203B1800CCA9FFFEFFE000E492A1764813ECFFEF00F688A1FF2002800FA6FFE000D928A97C
:203B2800028076481765FFEF00EA76486D3D54A1FFE800CE92A1764817A4FFEF00E076489F
:203B38006D4154A1FFE800C492A1764817AB7648062393A155A9FFE700D292A1764813E5B2
:203B4800FFEF00CD92A15264FFE600B276481360FFEF00C592A1CCA9FFFEFFE000A992A1DE
:203B580076481829FFEF00BB92A1520261045203FFE0009E76481781FFEF00B192A1CCA94A
:203B6800FFFEFFE0009592A176481876FFEF00A792A1CCA9FFFEFFE0008B92A17648134B5A
:203B7800FFEF009D92A1CCA9FFFEFFE0008192A176481321FFEF009392A1CCA9FFFE60777B
:203B880092A17648121EFFEF008A92A1CCA9FFFE606E92A176481225FFEF008192A15203F2
:203B98006666764815046F7A92A15202666076480BAA6F7492A15206665A76480BBF6F6E2E
:203BA80092A15210665452006152764812336F6692A1CCA9FFFE610492A15202604892A165
:203BB8007648122C6F5B92A1CCA9FFFE604092A17648133D6F5392A1CCA9FFFE603892A16F
:203BC8007648123A6F4B92A15212663176480B646F2A1BA1270F662B92A176480B6B6F23A9
:203BD8001BA1270F662492A176480B726F1C1BA1270F661D92A176480B796F151BA1270FF8
:203BE800661692A176480B806F0E1BA1270F660F92A176480B876F071BA1270F660892A155
:203BF800764813449A0176480B4E6F0AD2126F08761F02F279316F04761F02F279309A00A0
:203C0800600D6F0F92A17648138A6F0892A1764818DF6F0492A1764818229A0176480B467C
:203C180092A286BE8BBE000608A9DF00526068131BA9021667059CA0764834DB00061BA9ED
:203C28000236670608A9FDEA764834D1000628A9FFFF0006764834E600069A0000069A0089
:203C3800000608A9BF00B2BD88A85249D100624A5249FFE101E7523C62265239FFE301E078
:203C4800522F6214520EFFE301DB5200FFE101A65201FFE1019A93A99DFE530AFFE901D0B3
:203C5800520DFFE1018AFFEF01D95230FFE1016A93A99DCF5306FFE901C35238FFE101478E
:203C6800FFEF01CC524562135245FFE10119523DFFE10136523EFFE101B9523FFFE101237F
:203C78009CC05204FFE901ACFFEF01B85246FFE100FA5247FFE101A45248FFE100E4FFEF62
:203C880001AD525562225255617A524E6212524EFFE100A4524AFFE10193524BFFE100BF3D
:203C9800524CFFE100AF524DFFE1018AFFEF0196524FFFE1008693A99DB05303FFE9018001
:203CA8005254616AFFEF018A5259620D5259FFE101775256FFE10174525761395258612A80
:203CB800FFEF017C525A6116525B61079CA45203FFE90166FFEF017292A628A8271000C8FD
:203CC800C8547648AA2359A95200FFE1015BFFEF016592A65201FFE0012A764808AB1BA987
:203CD8001000FFE1015B28A9100076481853FFEF014992A628A8271000C8C8547648A9DCD8
:203CE80059A95200FFE1013EFFEF014892A6520161065202FFE0010BFFEF0140764808A349
:203CF8001BA91000FFE1013A28A910007648184528A91000764879EBFFEF012492A628A8A3
:203D0800271000C8C8547648A8A559A95200FFE10119FFEF012392A65201FFE000E8764805
:203D180005A71BA91000FFE1011928A910007648131328A910007648798EFFEF010392A67C
:203D280028A8271000C8C8547648A9AA59A95200FFE100F8FFEF010292A65201FFE000C731
:203D3800764805E71BA91000FFE100F828A910007648138328A91000764879D1FFEF00E227
:203D480092A628A8271000C8C8547648A96359A95200FFE100D7FFEF00E192A65201FFE02A
:203D580000A6764805DF1BA91000FFE100D728A910007648137528A91000764879C4FFEF87
:203D680000C192A65201FFE000927648061F1BA91000FFE100C328A91000764813DEFFEFA6
:203D780000B192A628A8271000C8C8547648A91C59A95200FFE100A6FFEF00B092A65201D1
:203D88006075764805FF1BA91000FFE100A728A91000764813A628A91000764879DEFFEFED
:203D9800009192A628A8271000C8C8547648AA2559A95200FFE10086FFEF009092A6520107
:203DA80060557648AB11FFEF008992A65201610B28A8271000C8C8547648A87359A9520046
:203DB80061706F7B7648056F1BA91000617628A91000764812B128A91000764879816F6188
:203DC80092A65201610B28A8271000C8C8547648A82C59A9520061556F607648055B1BA9AC
:203DD8001000615B28A910007648128E28A910007648795A6F4692A6523C6618520A68167B
:203DE800764853286F4A92A6CCA9FFFE600F76485D4F5204600B6F4192A65201611B52027A
:203DF80061165203610F52046103D1126F3676481B4776481AE69A059B017648C6269B04CB
:203E08006F1876481AE676481A906F0E76481AE66FF776481B4776481AE676481A909A0567
:203E18009B017648C6269A059B047648C6269B029A057648C62676482E436F0FD1026F0D7A
:203E28009A0176480B4E6F0992A628A8271000C8C8547648AAA559A992A18BBE0006761F07
:203E380002F2922F0006761F02F2922D0006761F02F2922E0006761F02F2922C0006761F30
:203E480002F292300006761F02F2922B0006761F02F2922500069A000006761F02F2922A27
:203E58000006761F02F292280006761F02F29231000600060006B2BDAABDA2BDFE06C5524D
:203E680086A492CC5203C346DA03C550A04227D45BABC344605AD10392A372A1D00472A0BC
:203E78005603089C9B0395AB949459A992A876487BA888A10EA90FA6604892A16146761F5E
:203E880002F29227520161335203611A5202603D92A361118D400200DB81560308C2C546C5
:203E980094CA93A992A13E675200602FD901DA02000BFFF5761F02F21A3600106F2C92A349
:203EA80061118D40F800DB81560308C2C54494CA93A992A13E6752006018D901DA02000B3E
:203EB800FFF5761F02F21A3600016F1592A361138D400100DB81560308C2C54294CA93A901
:203EC80092A13E67520061039A006F10D901DA02000BFFF3761F02F292362B275211600515
:203ED8002B369A0276486D1D9A01FE8682BE86BE8BBE0006B2BDC5A48BA5AABD5AA98AA5F2
:203EE80092C796C19A8094CF96C997D19A0376487BA893A9FFD790FF96E197D992A27648CE
:203EF800AFCD5201610692A29B058AA17648AE6986BE8BBE0006B2BDAABDA2BDFE089641FB
:203F0800C552A844560308D4A04693CC94DCC3485BA9530661088B44560308E194E9D9076D
:203F180060056F138B449A01D9045AA9DA81560308C1C54894C993A992A33E6793A9602798
:203F2800DB01D902000AFFF5C5448A4692C796C48BA492CF96CC92D796D492DF96DC92E717
:203F380096E492EF96EC9A0676487BA893A9FFD790FF96F997F192417648AFCD5201610CE6
:203F480092418A469B087648AE696F0692418A44834676483EE2FE8882BE86BE8BBE000628
:203F5800B2BDAABDA2BDFE0458A859A086A4964382A5D981D88256030892949A59A992A0E6
:203F680076487BA893A980A188430EA883A30FA76055560308D293CA94DA80A95306610800
:203F7800560308E294EA527D69049B036F489A011BA7210068411BA72A0068371BA7410022
:203F8800683B1BA74200682A1BA7510068351BA7530068181BA7FC00682F1BA7FD00680B14
:203F98001BA7FD18672994A71BA9FD1866258F089EE76F0E94A71BA9FD00661E8F0830879C
:203FA8006F0794A71BA9530066178F08300EA84292A68AA276483F036F1694A71BA94200CB
:203FB800660B8F083C396FF494A71BA92A0066048F0834F26FED9B126F029B1192A68AA22F
:203FC80076483EE2FE8482BE86BE8BBE00060006B2BDAABDA2BDFE04C5A49641A34E82A511
:203FD800560308D7A94494DF9642560308E793C794EF97C3CDA9007FFF9080CFD1035200E1
:203FE80097D37FCB61105AA9DA81C54492423E6793A9FFD70A4290FF979BD901969BD901B0
:203FF800000AFFF58AA392A176487BA893A9FFD790FF979BD901969B92417648AFCD52012C
:204008006107D90192418AA393A17648AE69FE8482BE86BE8BBE0006B2BDAABDA2BDFE04C1
:2040180058A859A086A4964382A5D981D88256030892949A59A992A076487BA893A980A11E
:2040280088430EA883A30FA76070560308D294DA80A9560308E294EA527B66651BA7210045
:20403800680B1BA72A00670894A71BA92A0066548F083C1C6F401BA7110068531BA712C0F7
:2040480068471BA7F800680B1BA7F900670894A71BA9F90066418F0834CC6F2D1BA751006D
:2040580068401BA75300682D1BA7FC00680B1BA7FD00670894A71BA9FD00662E8F0832DA64
:204068006F1A1BA7D000682D1BA7E000680E1BA7FD0068271BA7FD18672494A71BA9FD18AC
:20407800661B8F089F9C6F0794A71BA9E00066148F089EE0A84292A68AA276483FD06F1A4D
:2040880094A71BA9530066088F0830826FF494A71BA912C069039B126F098F0834C76FEB5E
:204098009B026F049B036F029B1192A68AA276483EE2FE8482BE86BE8BBE0006B2BDAABDD0
:2040A800A2BDFE0459A97648B06C86A492A17648B06382A492A160138F483C358F083C376F
:2040B800A042A8448F4834F08AA276483E63761F02F25201962560032B266F1F92CA52030A
:2040C80061165206611252106018560308E294EAFF809C0993A953FF56B6FFA892A18AA237
:2040D80083A376483F586F099B086FF992A19B088AA283A376484014FE8482BE86BE8BBE41
:2040E80000069A000006B2BD59A9AABD8D80B8789A068AA256BF1EC256BF03CA56BF01D272
:2040F8002BDA2BE256BF20EA76487BA893A9FFD790FF96FA97F292A17648AFCD52016106B5
:2041080092A19B088AA27648AE6986BE8BBE0006761F02F2932553016007542666042B26FC
:204118002B2500060A2600060006B2BDAABD86A559A956BF41C256BF0DCA7648AFCD520161
:20412800610692A19B028AA27648AE6986BE8BBE0006B2BDAABDA2BDFE02D108560308F449
:20413800C44CD00994FC5BA9C2425603089C9494DC0B8BA461105AA9DA81560308C1C542B3
:2041480094C993A992A33E6752006006DB01D902000AFFF59A00FE8282BE86BE8BBE00068A
:20415800B2BDAABDA2BDFE04C5A49641A34E82A5560308D7A94494DF9642560308E793C7A6
:2041680094EF97C3CDA9007FFF9080CFD103520097D37FCB61105AA9DA81C54492423E675C
:2041780093A9FFD70A4290FF979BD901969BD901000AFFF58AA392A176487BA893A9FFD7D2
:2041880090FF979BD901969B92417648AFCD52016107D90192418AA393A17648AE69FE841E
:2041980082BE86BE8BBE0006B2BD59A9AABD8D80B9F59A068AA256BF03CA56BFF8D22BDA0F
:2041A8002BE256BF10EA97C276487BA893A9FFD790FF96FA97F292A17648AFCD52016106C0
:2041B80092A19B088AA27648AE6986BE8BBE0006B2BD59A9AABD8D80BBF89A068AA256BF04
:2041C80003CA56BF02D22BDA2BE256BF20EA97C276487BA893A9FFD790FF96FA97F292A1C9
:2041D8007648AFCD5201610692A19B088AA27648AE6986BE8BBE0006B2BDAABD59A95AA88F
:2041E8007648083393A252036046761F02F20A32553267052B320A330A340A3592345203A4
:2041F800612592355202610D9233520160342B3392A1764840EB761F02F256BF01276F2B12
:204208002B352B3376483E595200612576486DF95201602176483E5993A992A1764841C030
:20421800761F02F256BF02276F162B342B352B3376483E595200610F76486DF95201600B24
:2042280076483E5993A992A17648419C761F02F256BF032786BE8BBE0006761F02E9923575
:204238000006B2BD7622D03C02008F407C00D17CBE003100B60029011E95D0BC1E9D8D401D
:2042480001BCC2958D0001FCBEFFA99D1E9592A7901F5206610B92A7522361085230610656
:20425800560301A907A58AA9A9C4DF01000EFFF18F007F00BE1F02001E84000EFFFF761AEE
:204268008BBE000688A87622761F01D18F472064CD25F000CCC50FFFCAA88F472066962554
:20427800D068761F01D9CCC50FFFCD25F0008F472068CAA89625761F01A9CCC50FFF8F47BF
:20428800206ACD25F000CAA89625761F01B1CCC50FFF8F47206CCD25F000CAA89625761F91
:2042980001B9CCC50FFF8F45D700CD25F000CAA8CDA600039625761F175DCC95FFFCD069DF
:2042A800CAA89628CC95FFFCCAA89629560302A6900FCD28FFF3CBA99728CD29FFF3CBA923
:2042B800CCA600039729560304A9CD28FFCFCBA99728CD29FFCFCBA9CCA6000397295603EF
:2042C80006A9CD28FF3FCBA99728CD29FF3FCBA9CCA600039729560308A9CD28FCFFCBA976
:2042D8009728CD29FCFFCBA9CCA40001FF899729CD28FBFFCAA89628CCA40001FF8ACD28DB
:2042E800F7FFCAA89628CCA40001FF8BCD28EFFFCAA89628CCA40001FF8CCD28DFFFCAA841
:2042F8009628CCA40001FF8DCD28BFFFCAA89628761A0006C5A4A0A983440FA7690B03A725
:2043080019018AA99287DC819685020019010FA460FA0006B2BDAABDE20304BDFE02E6CF57
:20431800000486A9E811FC048B4CAD14631FE8020000E6CF00217648C2E7E89048007700E1
:20432800E68A000077007700BFA70F1202641EAC0200566500A7F61F561700A1A9A903A7DD
:204338001EA606A7FF301EA76F0B8F0004B00200A8ABF61F561700A1A9A6B618DE8CBDABDC
:204348000F127700770077007700E68B00007700E70000207700E68A00007700AAA9BFAC4D
:204358000F12610276258F05E70006A6DC08910FA3C4D00C8F05E70018AB000018AAFFF049
:2043680083A4C4A4FF69CAABCBAADE08DD101EC6ABA97F94910FA3C5DC1018AB000018AABD
:20437800FFF0FE82CAABCBAA1EC4E2AF04BE86BE8BBE0006B2BDA2BDFE0282A9274B2F4A20
:204388002D497622FF586006761F174D1A0C00016F0276257685E7008EA6C5A6D814DF14BE
:204398001AC000011AC70002CCC6FFF050058EA696C6CCC6FF1F505096C6CCC60FFF1AA9D2
:2043A800500096C692A5600683A076C0A000DD24C3C592A4610D52016105520261065205BB
:2043B800600B8F00A0006F068F00A0016F038F00A002DE28A8C688AC9B0192AB28AC0001AD
:2043C80095AA72ACBDA60F1212A80EA9BDA90F1677007700FF69E68B0000E68B00097648F9
:2043D800C2E702011E42A2A9764843128F05E700CCC4F8FF1AA90A0096C4CCC4FFF8500A51
:2043E80096C4761ADC1406C49B009003FF5861FC06C4B602BE009B0090030FA756B101A65D
:2043F800FE8282BE92A68BBE00065200610A9CFF88A98F002EDF7700000CFFFF000EFFFBB0
:20440800FF6900069A03764843FDBE03FF2001FF761F17480F3067071A3100011831FFFE78
:204418000F3068FBFF2007FF0F3060FD000EFFF0000676228F45D2008AA5761F1748DC32AF
:2044280018C4FFFE1A320002761A7648440A7622D008CC95FFFC50019608761AD02E409593
:204438006C027625FF6900067622761F1748CC08FFFE50029608761A000676228F45D200CC
:204448008AA5761F1748DC3218C4FFFE1832FFFD761A7648440A7622D008CC95FFFC50014B
:204458009608761A6F0E76221A2E0002761A7648440A7622D008CC95FFFC50019608761AD0
:20446800D02E40956DF100067622761F17481808FFFC761A0006B2BDAABDA2BDFE081EA7C0
:20447800D00806567C452DA5A3525B531E4892A490038F05D20088A99644929490030EA9AA
:204488000FA66029D032CC940002FFC05DA9CC450004FFC188A9A0A90FA6601DD01488AC14
:20449800929490FF0EA90FA66016D015CC941F00FFC70EA90FA7600FD0159294901F0EA9F6
:2044A8000FAB6009D02288A39294903F0EA90FA6FFE100B27622D01488AC929490FF0EA9A5
:2044B8000FA66011D015CC941F00FFC70EA90FA7600AD0159294901F0EA90FAB6004D00E50
:2044C80040946D728F45D200DC0E18C4FFFDF678770006A7FF378AA5CAABCBAAFF3FDC0EB0
:2044D800AFAC18C4FFFE86A9761AF6427700D008934488A8929590030EA90FA6600ED032AD
:2044E800CC950002FFC00EA91EA6CC450004FFC15CA906A60FA46118924561135201610D59
:2044F8005202610752056010FF69764844216F0CFF697648443C6F08FF69764844456F04DC
:20450800FF697648446CF63C770076227685D20083A68AA6D114D016DD22DC0E18C5FFC006
:20451800AA9E1AC40001CC9600012FA906A7FF39FF1A00011EA692AA5201610A06A661084F
:20452800761F1748CC160001DE81520160F8761A2141FF693F42D5007F4306485C45764873
:20453800438252006127762292A3523F6006761F17481A22003F6F0C9A01D0228F05D20023
:2045480094A3CD94FFC0903FD022CAA896948F45D2008AA5DC0E1AC40002F664770092A3FA
:20455800D022903FCD95FFC0D022CAA89695761A6F027625FE88FF6982BE86BE8BBE000675
:20456800B2BDAABDFE087622761F01C092299007964750689629761A3B1076260000762FA7
:204578000000BE000200D401D51EFF69C2422B431E4602017648447376FFB2203E67762261
:20458800761F174802028F05D3001E2CC5A4C4A483A4761F174C8BA4DF22DE238EA4DD2614
:204598001AC700011A220004C5A41A2200081A2200101A220020DF281AC60001C4A41A23FF
:2045A80000041A2301001AC5000183A4DE2AD9321A260002DD301A2600041A2600081A267C
:2045B80000101A2600201A2600401A2600801A2601001A2602001A2604001A2608001AC743
:2045C8000001C5A41A2800021AC60001C4A4D834DF3686A4DE391A2A00021A2A00041AC50D
:2045D800000183A41A3000021A3000041AC100011A3200021AC000011A3400021AC70010BB
:2045E800C5A41A3600201AC60001C4A4DD3C8BA4DF3EDE401AC5000183A48EA4DA44D94698
:2045F800DD431A3C00021A3C00041A3C00081A3C00101AC70001C5A41A3E00021A3E00040C
:204608001A3E0008761F174D1AC60001C4A41A0000021A0000041AC5000183A4D848DF4A66
:20461800DE4CDD56DC581AC200011A0400021AC100011A0600021AC000011AC700011AC659
:2046280000011A0C00021AC500011AC40001761AFE8886BE8BBE0006761F17440632600752
:2046380076229A0128A8A5A51E32761A0632761F02E91E3600063B10761F00331820FFFEDB
:204648002B222B24FF692B262B282B2A2B2C2B2E2B302B322B342B362B382B232B252B27DA
:204658002B292B2B2B2D2B2F2B312B332B352B372B3900068F48EBBE8F000D067622BEDCAC
:2046680006851E84000EFFFE761A761F00331A200001000676228F004000D084761F01020E
:2046780083A4CC94FFFE50029604DD47CC04FFFB500896041AC500C0761A761F0101C5A4A3
:2046880083A4C4A428230F42761F0100DD61DF0892C52BC583A4DE6B2B0418C4E3FFDD0C9F
:2046980018C4FC7FCCC4FFFE500296C418C4FFFB18C4FFF718C4FFBF18C7FFEF76C0FFFF2F
:2046A8001808FFFC1808FFBF1808FFF3761F010128000555280205551AC6FFFFC32C761FE8
:2046B800010018C5FFFCCC0CFFFB5008960C761F0101A8A909A683A956BF901356BF90110C
:2046C800761F010218C5FFF3CC26FFFC50019626A8A909A483A91AC50008CC24FFF8500227
:2046D8009624A8A909AA8AA91AC400011A240800CC24F8FF1AA902009624CC26F7FF1AA99B
:2046E80004009626CC26FDFF1AA9010096267622F5A94082CCA9FFF85002F4A94082F5A9D1
:2046F80040D25040F4A940D2F5A940C0500FF4A940C0F5A940801AA94000F4A94080F5A95B
:2047080040801AA98000F4A94080F5A940C318A9FFFEF4A940C3761A9A049B017648BDC22B
:2047180076228F004100BFA97A24D084761F0106500183A4BDA97A24F5A940975005DD47B9
:20472800F4A94097CC94FFFE50029604CC04FFFB500896041AC500C0761A761F010583A407
:20473800C5A4C4A428230F42DD61761F010492C52BC583A4DF08DE6B2B04DD0C18C4E3FFA8
:2047480018C4FC7FCCC4FFFE500296C418C4FFFB18C4FFF718C4FFBF18C7FFEF76C0FFFF7E
:204758001808FFFC1808FFBF1808FFF3761F010528000555280205551AC6FFFFC32C761F33
:20476800010418C5FFFCCC0CFFFB5008960C761F0105A8A909A683A956BF901356BF901153
:20477800761F010618C5FFF3CC26FFFC50019626A8A909A483A91AC50008CC24FFF8500272
:204788009624A8A909AA8AA91AC400011A240800CC24F8FF1AA902009624CC26F7FF1AA9EA
:2047980004009626CC26FDFF1AA9010096267622F5A94182CCA9FFF85002F4A94182F5A91E
:2047A80041D25040F4A941D2F5A941C0500FF4A941C0F5A941801AA94000F4A94180F5A9A4
:2047B80041801AA98000F4A94180F5A941C318A9FFFEF4A941C3761A9A049B017648BDC277
:2047C8007622BFA97A245001BDA97A24F5A941975005F4A94197761A000676227680420038
:2047D800D084761F010A8AA6CC96FFFE50029604DC47CC04FFFB500896041AC400C0761A45
:2047E8008AA6761F010928230368761F0108DC6192C42BC48AA683A62B0418C6E3FFDC08E0
:2047F80018C6FC7FCCC6FFFE500296C618C6FFFB18C6FFF718C6FFBF1AF6000218C4FFEFE7
:204808008AA6DD6B76C0FFFFDC0C1808FFFC1808FFBF1808FFF3761F0109280005552802A6
:2048180005551AC5FFFFC32C761F010818C4FFFCCC0CFFFB5008960C761F010906A609A61F
:204828008AA956BF321356BF3211761F010A18C4FFF3CC26FFFC5001962606A609A48AA997
:204838001AC40008CC24FFF85002962406A609AA8AA9761F0109D0401AC400012B00CC96DA
:20484800FFEF5020D0429600CC00FF7F50409600282B03682B02CC96FDFF1AA90100BE000F
:204858009602CC02FBFF1AA908009602C22C762276C043008AA7D084761F010EDC47CC97CF
:20486800FFFE50029604CC04FFFB500896041AC400C0761A8AA7761F010D83A7C4A7DC61B7
:204878002823036892C42BC48AA7761F010CDE08DD6BDC0C2B0418C7E3FF18C7FC7FCCC75F
:20488800FFFE500296C71AC7000418C7FFF718C7FFBFCCCF3FFF1AA980009601CCDFFFE0D0
:204898005003960318C6FFEF7680FFFF1808FFFC1808FFBF1808FFF3761F010D2800055524
:2048A800280205551AC5FFFFC22C761F010C18C4FFFCCC0CFFFB5008960C761F010D06A70C
:2048B80009A68AA92B132B11761F010E18C4FFF3CC26FFFC5001962606A709A48AA91AC4AD
:2048C8000008CC24FFF85002962406A709AA8AA9761F010DD040BE001AC400012B00CC9764
:2048D800FFEF5020D0429600CC00FF7F50409600282B03682B02CC97FDFF1AA901009602A4
:2048E800CC02FBFF1AA908009602C22C0006762276804400D084761F01128AA6CC96FFFE34
:2048F80050029604DC47CC04FFFB500896041AC400C0761A8AA6761F0111282305DC761F0F
:204908000110DC6192C42BC48AA683A62B0418C6E3FFDC0818C6FC7FCCC6FFFE500296C63A
:2049180018C6FFFB18C6FFF718C6FFBF1AF6000218C4FFEF8AA6DD6B76C0FFFFDC0C1808A7
:20492800FFFC1808FFBF1808FFF3761F011128000555280205551AC5FFFFC32C761F011065
:2049380018C4FFFCCC0CFFFB5008960C761F011106A609A68AA956BF321356BF3211761F40
:20494800011218C4FFF3CC26FFFC5001962606A609A48AA91AC40008CC24FFF8500296240F
:2049580006A609AA8AA9761F0111D0401AC400012B00CC96FFEF5020D0429600CC00FF7F3A
:2049680050409600282B05DC2B02CC96FDFF1AA90100BE009602CC02FBFF1AA90800960205
:20497800C22C7622F5A94484CCA9FFFE5002F4A94484F5A94484CCA9FFFB5008F4A9448478
:20498800F5A94482CCA9FFF85002F4A94482F5A944D25008F4A944D2F5A944C0500FF4A92D
:2049980044C0F5A944801AA94000F4A94480F5A944C318A9FFFEF4A944C3761A9A0028A834
:2049A8000C007648BDC27622BFA97A205040BDA97A20F5A944975005F4A94497761A0006A0
:2049B8007622D08476C04500761F0116CC97FFFE50029604761A761F01158AA7C4A783A77F
:2049C80028230EA6761F0114DC61DE0892C4DD6B2BC42B048AA78D00FFFF18C7E3FF18C7EB
:2049D800FC7FDC0CCCC7FFFE500296C706A709A618C7FFFB18C7FFF718C6FFEF1EA6180863
:2049E800FFFC1808FFBF1808FFF3761F0115280005551AC5FFFF3A2C761F011418C4FFFCD3
:2049F800180CFFF3761F0115281301C2281101C2761F011618C6FFF3CC26FFFC500196266E
:204A080006A709A48AA91AC40008CC24FFF85002962406A709AA8AA9761F0115D040BE001C
:204A18001AC400012B00CC97FFEF5020D0429600CC00FF7F50409600282B0EA62B02CC9704
:204A2800FDFF1AA901009602CC02FBFF1AA908009602C22C0006FE0476228F05D78206C4A6
:204A380018A9FFF81EC48F05D78406C418A9FFF81EC4F5A9550018A9FFBCF4A95500F5A972
:204A4800550018A9BEFF1AA90200F4A95500F5A95504CCA9FFFE5080F4A95504F5A955247E
:204A580018A9FFFEF4A95524761AB60028A80BB828A9047BD501D401F4A85506C342F4A9FD
:204A68005512FF2055007648C2220200D401D5011E42FF2055007648C2067622F5A955001F
:204A780018A9FFC3F4A95500F5A9550018A9C3FFF4A955009A00F4A95501761A2B41D400E4
:204A8800D500FF2055002B4256BF014356BF01447648C1AE2B41D400D500FF2055002B4282
:204A980056BF014356BF01447648C1867622F5A9550318A9FFFBF4A95503F5A9550318A951
:204AA800FBFFF4A95503F5A9550418A9F0FFF4A95504F5A9550418A9EFFFF4A95504761A36
:204AB800D400D500FF2055007648C1F17622F5A955001AA98000F4A95500761AFE84000679
:204AC800FE0476228F05D78206C418A9F3FF1AA902001EC48F05D78406C418A9F3FF1AA9F4
:204AD80002001EC4F5A955C018A9FFBCF4A955C0F5A955C018A9BCFFF4A955C0F5A955C461
:204AE800CCA9FFFE5080F4A955C4F5A955E418A9FFFEF4A955E4761AB60028A80C009A008F
:204AF800D501D401F4A855C6C342F4A955D2FF2055C07648C2220200D401D5011E42FF2071
:204B080055C07648C2067622F5A955C018A9FFC3F4A955C0F5A955C018A9C3FFF4A955C08A
:204B18009A00F4A955C1761A2B41D400D500FF2055C02B4256BF014356BF01447648C1AE0A
:204B28002B41D400D500FF2055C02B4256BF014356BF01447648C1867622F5A955C318A9F0
:204B3800FFFBF4A955C3F5A955C318A9FBFFF4A955C3F5A955C418A9F0FFF4A955C4F5A9CD
:204B480055C418A9EFFFF4A955C4761AD400D500FF2055C07648C1F17622F5A955C01AA9E4
:204B58008000F4A955C0761AFE840006D0938F00400044946C2E7622A8A909971EA6A8A9B1
:204B6800099883A9761F01021AC600101A1700021AC50080761A761F02E90A352B349235D1
:204B7800521E65172B357622A8A9099B8AA9761F01061AC400041A1B0004761A9A00764872
:204B8800BD5D761F02CB9A241A3700087648656400067622761F174C1823FFFB761A7648DA
:204B98004672764847D5764848EF764849B876484A3376484AC876484B5E7622761F174CB5
:204BA8001A230004761A00068F005200761F0148C4A483A42B162818FFFFDE14DD1518C687
:204BB800FEFF18C5FFEF83A41815FDFF1A150001DC12DD161A1500C01815FFDF1815FFF995
:204BC8001A1400011814FFFD1814C1FF1A1500081A1401001AC500021A15001018C4FF80A9
:204BD8000006B2BDAABD7622761F174C76FFB2201A3C00011A3C00021A3C00043E67761ACC
:204BE8009B00D4017648426A9B00D4017648426A9B00D4017648426A76228F4074008D4077
:204BF8006A0076C076001AC500041AC700041AC100041AC500801AC700801AC10080761A35
:204C08009A05764843FD7622761F01D0CCCDFFF050069601761F01D8CCCFFFF05006960197
:204C1800761F01A8CCC9FFF050069601761A9A05764843FD76228EA5761F01D0D81A18C0A5
:204C28007FFF18C8FFF0D01C069518A8FFF018A97FFFD01E51011E1C069518A8FFF11AA922
:204C38008000D02051011E1E069518A8FFF018A97FFFD02251021E20069518A8FFF01AA945
:204C48008000D02451021E22069518A8FFF018A97FFFD02651031E24069518A8FFF01AA923
:204C58008000D02851041E26069518A8FFF11AA98000D02A51051E28069518A8FFF018A9FC
:204C68007FFFD02C51061E2A069518A8FFF018A97FFFD02E51071E2C069518A8FFF71AA9D6
:204C78008000D03051071E2E069518A8FFF818A97FFFD03251081E30069518A8FFF818A9AB
:204C88007FFFD03451091E32069518A8FFFE18A97FFFD036510E1E34069518A8FFFC18A97B
:204C98007FFFD01A510D1E36761F01D8069718A8FFF31AA98000D01C51031E1A06978EA798
:204CA80018A97FFF510FD81E1E1C18C07FFF18C8FFF0D020069718A8FFF01AA98000D02287
:204CB8001E20069718A8FFF018A97FFFD02451021E22069718A8FFFD1AA98000D026510D9C
:204CC8001E24069718A8FFF01AA98000D02851021E26069718A8FFF11AA98000D02A51058C
:204CD8001E28069718A8FFFC18A97FFFD02C510D1E2A069718A8FFF818A97FFFD01A510966
:204CE8001E2C761F01A8069118A8FFFD1AA980008EA5510D1E1A761F01D0D81BCC1AFE0088
:204CF800500F961ACC1CFE00500F961CCC1EFE00500F961ECC20FE00500F9620CC22FE00B0
:204D0800500F9622CC24FE00500F9624CC26FE00500F9626CC28FE00500F9628CC2AFE005F
:204D1800500F962ACC2CFE00500F962CCC2EFE00500F962ECC30FE00500F9630CC32FE000F
:204D2800500F9632CC34FE00500F9634CC36FE00500F9636761F01D8CC1AFE00500F961A91
:204D3800CC1CFE00500F961CCC1EFE00500F961ECC20FE00500F9620CC22FE00500F962267
:204D4800CC24FE00500F9624CC26FE00500F9626CC28FE00500F9628CC2AFE00500F962A17
:204D5800CC2CFE00500F962C761F01A8CC1AFE00500F961A18C0F80F8EA5D81D18C0F80F0D
:204D68008EA5D81F18C0F80F8EA5D82118C0F80F8EA5D82318C0F80F8EA586A5D82518C0D7
:204D7800F80F8EA5DA27D82918C2F80F18C0F80F8EA5D82B18C0F80F8EA5D82D18C0F80FF3
:204D88008EA5D82F18C0F80F8EA5D83118C0F80F8EA5D83318C0F80F8EA5D835DD3718C08E
:204D9800F80F18C5F80F83A7DD1B18C5F80F83A7DD1D18C5F80F83A786A78EA7C4A7DD1F0F
:204DA80018C5F80F83A78AA7DA23D825DD2118C5F80F83A7DE29DC2BD91BDD27DF2D18C2BA
:204DB800F80F18C0F80F18C5F80F18C6F80F18C4F80F18C7F80F18C1F80F761A86BE8BBE66
:204DC8000006B2BDAABDA2BD7648423976227685D70006A6FF1300238EA98D807C00AAA9F9
:204DD8001AC00001FF1200751EA706A6FF10011983A91AC70001AAA9FF1001D51AC5000497
:204DE8008AA9761F17608DC07F0006A61AC40004FF10011783A21A1800108EA9761F01F7C0
:204DF800AAA98AA21A140010FF100195761F17601EA71A18000806A6761F01F7FF10010BDA
:204E08001A140008761F17601A180040761F01F71A140040761F17601A181000761F01F700
:204E18001A141000761F17601AC000808EA31EA6DD15DC0CD8141AC700801A170040761FB4
:204E280001F63AAB1A150040C5A2761F17601A170020761F01F61A150020761F17601AC694
:204E380000201AC500201A0B1000761F01F083A21A1510001AC40001CCF2FFFC50018AA207
:204E480096061A0C0002CC06FFF7500496061A0C0004CC06FFDF501096061A0C0008CC06F8
:204E5800FF7F504096061A0C0010CC06FDFF1AA9010096061A0C0020CC06F7FF1AA9040057
:204E680096061A0C0040CC06DFFF1AA9100096061A0C0080CC063FFF1AA9400096061A0C8E
:204E78000100CCFAFFFC500196071A0C0200CC07FFF7500496071A0C0400CC07FFDF50104D
:204E88009607AAA9098C1EA6AAA9098A8BA9AAA909868EA91AC60008A9A6DF0DDD0BDC099E
:204E98001AC600081AC100088BA218C0FF3F8EA21AC740001AEB40001AC5400018C4CFFF8D
:204EA8008AA2C5A2C4A383A2DC4D1AC408008AA3D94BD849DF4CDC0D1AC408008AA2DE0C3A
:204EB800DD4AAAA9DC461AC1080018C0FF3F1AC700041AC600041AC5000418C4FFCF8AA2C3
:204EC8000987761F01F21EA6DC471A0C8000761F01FC18147FFF761F01F2180A7FFF18C6E3
:204ED8003FFF1A0C4000761F01FC1814BFFF761F01F2180ABFFF1807CFFF1A0C2000761F6A
:204EE80001FC1814DFFF761F01F2180ADFFF1807F3FF761F01F1180CEFFF761F01FC1A0CB9
:204EF8001000761F01F1180AEFFF18C4FCFF180CDFFF761F01FC1A0C2000761F01F1180A99
:204F0800DFFF1807F3FF761F01F21A0C0400761F01FC1A140400761F01F21A0A0400180755
:204F1800FFCF1A0C0200761F01FC1A140200761F01F21A0A02001807FFF31A0C0100761F46
:204F280001FC83A38AA31814FEFF761F01F2180AFEFF1807FFFC1A0C0040761F01FCDD0A50
:204F3800DC121814FFBF761F01F2180AFFBF1806CFFF1A0C0080761F01FC1814FF7F761FB6
:204F480001F21A0A008018063FFF761F01F11A0D0400761F01FC180DFBFF761F01F11A0B47
:204F580004001809FFCF1A0D0200761F01FC180DFDFF761F01F11A0B02001809FFF3180D84
:204F6800FEFF761F01FC180DFEFF761F01F11A0B01001809FFFC761F01F0180DFEFF1ADB12
:204F780001001A0B01001809FFFC761F01F1180CFFFE1AC500011A0A00011806FFFC761F7B
:204F880001F2180CFFDF1AC400208AA283A21A0A0020DC0A1806F3FF180CFFEF761F01FCE7
:204F98001A120010761F01F21A0A00101806FCFF761F01F0180DF7FF761F01FC1A0508008E
:204FA800761F01F01A0B08001809FF3F180DFBFF761F01FC1A050400761F01F01A0B040054
:204FB8001809FFCF1A0D0200761F01FC1803FDFF761F01F01A0B02001809FFF3761F01F2D0
:204FC8001A0C0002761F01FC1814FFFD761F01F21A0A00021806FFF31A0C0004761F01FC6D
:204FD8001814FFFB761F01F21A0A00041806FFCF761F01F11A0C0400761F01FC180CFBFF96
:204FE800761F01F11A0A04001807FFCF761F01F01A0C080018E3F7FF1AC408008AA2DD0871
:204FF800D063DC451807FF3F1A0C1000761F01FC1804EFFF761F01F01A0A10001807FCFF42
:20500800761F01F11A0C4000761F01FC180CBFFF761F01F11A0A40001807CFFF761F01F0C9
:205018001A0D2000761F01FC1805DFFF761F01F01A0B20001809F3FF1A0D0001761F01FC0C
:205028001805FFFE761F01F01A0B0001761F01F118C5FFFC180D7FFF1AC4C000CC093FFFEF
:205038001AA980009609CC923FFF1AA940009623180DBFFFCC09EFFF1AA920009609CC2307
:20504800DFFF1AA910009623761F01F0180DFF7F1AE2C0001A08C000180DFFBF1A083000E2
:20505800761A82BE86BE8BBE0006761F01C856BF070056BF030156BF010256BFE70356BF16
:20506800030456BF2301761F01C856BF071056BF031156BF011256BFE71356BF031456BFBD
:205078002311761F01C856BF072056BF032156BF012256BFE72356BF032456BF232100061F
:205088000200761F00308F000C0019011E022B062B071AE400101A040020761F02E9A8385D
:205098000006E700000A83C4E6880012E20300E4E20301F4BFA90F1A19011ED583C42BF592
:2050A80083C42BFD83C41AE5001083C41AE5002083C418E5FBFF83C418E5F7FF83C40200FC
:2050B8001AE540001ED40006FE0276484568764846343B1076260000762F0000FF6976484C
:2050C8004643764846628F00BD508F48DC78A8428F08C880764843027640D12176484B9104
:2050D80076484BAC76484BD976484DC97648505D76485088E80218B0E8021FD18F00BA78FF
:2050E80076485099761F0030280440017622761F00347688C6928F40C96D8F00C910C23EAB
:2050F80076C8B2F0761F00357688B386A80C8F00CAB6A0208F48B354A8228F08B322C2302E
:20510800761F00377688B2BEA0008F48B28CA8028F08B25AC304C206761F0036A038A83A37
:20511800761A7623010576800CE083A68AA6761F0033DD02DC121AC500011A2200401AF60C
:2051280000011A2600021AC400011A3200021A3200041A320008FE820006761F01C8280A3D
:20513800E040280B20442B0C56BF070056BF03011A0400011A04000256BF010256BFE703DE
:2051480056BF030456BF2301761F01C8281AE040281B20442B1C56BF071056BF03111A14C1
:2051580000011A14000256BF011256BFE71356BF031456BF2311761F01C8282AE040282B37
:2051680020442B2C56BF072056BF03211A2400011A24000256BF012256BFE72356BF0324E5
:2051780056BF23210006761F00331A3200011A3200021A3200041A3200080006FE04762211
:205188008F05D78206C418A9FFCF50081EC48F05D78406C418A9FFCF50081EC4F5A95540D2
:2051980018A9FFBCF4A95540F5A9554018A9BCFFF4A95540F5A95544CCA9FFFE5080F4A952
:2051A8005544F5A9556418A9FFFEF4A95564761AB60028A810009A00D501D401F4A8554641
:2051B800C342F4A95552FF2055407648C2220200D401D5011E42FF2055407648C206762259
:2051C800F5A9554018A9FFC3F4A95540F5A9554018A9C3FFF4A955409A00F4A95541761A9A
:2051D8002B41D400D500FF2055402B4256BF014356BF01447648C1AE2B41D400D500FF206D
:2051E80055402B4256BF014356BF01447648C1867622F5A9554318A9FFFBF4A95543F5A991
:2051F800554318A9FBFFF4A95543F5A9554418A9F0FFF4A95544F5A9554418A9EFFFF4A96F
:205208005544761AD400D500FF2055407648C1F17622F5A955401AA98000F4A95540761AC0
:20521800FE840006BE3B7700000EFFFFFF690006761F02E292010006761F02E292000006E1
:20522800761F02E2920E0006761F02E29235B2BD520361047648088B6F037648086359A9F0
:20523800764808335203610B764808335202610776486DFF28AC016D12A959A992A18BBE42
:205248000006761F02E292160006761F02E292050006761F02E292060006761F02E2920FD2
:205258000006761F02E3920B0006761F02E392050006761F02E2923A0006761F02E292396D
:205268000006761F02E292380006761F02E292020006761F02E292310006761F02E292195E
:205278000006761F02E292130006761F02E292110006761F02E292260006761F02E2922464
:205288000006761F02E2922A0006761F02E292290006761F02E292230006761F02E2922527
:205298000006761F02E2921D0006761F02E2921B0006761F02E292140006761F02E2921C4A
:2052A8000006761F02E292340006761F02E392080006761F02E2921E0006761F02E292182F
:2052B8000006761F02E292170006761F02E2922F0006761F02E2922E0006761F02E29230EE
:2052C8000006761F02E2922C0006761F02E2922D0006761F02E2CC0D00010006B2BD761FE8
:2052D80002E259081BA103E8650A76485D4F52036006761F02E2920F52016112761F02E2DD
:2052E80056BF0A05761F02E30813000A764808EF761F02E354136617764808EF6F1192A168
:2052F80008A9FCE0FFA09605761F02E3741376486DA1761F02E35413650676486DA1761F55
:2053080002E396139213761F02E28BBE96060006761F02E2960F0006761F02E3960B0006A9
:20531800761F02E296010006761F02E296000006761F02E296110006761F02E296270006E8
:20532800761F02E296220006761F02E2961B0006761F02E2961C0006761F02E29634000684
:20533800761F02E396080006761F02E2962F0006761F02E2962E0006761F02E2962C00066F
:20534800761F02E2962D0006761F02CB4A326D06761F01FC1A0D04000006761F01FC1A0B38
:2053580004000006B2BDFE0276485D5352006006761F02DD2D17350A6F037648BCCD761F51
:2053680002E296397648659E3B01BEE6761F02E38F0003E885A987A6566500A90200F61F07
:20537800561700A43F0076480563761F02E35400670676480563761F02E396007648662EDC
:205388003B0128AC03E8761F02E385A91EA63200761F02E20200F61F561700A61BAB03E818
:205398003F3F6903283F03E8923F5439562A08397648B5F65203612B7648B5F6520260240F
:2053A800764897EB34A903E88BA97648662E3B0185A91E42B2A900C8C6E7761F02E2963D71
:2053B8001BA903E862069A005672003D963D6F03283D03E8923D94391BA903E89639690700
:2053C800283903E86F04761F02E22B3D7648662E761F02E288393B0185A91EAC566500A604
:2053D800A9A17648659E3B0185A91EA6B2AB761F02E20200F61F561700A692AB3F3E52E68A
:2053E80056B6E63E1A0D000176485D535200605576485D4F5200614A76485D4F520461460A
:2053F800761F02E2400D6C42764805375200600C761F02CB432F6C08761F02E20A3792379E
:205408005296683B6F33761F02CB9232FFC1CA32FFC1CA3248A96D244E326D137648BCF1CC
:205418005201610F761F02E20A361B3601F468252B362B379A017648BD5D7648C0216F1DC4
:20542800761F02CB9232FFC1CA32FFC1CA3248A96D074E326C127648BCF15200610E761FA2
:2054380002E20A37923752966808761F02E29A002B362B377648BD5D7648BCF15201600A38
:20544800761F02E2923E5438562A093869060A386F04761F02E22B38764866267648BD1ACF
:20545800FE828BBE0006B2BDAABD59A45AA8A2BD5BA97648051B5200614976485D4F520394
:205468006045764897EB93A355A9620F761F02E30A1D921D2B1C520569392B1D2B1E7648BB
:20547800B5F6520261336F2F761F02E392A20A1C2B1D541C67102B1C7648B5DE5200610B8A
:20548800761F02E39A0056BF011E7648B6D79A007648B606761F02E3921E520160170A1B44
:2054980092A1541B680F921B520A69107648B5DE5200610C9A007648B6D79A007648B60650
:2054A8006F052B1B9A027648B6D782BE86BE8BBE0006B2BD59A9764897EB761F02E29609A7
:2054B80076489803761F02E2960A764897FB761F02E2930A960B55096403920A6F029209EE
:2054C8009608920B5408562A02081B08041A621C92322B0F60079231520A690556BF0A31A2
:2054D8006F040B32923161020B31764808EF761F02E3541F6607764808EF761F02E3961FAF
:2054E8006F6A0A1F6F680A311B0807D056BF0A326403923160241B0807D0631F1B0806A44E
:2054F80064049231520C661B1B0806A463161B08057864049231523266121B080578630D6D
:205508001B0804B064041B3104E266091B0804B063041B3109C466032B0F6F09920656BF84
:20551800010F761F02E3541F562A051F761F02E21B0807D064049231520266221B0807D05E
:20552800632A1B0806A464049231521966191B0806A463211B08057864049231529666107A
:205538001B08057863181B0804B064041B3105DC66071B0804B0630F1B310BB8690C2B0F58
:20554800761F02CB9A301A37800076486564761F02E22B3176486DA1761F02E3541F6506C6
:2055580076486DA1761F02E3961F761F02E29206761F02E3541F562A041F92A1541F63028C
:20556800791F921F8BBE00067648659E1BA904B0627076488BDC1BA90258626B76485D4F06
:2055780052006167761F01FC48106D0C761F02E30A1692165219690A920A600856BF010A52
:205588006F08761F02E32B162B17920A5201604F920B610B9A007648C8359A007648C83142
:20559800761F02E3920B60109A007648C8359A007648C831761F02E30A1492145205693F89
:2055A80056BF010B6F3B520161175202610852036036761F01FC1A0B010000069A0076488F
:2055B800B6D7761F02E30A159215523269282B1556BF030B00069A007648BD5D9A007648BE
:2055C800BB869A007648B6D77648660E1BA9032065097648B5F6520161129A017648B6D701
:2055D8000006761F02E356BF020B00062B156F04761F02E32B162B0B2B172B140006761F4B
:2055E80002E392185201610E52036009761F01FC4810761F02E356BC0118000656BF0118D1
:2055F8000006761F01FC48106D15761F02E30A199219523268259A007648BB869A007648D7
:205608005E259A0176486560761F02E256BF01070006761F02E292075201600E9A0076481A
:20561800BB869A0076485E259A0176486560761F01FC1A0B0100761F02E32B192B18000679
:2056280076486D695200600E761F02E328060E10761F02DF281B0E10761F02E328080E10A9
:205638006F0D761F02E32806076C761F02DF281B076C761F02E32808076C761F02E22B00CE
:20564800764808EF761F02E296010006761F02E22B0C2B0D2B002B012B032B04761F02E361
:205658002B06761F02DF2B1B761F02E32B08764808EF761F02E296067648C0210006B2BDBA
:20566800FE027648016B761F02E2961276480607761F02E2962C76480603761F02E2962ECD
:2056780076480617761F02E2962D7648062352006159761F02DD9217651C7648BCF15201AC
:205688006018764865AE88A9761F02DD2D17350A9EA659A956B400A17648062354A1680656
:205698009B0092A1567200A86F0C764806236F0976480623761F02DD2D17310A567400AB8B
:2056A800520059A9652F2DA13B013511FF4359A97648662E8F0003E82DA9A84212A100C85F
:2056B800C6E7761F02E2961476486D89761F02E25414630676486D89761F02E2961476486F
:2056C800BCF1520160127648658659A976486D89761F02E29EA19314961A5675001A971452
:2056D8006F04761F02E22B147648BCF152016105761F02E22B156F1A764865AE2DA93B013E
:2056E8003511FF4359A97648662E2DA98F0003E892A1A84212A900C8C6E7761F02E228A8E0
:2056F8000258961556750015971576488BDC3B0185A91EA628AC001F761F02E2562207A61D
:20570800FF4096161BA907D0620728A9F8305672001696166F03281607D0761F02DD3417C9
:205718000011FF4359A97648662EBE642DA912A1C24200C8C6E7761F02E2961776486D89CC
:20572800761F02E25417630676486D89761F02E29617761F02DD3B0134180011FF4359A9E9
:205738007648662EBE642DA912A1C24200C8C6E7761F02E2961876486D89761F02E254181B
:20574800630676486D89761F02E2961876488BDC761F02E28F0003E82DA9A842122D00C81E
:20575800C6E7542E6403922E6F0C76488BDC761F02E28F0003E82DA9A842122D00C8C6E7D4
:20576800962F764805BB9BC8761F02E208A9FF38951596305530640728A9FF3856720030BA
:2057780096306F029730764897EB761F02E29311761F02E39605FFE000EB761F02E29212BA
:20578800602C922C600D922F761F02E39E05761F02E25414562A051D650A92146F05922F9F
:20579800761F02E39E05761F02E2961D567400142B1959A9961D76486D8954A164079A0023
:2057A800761F02E25672001D6F0376486D89761F02E2961EFFEF010A520161725202FFE0DE
:2057B80000D476483E4F520060127648059359A97648662E93A155A967407648058B59A91B
:2057C8007648662E93A155A9660E6F1276480597761F02DD541967317648058F761F02DDAF
:2057D80054196906761F02E2921360066F29761F02E256BF0113761F02E39205761F02E28D
:2057E800FF5C961D76486D89761F02E29619931D620F76486D89761F02E2FF5C541D65092F
:2057F80076486D89761F02E2FF5C961D6F022B1D921D961EFFEF00BD761F02E22B13922C1A
:20580800600392146F05922F761F02E39E05761F02E2961D567400142B1959A9961D764864
:205818006D8954A164079A00761F02E25672001D6F0376486D89761F02E2961D6FDB922CC8
:20582800600C921493159415761F02E39E05761F02E29719961E6F0E922F9415761F02E3A2
:205838009E05761F02E2961E76486D89761F02E29619921E9E15961D921E5674001459A9FE
:20584800961E76486D8954A1640C76486D89761F02E2FF5C541E650A76486D89FF5C6F0389
:2058580076486D89761F02E2961E921D5674001459A9961D76486D8954A1645576486D89F7
:20586800761F02E2FF5C541D65536F1A761F02E292115201611D52026017921BFF5C961E26
:20587800961D76486D89761F02E29619931D620E76486D89761F02E2FF5C541D653976480C
:205888006D89FF5C6F322B1E2B192B1D6F31341C00113B01FF4359A97648662E8F002710A0
:205898002DA9A84212A100C8C6E7761F02E2961476486D89761F02E25414630676486D8933
:2058A800761F02E29614591492142B19961E791D76486D8954A164079A00761F02E256722D
:2058B800001D6F0376486D89761F02E2961D76488BDC761F02E2E5912B3A2B1FE2C8001DD7
:2058C800761F02E3E8800000E2030122761F02E2E68C00009621E213001D76485D4F520561
:2058D800610976485D4F5210610576485D4F520660267648B5F6520360227648B9D0761FB0
:2058E80002E254236607761F02E32B0F7648B9D06F12761F02E30A0F7648B9D0761F02E308
:2058F8002D0F761F02E230A92D22313288ABC24200C8C6E7761F02E296236F07761F02E382
:205908002B0F761F02E22B2376485D4F5205610976485D4F5210610576485D4F52066026D9
:205918007648B5F6520360227648B9D0761F02E254246607761F02E32B107648B9D06F120D
:20592800761F02E30A107648B9D0761F02E32D10761F02E230A92D22313288ABC24200C8CA
:20593800C6E7761F02E296246F07761F02E32B10761F02E22B24921DFF5C59A996297648F3
:205948006D8954A1640C76486D89761F02E2FF5C5429650A76486D89FF5C6F0376486D893B
:20595800761F02E296299223542964059224FF5C5672002996297648815C761F02E254290A
:20596800640C7648815C761F02E2FF5C5429650A7648815CFF5C6F037648815C761F02E2D8
:20597800962976485D4F5205610976485D4F5210610576485D4F520660057648B5F652030E
:20598800612476485D535200FFE000AB76485D4F5210FFE100A676485D4F5206FFE100A19B
:20599800761F02DF2B19761F02DF2B1A761F02E22B252B26761F02DF2817FFFB761F02DF3B
:2059A80056BF0518FFEF008D76486D9D761F02E25425620776486D9D761F02E296256F03A1
:2059B8009227722576486D9D761F02E25426620776486D9D761F02E296266F020A267648FF
:2059C8008BDC3B01761F02E285A91E423429058600C8C6E71EA6020A1E4206A600C8C6E767
:2059D8009325962A552A64069226FF5C5672002A6F029225962A76488BDC3B01761F02E287
:2059E80085A91E423430058600C8C6E71EA6020A1E4206A600C8C6E79325962B552B6406F9
:2059F8009226FF5C5672002B6F029225962B932A922A761F02DF971962215200639C76486F
:205A080066263B01761F02E2BE0A85A9FF35FF5A0200F61F561700A63F2892287648B0A25F
:205A1800761F02E228A9FFFB9E2A761F02DF56BF0818761F02DF96176F13761F02E228A9C8
:205A28000FA028280FA07648B0A2761F02E2922A761F02DF2817FFF8761F02DF9618FE821B
:205A38008BBE0006B2BDAABD76488C9DD2005200601076485D4F5203610C76488BDC5AA95A
:205A480028AC00BF290130A2FF469BC895A95AA876488C9D520061067648669E520056B00D
:205A580000A27648662E88A9761F02E32D11350394A694129611900396129211FFA196116D
:205A68005911790776486DFF28AC05DC12A954A1670976486DFF28AC05DC761F02E312A921
:205A7800960776486D2D2DA902641EA6761F02E337070200F61F561700A692A23F07540762
:205A880067025A0776486D695200600D1BA20ED868071BA212C069128D8012C06F0F8D805B
:205A98000ED86F0C1BA2076C68071BA2096069068D8009606F038D80076C761F02E3590618
:205AA8007648BB28520060057648B5F65200610B92A254A1680F9C9C54A1660992A29CF65D
:205AB80054A1660359A26F07D90A6F0559A2D9DA6F02D98A76486D695200600D1BA10ED831
:205AC80064071BA112C065128D4012C06F0F8D400ED86F0C1BA1076C64071BA109606506D9
:205AD8008D4009606F038D40076C7648BB285202600308A1FED476485D5F520060223B105A
:205AE800761F02E39AC87906FF6994A1761F02DF791B761F02E3960876486D695200600935
:205AF800761F02E31B0812C0691F280812C06F1C761F02E31B0809606917280809606F1468
:205B08003B10761F02E3FF697906790876486D6952006006761F02DF281B0FA06F05761F93
:205B180002DF281B07D0291086BEFF698BBE0006B2BD761F02E259A99233600F764808EF6B
:205B2800761F02E354206607764808EF761F02E396206F0C0A206F0A761F02E31B20076CD7
:205B380062042820076C6F020B2092A154206302792093209220761F02E28BBE97340006F3
:205B4800B2BD764808EF761F02E288010EA90FA66106764808EF761F02E29601764808EFCA
:205B580059A97648814C93A155A968047648814C6F03764808EF761F02E296019200960216
:205B68007648814C761F02E2540263067648814C761F02E29602764808EF76488328761F0B
:205B780002E254026308764808EF76488328761F02E2960276485D4F5205611876485D4F95
:205B88005206611476485D4F52106110764808EF764854B1761F02E254026308764808EF8C
:205B9800764854B1761F02E29602761F02E29233610C764808EF76485B2054026306764803
:205BA80008EF76485B2096027648B5F6520261127648B5F65201610E761F02EE921E7648C7
:205BB80090C9761F02EE921E764890D0764894226F1976485D5352016105761F02E29202F1
:205BC8006F04761F02E29200D4019B0376489158761F02E2920361069204D4019B0F7648DD
:205BD80091F38BBE0006B2BD7648BCF15201611776485D4F5205611376485D4F5206610FCE
:205BE800761F02E32B0C2B0D2B0E761F02E22B350200761F02E31E24FFEF00A77648086326
:205BF80059A97648663293A155A9662A7648664E520063267648084B9B0A00C8C787FF5CFF
:205C080059A97648664E93A155A9631A761F02E2923552016103520260137648083352034D
:205C1800610F761F02E30A0E920E9CFF1BA91770690A2B0E761F02E256BF03356F0E761F60
:205C280002E32B0E761F02E29235616A5201614F52026135520360687648086359A9764840
:205C3800663208A1FF3893A155A96811761F02E30A0C920C9CFF1BA901F4690C761F02E2B9
:205C4800020056BF0135761F02E31E24761F02E32B0C7648086359A976486632D9B293A142
:205C580055A968970201761F02E3560100248F027100062419010FA469376F887648088B56
:205C680059A97648663208A1FF3893A155A9680B761F02E30A0C920C9CFF1BA901F4692430
:205C78002B0C6F1E761F02E32B0C6F1E7648088B59A976486632D99E93A155A9660D761FB0
:205C880002E30A0D920D9CFF1BA901F4690D761F02E256BF0235761F02E32B0D6F05761F17
:205C980002E256BF01358BBE0006B2BDAABD7648564E9A007648C5F959A942A16C4E7648C3
:205CA80055E77648756A764890E87648759F7648912B7648753D764890D77648758B764870
:205CB800911A7648903C764890F9764874DA7648985E764874FB764898A1764874AD7648CF
:205CC800984A764890705AA976488C2793A992A27648986F7648918B764898B276489A6ACF
:205CD800764893E4764852D67648566776485A3A76485B489A0A9B0A764893209A0576484C
:205CE800935C9A05764893809A0A76489A319A4B764899DA76489B1A40A16CAC7648535A23
:205CF8007648C04176485BDB9AFA7648C09F7648852728A90BB828A80BB87648BAE8764879
:205D08005D4F520061979A969BFA764882FC9A969BFA764884779A969BFA764882266F8AE2
:205D18000006B2BD59A976485D4F5203611576485D4F5205611176485D4F5202610D7648A2
:205D28005D4F5206610976485D4F52106105761F02E32B1A6F17764897EB761F02E25DA1BF
:205D38008F00B8DA93107648805E5200610B761F02CB1A398000761F02E39A502B1A764891
:205D480065648BBE0006761F02F492090006761F02F492000006761F02F492070006761F15
:205D580002F492060006761F02F492010006761F02F4920200065200AABD6005520156B9CE
:205D680001A269025AA9DA819A007648C5F940A96CFC000AFFFB86BE9A0000069A00764808
:205D7800C5F940A96CFC7648BE7F520061F87648517B9A000006B2BD59A976486E329A00C3
:205D88007648C5F940A96CFC92A176486F78520061F78BBE9A000006B2BD59A976487A8298
:205D98009A007648C5F940A96CFC92A1764878FE520061F7761F02F49200520460039A04FF
:205DA8006F029A008BBE0006B2BDAABDA2BDFE02D3008D800BB8D1002B416F4552026139CA
:205DB8005203601F7648C23E9A01D40FD5009B007648C5339A00D40FD5009B0A7648C533E8
:205DC8007648C24E9A017648C8359A007648B6D7D90192A1520A6927D100284100046F23E9
:205DD8007648C23E9A01D40FD5009B007648C5339A00D40FD5009B147648C5337648C24EC4
:205DE8009A017648C831761F02F456BF05006F31284100036F08DB0192A352326804D3004D
:205DF800284100019A007648C5F942A96D1E40A96CFA924161F1520160B27648BB285201C8
:205E080061059A027648BB866F058D800BB828410002DA8192A260E7761F02CB1A368000C2
:205E1800761F02F456BF2001761F02F456BF0400FE8282BE86BE8BBE0006761F02F496068B
:205E28000006B2BDAABDA2BDFE049A007648B6D79A007648BB869A007648C831D300D200A9
:205E3800D1002B4128420BB82B436F629241615E5201615152026138520361225204610688
:205E48005205605656BF06006F757648BB28520161089A017648BB8D9A027648BB866F0521
:205E580028420BB8284100050B426042761F02CB1A368000761F02F456BF20016F57D9010D
:205E680092A1529665097648B5F6D100520361049A037648B6D7DA0192A252966529D2005E
:205E7800284100046F259A01D40FD5009B007648C5339A00D40FD5009B327648C5339A01F5
:205E88007648C835DB0192A352326512D300284100036F0E9A017648C8310A43924352644D
:205E980065072B43284100026F03284100019A007648C5F942A96D1A40A96CFA761F02F467
:205EA8009206521061949A007648C8359A007648C8319A007648BB869A007648B6D79A002D
:205EB80076485E2556BF01006F05761F02F456BF0400FE8482BE86BE8BBE0006B2BDAABD30
:205EC800D100D2006F1440A96C1292A26009D90192A1523256B701A256B700A16F085201D7
:205ED800761F02F456B00200600BD2029A007648C5F942A96CE9761F02F456BF040086BE9A
:205EE8008BBE0006B2BDAABDA2BDFE029A007648B6D79A007648BB869A00764890C99A004D
:205EF800764890D08D400BB88DC001F42B416F75924160197648BB28520161059A0276484A
:205F0800BB866F058D400BB828410001D98192A16064761F02CB1A368000761F02F456BFA7
:205F180020016F745201614452026057764852205AA97648522493A255A96627764852200B
:205F28007648531C764852205AA97648904C08A2FF3893A255A967207648C23E9A01D40F88
:205F3800D5009B007648C5339A00D40FD5009B327648C5337648C24E9A017648C831761F99
:205F480002F456BF03006F467648522493A99A3294A87648531CDB8192A3601F761F02CB5F
:205F58001A370002761F02F456BF22016F2F28A901F47648531C28A908D6764890C928A9EB
:205F680008D6764890D07648B5F6520261049A027648B6D7284100029A007648C5F942A9A8
:205F78006D1540A96CFA761F02F49206610A7648669E52006006761F02CB4033FFECFF7AF7
:205F8800761F02F456BF01006F05761F02F456BF0400FE8282BE86BE8BBE0006761F02F462
:205F98002B032B0000069A007648BB869A007648B6D79A007648BD5D8F007F0083A49A00CB
:205FA800DC0DDD141AC500081AC408007648C8319A007648C835761F01FC9A011A0D0100D1
:205FB8007648C8399A0576485D6376485D769A0F76485D839A0A76485D9493016007520471
:205FC80056B0010056B10400000656BF04000006B2BD9A10AABD76485E259A017648C8356B
:205FD800D2029A007648C5F959A942A1FFED009245A16D7E49A16C049A007648C83148A1F7
:205FE8006C127648C8255200600E7648C23E9A01D40FD5009B327648C5337648C24E9A01B3
:205FF8007648C83143A192A15040562A0DA146A16D2D40A16CD7761F02CB922FFFC0CA2F7D
:20600800FFC0CA2FFFC0CA2F44A96C059A009B067648C62692A260097648B5F65203610603
:206018009A037648B6D76F02DA81761F02F49206520161B8520261B6521061B49A007648EB
:20602800C8319A007648C8356F3F9A007648C835761F02F29A0056BF961D7648B6D7761F3C
:2060380002CB432F6D257648C825520061217648BB285201601D7648BB28520161049A0193
:206048007648BB867648060F520161039B5A6F029B329A00D40FD5007648C5339A0276481A
:20605800B6D79A0276485E2556BF03006F169A007648C8359A007648C8319A007648B6D796
:206068009A007648BB86761F02F456BF01006F05761F02F456BF040086BE8BBE00069A0099
:206078007648C5F942A96D0840A96CFA761F02F456BF01000006761F02F456BF040000068C
:20608800B2BD9A017648C8399A017648C8317648BB28520161049A017648BB867648B5F681
:20609800520261519A027648B6D76F4D43A16C04761F02F42B0D40A16C46764890B752013D
:2060A8006026761F02CB452F6D22442F6D20472F6D1E462F6D1C7648B9D45200600B761F51
:2060B80002F41B0D01F468042B0D9B076F0A0A0D6F18761F02F41B0E01F468072B0E9B0567
:2060C8009A007648C6266F0D0A0E6F0B761F02F49A002B0D7648C835764852207648531CF1
:2060D800761F02F492065201610852026106520356B00100FFE000819A007648C482761F1F
:2060E80002F496099A007648C5F959A942A16D7045A16D5D48A16C127648C8255200600EA9
:2060F8007648C23E9A01D40FD5009B327648C5337648C24E9A017648C83149A16C089A00DC
:206108007648C831761F02F49206614D47A16D244BA16C8D9A007648C8319A1076485E2555
:206118007648C23E9A01D40FD5009B007648C5339A00D40FD5009B467648C5337648C24E4E
:206128009A007648B6D79A017648C835761F02F456BF06006F317648C23E9A01D40FD500C5
:206138009B007648C5339A00D40FD5009B467648C5337648C24E9A007648B6D79A01764801
:20614800C835761F02F456BF05006F169A007648C8359A007648C8319A007648B6D79A00EB
:206158007648BB86761F02F456BF01006F05761F02F456BF04008BBE0006B2BD9A01AABDAF
:206168007648C835D2029A007648C5F959A942A1FFED008F45A1FFED008749A16C049A00C5
:206178007648C83148A16C127648C8255200600E7648C23E9A01D40FD5009B327648C533EA
:206188007648C24E9A017648C83143A192A15040562A0DA146A16D2F40A16CD6761F02CBFA
:20619800922FFFC5CA2FFFC0CA2FFFC0CA2FFFC0CA2F44A96C059A009B067648C62692A2CA
:2061A80060097648B5F6520361069A037648B6D76F02DA81761F02F49206520161B55202B5
:2061B80061B3520361B19A007648C8319A007648C8356F399A007648C835761F02F29A0086
:2061C80056BF961D7648B6D7761F02CB432F6D257648C825520061217648BB285201601D4E
:2061D8007648BB28520161049A017648BB867648060F520161039B5A6F029B329A00D40F7A
:2061E800D5007648C5339A027648B6D79A0276485E2556BF03006F109A007648B6D79A0032
:2061F8007648BB86761F02F456BF01006F05761F02F456BF040086BE8BBE0006B2BD761F38
:2062080002F4AABD8D807F009A0083A28AA22B0B2B0CDD14DC0D1AC500081AC408007648D0
:20621800C8319A007648C8359A007648BB869A007648B6D79A007648BD5D9A007648BB8D88
:20622800761F02F49A002B06764890C99A00764890D083A28AA2761F01FCD1FADD12DC0BAD
:206238001AC504001A1202001AC402001A0B04001A1200021ADA02006F7740A96C7592A125
:206248006015761F02F49207601292065202610B521061065200600B56BF01006F6E56BF45
:2062580010006F6B56BF0D006F68D981764808B752016023761F02F492005204611E920111
:20626800601C8F00B2EF43C46D1840E46D167648B9D4520060129A007648BB8D761F02F4FD
:206278000A0B920B9CFF523268392B0B76485D4F520361349A026F30764890B752016025F2
:206288008F00B2EF45C46D2144C46D1F47C46D1D46C46D1B40E46D0C7648B9D452016108D0
:206298009A007648BB8D761F02F42B0C6F179A017648BB8D761F02F40A0C920C9CFF5232FF
:2062A800680D2B0C9A106F089A007648BB8D761F02F49A002B0B76485E259A007648C4822F
:2062B800761F02F496099A007648C5F942A96C86761F02F456BF040086BE8BBE0006B2BD03
:2062C800AABDA2BDFE028F007F0083A49A00DC0DDD141AC500081AC408007648C8359A0025
:2062D8007648C8319A007648BB869A007648B6D7761F02F42B067622761F010956BF05095B
:2062E800761F010D56BF0509761F01021A1B0004761F01061A1B0004761A761F02F492017C
:2062F8009641520E6004761F02CB0A0252106004761F02CB0A0452156004761F02CB0A060A
:20630800521B6004761F02CB0A08521C6004761F02CB0A0A521D6004761F02CB0A0C521F2C
:206318006004761F02CB0A0E52206004761F02CB0A1052226004761F02CB0A125223600406
:20632800761F02CB0A1452246004761F02CB0A1652256004761F02CB0A1852266004761FA9
:2063380002CB0A1A52296004761F02CB0A1C522E6004761F02CB0A1E52306004761F02CB37
:206348000A2052316004761F02CB0A2252326004761F02CB0A2452596004761F02CB0A267D
:20635800525A6004761F02CB0A28525B6004761F02CB0A2A525C6004761F02CB0A2CD2005E
:20636800D100D3006F02D3009A007648C5F940A96CFC924161108841761F02F40E010FA66A
:2063780061061BA201F4680592419601D2006F07DA016F05761F02F4920196419241520E56
:20638800600D761F02CB4D356D08761F02CB9202520356B801A16802D10092415210FFE1E4
:20639800013C5215FFE1012F521BFFE10122521CFFE10115521DFFE10108521FFFE100FBB9
:2063A8005220FFE100F25222FFE100E95223FFE100DC5224FFE100CF5225FFE100C252266D
:2063B800FFE100B55229FFE100A8522EFFE1009A5230FFE1008A5231617A5232616B52380F
:2063C8006162524F6159525061505255614752596138525A6129525B611A525C610B525D8A
:2063D800FFE00107761F02CB4C3AFFEC00FFFFEF00FF761F02CB4B3AFFED00FA761F02CBD0
:2063E800922C5203FFE800F2FFEF00F2761F02CB4A3AFFED00ED761F02CB922A5203FFE8B0
:2063F80000E5FFEF00E5761F02CB493AFFED00E0761F02CB92285203FFE800D8FFEF00D826
:20640800761F02CB483AFFED00D3761F02CB92265203FFE800CBFFEF00CB761F02CB443A17
:20641800FFEC00C4FFEF00C4761F02CB4F39FFEC00BDFFEF00BD761F02CB4E39FFEC00B63C
:20642800FFEF00B6761F02CB4738FFEC00AFFFEF00AF761F02CB4138FFED00AA761F02CBC5
:2064380092245203FFE800A2FFEF00A2761F02CB4038FFED009D761F02CB92225203FFE86B
:206448000095FFEF0095764805775200FFE10090761F02CB92205203FFE80088FFEF0088D2
:20645800761F02CB4D37FFED0083761F02CB921E5203687B6F7C761F02CB48376D78761F3F
:2064680002CB921C520368716F72761F02CB45376D6E761F02CB921A520368676F68761F33
:2064780002CB44376D64761F02CB92185203685D6F5E761F02CB43376D5A761F02CB92164B
:20648800520368536F54761F02CB42376D50761F02CB9214520368496F4A761F02CB9212BC
:20649800520368436F44761F02CB92105203683D6F3E761F02CB4E366D3A761F02CB920EF7
:2064A800520368336F34761F02CB4C366D30761F02CB920C520368296F2A761F02CB4B365E
:2064B8006D26761F02CB920A5203681F6F20761F02CB4A366D1C761F02CB9208520368158F
:2064C8006F16761F02CB44366D12761F02CB92065203680B6F0C761F02CB4F356D08761FA7
:2064D80002CB920452036703D1016F08D10092A1761F02F4CA0AFFE1FE88DB011BA301F4E1
:2064E800FFE9FE84FE82761F02F482BE56BF01002B012B0A86BE8BBE000676485F969A0187
:2064F8007648C5F99A017648C5F96F35520161315205612C52036127520261225206611DFA
:20650800520F6118520D6113520C610E521061095200600476485F9B6F1E56BF01006F1994
:2065180076485E296F1876485EC66F1576485EEA6F1276485DAC6F0F76485FD06F0C76483F
:2065280060776F09764860886F06764861656F0376486206761F02F49200520460C8764874
:2065380062C76FF98F007F0083A4B2BD9A00DC0DDD141AC500081AC408007648BB869A0034
:206548007648B6D79A007648BD5D761F02F42B069A007648C5F9D1009A017648C5F9D901E2
:2065580092A1520A67F66FF9761F02F496000006761F02F496070006761F02F493006108F3
:206568005304610696019B029A007648C6260006761F02F496020006FE02761F02DC8F00AC
:2065780003E82D121222A842FF12007D00C8C6E7FE820006761F02DC920A0006761F02DCAA
:20658800921B0006761F02DC923B0006761F02DC92230006761F02DD92030006761F02DC4A
:2065980092220006761F02DD92020006761F02DC92120006761F02DC92320006761F02DC4E
:2065A80092130006761F02DC92330006761F02DC92140006761F02DC92340006761F02DC19
:2065B800922A0006761F02DD920A0006761F02DC92270006761F02DD92070006761F02DC33
:2065C800922B0006761F02DD920B0006761F02DC92280006761F02DD92080006761F02DC1F
:2065D800921D0006761F02DC923D0006761F02DC92240006761F02DD92040006761F02DCF4
:2065E800921C0006761F02DC923C0006761F02DC92160006761F02DC92360006761F02DCC3
:2065F80092180006761F02DC92380006761F02DC92170006761F02DC92370006761F02DCB9
:2066080092190006761F02DC92390006761F02DC920D0006761F02DC922D0006761F02DCBA
:20661800920E0006761F02DC922E0006761F02DC921A0006761F02DC923A0006761F02DCA6
:2066280092000006761F02DD921D0006761F02DC920F0006761F02DC922F0006761F02DCCA
:2066380092100006761F02DC92300006761F02DD92190006761F02DD92180006761F02DDA2
:20664800921C0006761F02DC92110006761F02DC92310006761F02DC92260006761F02DD81
:2066580092060006761F02DC92250006761F02DD92050006761F02DC92210006761F02DDA3
:2066680092010006761F02DC92200006761F02DD92000006761F02DC921F0006761F02DCA5
:20667800923F0006761F02DC922C0006761F02DD920C0006761F02DC92290006761F02DD34
:2066880092090006761F02DC921E0006761F02DC923E0006FE02BE64761F02DC2D0F1211EB
:20669800C242093200C8C6E7FE820006761F02DDCC0D0004FFC10006761F02DDCC0D000143
:2066A8000006761F02CBB2BD4E36AABD59A95AA86D5E76485D4F5203614476485D4F52051C
:2066B800611776485D4F52066113761F02DC2D2F35099B0500C8C7871BA903E8670328A967
:2066C80003E808A9FC1854A1562A08A16F1276488BE01BA90320670328A9032028AC00B56C
:2066D800290130A9FF4608A9019054A1562A06A176485D4F5205610576485D4F5203603680
:2066E8007648BB2852016032761F02DC93A15DA28F00B766920D7648805E5200612A6F260D
:2066F800761F02DC93A15DA28F00B766920D7648805E5200611E761F02DD2B26761F02CBFD
:206708009A1F1A364000764865646F13761F02DC5DA28F00B7669B00920D7648806E5200C9
:206718006108761F02CB1836BFFF761F02DD2B2686BE8BBE00067648662E93A95505650DD8
:206728005506630B761F02DD0A36923652FA6514761F02DC2B0A6F0D2D08316456BF010A39
:2067380092AB00C8C78754079609650392079609761F02DD2B360006761F02DC80A92D3B75
:20674800961B3B01761F02DE351F81A781051EA692A6901F9605761F02DC06A6FF44963B54
:206758000006761F02DC9623761F02DD2D0380A93B01761F02DE351F81A7810D1EA692A66B
:20676800901F960D761F02DD06A6FF4496030006761F02DC9622761F02DD2D0280A93B018A
:20677800761F02DE351F81A7810C1EA692A6901F960C761F02DD06A6FF4496020006761FA0
:2067880002DC80A952C82D323B0156B400A7761F02DD351F81A7813C1EA692A6901F963C5A
:20679800761F02DC06A67F12FF4496320006761F02DC80A92D3396133B01761F02DD351F77
:2067A80081A7813D1EA692A6901F963D761F02DC06A6FF4496330006761F02DC80A92D353E
:2067B80096153B01761F02DD351F81A7813F1EA692A6901F963F761F02DC06A6FF4496357D
:2067C8000006761F02DC80A92D3496143B01761F02DD351F81A7813E1EA692A6901F963E9A
:2067D800761F02DC06A6FF4496340006761F02DC9220541F63049320921F6F02931F972A28
:2067E800962B761F02DD9200761F02DC543F6308761F02DD9300761F02DC923F6F02933FCB
:2067F800761F02DD970A960B761F02DC9220941FFFA0962C761F02DD9200761F02DC943F46
:20680800761F02DDFFA0960C0006761F02DC922654256304932692256F0293259727962895
:20681800761F02DD920654056304930692056F02930597079608761F02DC92269425FFA09C
:206828009629761F02DD92069405FFA096090006761F02DC80A92D3D961D3B01761F02DE3E
:20683800351F81A781071EA692A6901F9607761F02DC06A6FF44963D0006761F02DC80A91D
:206848002D3C961C3B01761F02DE351F81A781061EA692A6901F9606761F02DC06A6FF44B8
:20685800963C0006761F02DC80A92D3696163B01761F02DE351F81A781001EA692A6901F44
:206868009600761F02DC06A6FF4496360006761F02DC80A92D3896183B01761F02DE351F92
:2068780081A781021EA692A6901F9602761F02DC06A6FF4496380006761F02DC9624761F1A
:2068880002DD2D0480A93B01761F02DE351F81A7810E1EA692A6901F960E761F02DD06A68C
:20689800FF4496040006761F02DC80A92D3796173B01761F02DE351F81A781011EA692A6A5
:2068A800901F9601761F02DC06A6FF4496370006761F02DC80A92D3996193B01761F02DEF3
:2068B800351F81A781031EA692A6901F9603761F02DC06A6FF4496390006761F02DC962616
:2068C800761F02DD2D0680A93B01761F02DE351F81A781101EA692A6901F9610761F02DD5D
:2068D80006A6FF4496060006761F02DC9625761F02DD2D0580A93B01761F02DE351F81A7E5
:2068E800810F1EA692A6901F960F761F02DD06A6FF4496050006761F02DC80A92D2D960D13
:2068F8003B01761F02DD351F81A781371EA692A6901F9637761F02DC06A6FF44962D0006F9
:20690800761F02DC80A92D2E960E3B01761F02DD351F81A781381EA692A6901F9638761FE1
:2069180002DC06A6FF44962E0006761F02DC80A92D3A961A3B01761F02DE351F81A7810463
:206928001EA692A6901F9604761F02DC06A6FF44963A0006761F02DC80A952002D2F3B014C
:2069380056B400A7761F02DD351F81A781391EA692A6901F9639761F02DC06A67F0FFF447A
:20694800962F0006761F02DC80A952002D303B0156B400A7761F02DD351F81A7813A1EA6BD
:2069580092A6901F963A761F02DC06A67F10FF4496300006761F02DC80A92D3196113B01CE
:20696800761F02DD351F81A7813B1EA692A6901F963B761F02DC06A6FF4496310006761F23
:2069780002DD80A952002D013B0156B400A7761F02DE351F81A7810B1EA692A6901F960BC1
:20698800761F02DC7F2106A6761F02DDFF4496010006761F02DD80A952002D003B0156B47A
:2069980000A7761F02DE351F81A7810A1EA692A6901F960A761F02DC7F2006A6761F02DD3F
:2069A800FF4496000006761F02DC80A952002D3F3B0156B400A7761F02DE351F81A781092E
:2069B8001EA692A6901F9609761F02DC06A67F1FFF44963F0006761F02DC80A92D3E961EDF
:2069C8003B01761F02DE351F81A781081EA692A6901F9608761F02DC06A6FF44963E000674
:2069D800B2BDAABD59A95AA876485D4F52005DA26128761F02CB48326D14761F02DC93A17D
:2069E8008F00B77392127648806E5200611A761F02CB1A320100761F01FC1A0C04006F11CE
:2069F800761F02DC93A18F00B773921208A8FF387648805E52006105761F02CB1832FEFF97
:206A080086BE8BBE0006B2BD59A976485D4F5200612C761F02CB4A326D17761F02DC9212A8
:206A18005DA18F00B775761F02DD93207648805E5200611B761F02CB1A320400761F01FCD0
:206A28001A0C04006F12761F02DC92125DA18F00B775761F02DD93217648806E5200610547
:206A3800761F02CB1832FBFF8BBE0006B2BDAABD59A95AA876485D4F52005DA26127761F97
:206A480002CB4C326D14761F02DC93A18F00B77492147648806E52006119761F02CB1A3235
:206A58001000761F01FC1A0C04006F10761F02DC93A18F00B77492149DCE7648805E520073
:206A68006105761F02CB1832EFFF86BE8BBE0006761F02DD56BF641C0006B2BD59A976483D
:206A7800982F76486DFF28AC010E761F02DD33A928AC011388AB3F2D33A993AB3F1F761F46
:206A880002CB40336D11761F02DC93A65DA18F00B76C920F7648805E52006117761F02CB6B
:206A98001A3300016F12761F02DC5DA18F00B76C920F7648806E52006108761F02DD2B2C19
:206AA800761F02CB1833FFFE761F02CB40336C1A76485D4F5203600D9A0076485E259A0127
:206AB8007648655C9A007648BB869A0076485E259A007648BB869A0076485E259A017648FE
:206AC80065608BBE0006761F02CBB2BD4C36AABD59A45AA55DA86D2693A9761F02DC8F000E
:206AD800B764920D7648806E5200600C761F02DC93A15DA28F00B765920D7648806E52008C
:206AE8006125761F02CB1A361000761F02DD2B242B2576485D4F520461199A1D76486564BB
:206AF8006F1593A9761F02DC8F00B764920D08A8FF387648805E52006109761F02CB183613
:206B0800EFFF761F02DD2B242B2586BE8BBE0006761F02CB44365DA86D1793A9761F02DCC5
:206B18008F00B770920E7648806E5200611D761F02CB1A36001076485D4F520461159A15E4
:206B280076486564000693A9761F02DC8F00B770920E08A8FE0C7648805E52006105761F18
:206B380002CB1836FFEF0006B2BDAABDA2BDFE0476486DFF96417648088B964476480863A2
:206B48005AA97648085B59A97648084B9B0A00C8C84F5BA9764808479B0A00C8C84F761F48
:206B580002DC934197427B43934497419644930A761F02DD5B1D530161177648084BBE0A1D
:206B68000EA9F60F1FA654436909761F02DC920C0A0B540B63170A436F117648084B9B0A01
:206B780000C8C84F6F0E9243761F02DC54096508920C0A0B540B63060B432B0B6F03920983
:206B880096432D4235FA54A1562A06A1924154A263025A419A64761F02DD94A196123532DB
:206B98007B197A1694A17911960F924396179244961892419615356494A1FE84961082BE9B
:206BA80086BE8BBE0006761F02DD280D01002B1A2B1B56BF641C2B0E76480897761F02DD66
:206BB800961276486B3C0006761F02DC9200761F02DD541561073B109215761F02DC960065
:206BC8002910FF690006761F02CB4D355DA86D1793A9761F02DC8F00B762920F7648806EF5
:206BD8005200611C761F02CB1A35200076485D4F520461149A0E76486564000693A9761FC2
:206BE80002DC8F00B762920F9D9C7648805E52006105761F02CB1835DFFF0006B2BD59A9D5
:206BF8007648982F76486DFF28AC0118761F02DD12A99B0A962A95A9972B761F02CB412F7B
:206C08006D1193A9761F02DC5DA18F00B769920F7648805E52006117761F02CB1A2F0002DE
:206C18006F12761F02DC5DA18F00B769920F7648806E52006108761F02CB182FFFFD761F79
:206C280002DD2B298BBE0006B2BDFE027648982F59A976486DFF93A1531463047648085B87
:206C38006F095332630428AC042E6F0328AC03F212A988A9764866323B0193A9761F02DD69
:206C480092169FA62DA89EA685A91E42356400C8C6E72D2E88A93B0135FF81A6812F1EA6F3
:206C580092A690FF962F06A6FF47962E520064075264562A051D56B2641D6F022B1DFE8203
:206C68008BBE0006761F02DD430D5DA96D11761F02DC93008F00B763920F9D327648806EAA
:206C780052006114761F02DD1A0D00080006761F02DC8F00B763920F93007648805E52004E
:206C88006105761F02DD180DFFF70006761F02CBB2BD432FAABD59A95AA86D11761F02DC52
:206C980093A15DA28F00B767920F7648805E5200611A761F02CB182FFFF76F1576486DFFA5
:206CA8002DA9761F02DC5DA235648F00B76794A193A9920F7648806E52006105761F02CB66
:206CB8001A2F000886BE8BBE0006761F02CB402F5DA86D1093A9761F02DC8F00B768920F87
:206CC8007648806E52006115761F02CB1A2F0001000693A9761F02DC8F00B768920F9DF6F5
:206CD8007648805E52006105761F02CB182FFFFE0006761F02CBB2BD4436AABD59A45AA5EE
:206CE8005DA86D2293A9761F02DC8F00B77192117648806E5200600C761F02DC93A15DA2DF
:206CF8008F00B77292117648806E5200611C761F02CB1A36001076485D4F520461149A1005
:206D0800764865646F1093A9761F02DC8F00B77192119DFB7648805E52006105761F02CB0E
:206D18001836FFEF86BE8BBE0006761F02AE90031801FFE7FF8298010006761F02AF9214A9
:206D28000006761F02B092010006761F02B092040006761F02B092200006761F02B0922189
:206D38000006761F02B092020006761F02B0920C0006761F02B0920B0006761F02B0920D99
:206D48000006761F02B8920D0006761F02B092220006761F02B092230006761F02B092094C
:206D58000006761F02AE92130006761F02B0920A0006761F02B092080006761F02AE92027C
:206D68000006761F02B092000006761F02B092260006761F02B0922C0006761F02B0922E0F
:206D78000006761F02B0922D0006761F02AE921600069A0000069A000006761F02B09207D6
:206D88000006761F02B092150006761F02B0921A0006761F02B092190006761F02B0921413
:206D98000006761F02B092160006761F02B092180006761F02B092170006761F02B0920614
:206DA8000006761F02B0921B0006761F02B0921E0006761F02B0921F0006761F02B0921CDB
:206DB8000006761F02B0921D0006761F02B092280006761F02B092290006761F02B0922BA6
:206DC8000006761F02B0922A0006761F02AE92140006761F02B092270006761F02B09212BA
:206DD8000006761F02B092130006761F02B092050006761F02B092100006761F02B0920FE8
:206DE8000006761F02B0920E0006761F02B092110006761F02AE920F0006761F02AE920ED7
:206DF8000006761F02AECC010018FFC20006761F02B092030006761F02B092250006761F09
:206E080002B092240006761F02AE92120006761F02AE92010006521F58A967058F00ABC057
:206E18009294000628A9FFFF000658A91BA001B067058F00ACC09294000628A9FFFF000684
:206E2800524A58A967058F00AC409294000628A9FFFF0006761F02AE7680AB928F40AC00D2
:206E38008F00AB802B022B032B042B052B062B072B082B092B0A2B0B2B0C2B0D2B01F605FB
:206E48002B86F62E2B85F6002B840006761F02AE92025201613F5202610A761F02CB9A5D16
:206E58001A3A100076486564FFEF008A761F02B02802020056BF0203280714AA28090258B2
:206E6800280A02D0280B07D0280C0A28280D07D0280E128E280F12C02810157C56BF1E139C
:206E7800281403E8281503E856BF5518281B03E8281C04D8281D050A281E0474281F04A6D8
:206E8800282203522823038E282602582827076C6F31761F02B02802010156BF01032807AA
:206E980029542809012C280A015E280B2EE0280C34BC280D2EE0280E15E0280F16442810D2
:206EA80016A856BF1113281401F4281501F42818015E281B01F4281C0334281D0366281E2A
:206EB80002EE281F0384282202D028230302282601042B0056BF65012804028056BF0105CE
:206EC80028061ADC2808157C28110BB828120368281608FC281705DC28190AF0281A0A8CAF
:206ED80028200320282103522824029428250294282C0AF0282D0384282E06A4761F02B05B
:206EE8009215761F02F29615761F02F0962B761F02F0962C761F02B0920A7648BD1A0006A0
:206EF8003B10FF6976485628764884F87648BB942910FF690006B2BDAABDA2BDFE027648AA
:206F08006D695200600A76486D9588A98D4C5C10FF2A15F9FF5A6F0976486D958F189C6432
:206F180088A9A8AB8D4672640200F61F561700A63F4176486D9588A9B2AB0200F61F5617B0
:206F280000A676486D9559AB5AA9764808EF5BA9764808EF2DA90EA21EA637A30200F61F33
:206F3800561700A6924154AB680692A154AB690427A16F022741FE82761F02B082BE3F0759
:206F480086BE8BBE00068F08000088C42901FF20FFFF0FA6611D8F080003761F02AE92D4F4
:206F580088C4CDA900FFFFC780A97E0E92A6FFC72DA9310ACCA600FF2DA794AB08A9FDF0AC
:206F6800310A73AB960E08ABFDF03F0F0006761F02CB1A3A0010761F02F456BF5501000656
:206F78007648749952CE64441BA90266653D1BA9040065361BA9059A652F1BA907346428B3
:206F88001BA908CE64211BA90A66651A1BA90C0065131BA90D9A650C1BA90F346405761FEE
:206F980002AE0A0D6F28761F02AE0A0C6F24761F02AE0A0B6F20761F02AE0A0A6F1C761F2B
:206FA80002AE0A096F18761F02AE0A086F14761F02AE0A076F10761F02AE0A066F0C761F6B
:206FB80002AE0A056F08761F02AE0A046F04761F02AE0A0356BF020276486E4E76482E43A9
:206FC80076486EF876486BAB76486F0376486F4B9A010006761F02AF96000006761F02AF40
:206FD80096010006761F02AF96140006761F02AF960C0006761F02AF960B0006761F02AFE5
:206FE800960A0006761F02AF96090006761F02AF96080006761F02AF96070006761F02AFDF
:206FF80096060006761F02AF96050006761F02AF96130006761F02AF96120006761F02AFC1
:2070080096110006761F02AF96100006761F02AF960F0006761F02AF960E0006761F02AFA2
:20701800960D0006761F02AF96040006761F02AF96150006761F02AF96030006761F02AFA7
:2070280096020006761F02AF96160006B2BD761F02AEAABDCD00FFFE8D80B2EF92C2FFC20A
:20703800F0019001CAA859A996007648662276487C1E9B00761F02AE520A56B601A85603C4
:2070480001A8CDA1FFFDCAA896001800FFFB7648664E9B00761F02AE520656B301A8560346
:2070580002A8980092DACD00FFF7FFC6F00F9008CAA859A996007648658A9B00761F02AEB4
:20706800520A56B201A8560304A8CDA1FFEFCAA896001800FFDF7648C8259B00761F02AE11
:20707800520156B101A8560305A898001800FFBF764897EF9B00761F02AE520A56B201A850
:20708800560306A89800CC00FF7F88A9761F02CB5603022FF0FF761F02AE9080CAA659A92C
:20709800960076488BD876487C1E9B00761F02AE520A56B601A8560308A8CDA1FEFFCAA8F2
:2070A80096001800FDFF76488BD89B00761F02AE520056B401A8560309A898001800C3FF9C
:2070B80086BE8BBE0006761F02B3B2BD0A0076485D4F761F02B32B022B032B042B052B06C3
:2070C8002B072B082B092B0A2B0B2B0C2B0D2B0E2B0F2B102B112B122B132B14960176483C
:2070D8005D5B761F02B376C0B2EF8F00B2F4961592C7961692CF2FD427DC961792D79618AF
:2070E80092DF961992E7961AC5A488E493EC5DFC92C7961EDF0892C79626C5A492CC961F0D
:2070F80092F4761F02AE5C00761F02B37C2C761F02AE5C12761F02B37C2D761F02AE5C1305
:20710800761F02B37C2E761F02AE5C14DF09761F02B37C2F761F02AE5C16761F02B3962426
:207118002B1B2B1C2B1D2B282B292B2A2B2B2B302B32972357203F217C317E227D2592C79F
:2071280096277648944E761F02F0882B761F02AE9310761F02B32B362B372B382B392B3A8F
:207138002B3B2B3C2B3D2B3E2B3F963397357E34764865A2761F02B496007648659A761FF0
:2071480002B49601764865A259A97648659A761F02B42DA912A19603764865AA761F02B4D1
:2071580096027648658A761F02B42B052B062B072B082B092B0A2B0B2B0C2B0D2B0E2B0F40
:20716800960476488BE0761F02B4961076488C27761F02B4961276488C2F761F02B4961184
:2071780076488BD8761F02B4961376488BF0761F02B4961476488BE8761F02B496157648CF
:207188008C00761F02B42B172B182B192B1A2B1B961676489050761F02B4961C7648909097
:20719800761F02B4961D76489070761F02B4961E76489048761F02B4961F76489060761F43
:2071A80002B4962076489058761F02B496217648906876487C1E761F02B4962276489078DC
:2071B800761F02B42B242B252B262B279623764897F7761F02B4962876489823761F02B458
:2071C800962A7648982B761F02B49629764897EF761F02B4962B7648980B761F02B4962C9E
:2071D800764897FF761F02B4962D76489833761F02B42B2F2B302B312B322B332B342B35D6
:2071E8002B362B372B382B392B3A2B3B2B3C2B3D2B3E2B3F761F02B52B002B012B022B0392
:2071F8002B042B052B062B072B082B09761F02B4962E76486632761F02B5960A7648664E8B
:20720800761F02B5960B76486622761F02B5960C7648944E761F02B5960D764865C6761F38
:2072180002B5960E764865B6761F02B5960F764865CE761F02B59610764865CE761F02B511
:20722800961176486612761F02B596127648661A761F02B52B142B152B162B172B182B1962
:207238002B1A961376486602761F02B52B1C961B764865FA761F02B52B1E961D7648665EF7
:20724800761F02B5961F76486656761F02B59620764865E2761F02B52B222B232B242B251E
:207258002B262B272B282B292B2A2B2B2B2C2B2D2B2E2B2F2B302B312B322B332B342B358E
:207268002B362B372B382B392B3A2B3B2B3C2B3D2B3E2B3F761F02B62B002B012B022B0310
:207278002B042B052B062B072B082B092B0A2B0B2B0C2B0D2B0E2B0F2B102B112B122B138E
:207288002B142B152B162B172B182B192B1A2B1B2B1C2B1D2B1E2B1F2B202B212B222B237E
:207298002B242B252B262B272B282B292B2A2B2B2B2C2B2D2B2E2B2F2B302B312B322B336E
:2072A8002B342B352B362B372B382B392B3A2B3B2B3C2B3D2B3E2B3F761F02B72B002B016B
:2072B8002B022B032B042B052B062B072B082B092B0A2B0B2B0C2B0D2B0E2B0F2B102B116E
:2072C8002B122B132B142B152B162B172B182B192B1A2B1B2B1C2B1D2B1E2B1F2B202B215E
:2072D8002B222B232B242B252B262B272B28761F02B59621761F02B72B292B2A2B2B2B2CBF
:2072E8002B2D2B2E2B2F2B302B312B322B332B342B352B362B372B382B392B3A2B3B2B3C8E
:2072F8002B3D2B3E2B3F761F02B82B002B012B022B032B042B052B062B072B082B092B0ADC
:207308002B0B2B0C2B0D2B0E2B0F2B102B112B122B132B142B152B162B172B182B192B1A8D
:207318002B1B2B1C2B1D2B1E2B1F2B202B212B222B232B242B252B262B272B282B292B2A7D
:207328002B2B2B2C2B2D2B2E2B2F2B302B312B322B332B342B352B362B372B382B392B3A6D
:207338002B3B2B3C2B3D2B3E2B3F8BBE761F02B92B002B012B022B032B042B052B062B0720
:207348002B082B092B0A2B0B2B0C2B0D2B0E2B0F2B102B112B122B132B142B152B162B177D
:207358002B182B192B1A2B1B2B1C2B1D2B1E2B1F2B202B212B222B232B242B252B262B276D
:207368002B282B292B2A2B2B2B2C2B2D2B2E2B2F000676486D29761F02B1960076486D39B5
:20737800761F02B12B0256BF0303960176480157761F02B1960476480153761F02B19605E1
:207388007648014F761F02B196067648014B761F02B1960776480147761F02B1960876485A
:207398000143761F02AE880E930F761F02B156BF500A56BF0B0C2B0D2B0E2B0F2810FFFF50
:2073A8002811FFFF2812FFFF281403E82815FFFF56BF01162B312B322B332B342B352B3691
:2073B8002B372B382B392B3A2B3B2B3C2B3D2B3E2B3F761F02B22B002B012B022B032B04F5
:2073C8002B052B062B072B082B09761F02B1960997137E0B0006B2BDAABDA2BDFE04764896
:2073D8005D4F5205610576485D4F52066009764806BF5200600776488BD8520063032B447D
:2073E8006F0476488BD89644764808BF52006007764897EF520056B400A26404764897EFEB
:2073F8005AA97648051F761F02AE52009611617B7648662276487C1E5BA97648658A764869
:207408007C1E94A359A9924476487C1E93A195A992A259A876487C1E93A195A959A8764833
:2074180066225BA97648658A94A39EA29444964376486622520062127648662288A12D4308
:2074280012A9C24200C8C6E782A976486622761F02AE93A395A997126F107648662288A14F
:207438002D4312A9C24200C8C6E782A976486622EAA3761F02AE7B127648658A88A12D437A
:2074480012A9C24200C8C6E782A97648658AEAA3761F02AE7B13921363022B13924462092F
:2074580088A12D4312A9C24200C8C6E794446F0988A12D4312A9C24200C8C6E79344EBA9BF
:2074680088A1961412A2C24200C8C6E793A2FF5DEBA993129616FF5D9F139F149716764862
:2074780090486F1276486622761F02AE96127648658A761F02AE93449613971476489048B5
:20748800761F02AE7A16761F02AE2B1796159213941294149416FE84961082BE86BE8BBE4B
:207498000006FE02761F02E59236650D3B0185361E429236761F02EAFFA085A9073400C8A8
:2074A800C6E76F029A00FE820006FE02761F02E5922265263B0185221E429222761F02EA53
:2074B800FFA085A9070C00C8C6E78F00A000761F02991EA62D16A8421218FF1C000500C8FD
:2074C800C6E78AA902641E4206A600C8C6E73B011EAC564400A4FF1B0001FF4B6F029A0029
:2074D800FE820006FE02761F02E59220651A3B0185201E429220761F02EAFFA085A9070811
:2074E80000C8C6E776487B54761F02993B012DA933165603051707ABFF1B0001FF4B6F02FA
:2074F8009A00FE820006FE02761F02E59221651A3B0185211E429221761F02EAFFA085A963
:20750800070A00C8C6E776487B54761F02993B012DA933185603051907ABFF1B0001FF4B35
:207518006F029A00FE820006FE02761F02E59223651A3B0185231E429223761F02EAFFA0F9
:2075280085A9070E00C8C6E776487B54761F02993B012DA933145603051507ABFF1B000135
:20753800FF4B6F029A00FE820006FE02761F02E5921E65263B01851E1E42921E761F02EA31
:20754800FFA085A9070400C8C6E78F00A000761F02991EA62D10A8421212FF1C000500C880
:20755800C6E78AA902641E4206A600C8C6E73B011EAC564400A4FF1B0001FF4B6F029A0098
:20756800FE820006FE02761F02E5921D651A3B01851D1E42921D761F02EAFFA085A907028F
:2075780000C8C6E776487B54761F02993B012DA933105603051107ABFF1B0001FF4B6F0275
:207588009A00FE820006FE02761F02E5921F650D3B01851F1E42921F761F02EAFFA085A9E5
:20759800070600C8C6E76F029A00FE820006FE02761F02E5921C651A3B01851C1E42921C2C
:2075A800761F02EAFFA085A9070000C8C6E776487B54761F02993B012DA933125603051374
:2075B80007ABFF1B0001FF4B6F029A00FE820006FE02761F02E5922E650D3B01852E1E420E
:2075C800922E761F02EAFFA085A9072400C8C6E76F029A00FE820006FE02761F02E5923026
:2075D800650D3B0185301E429230761F02EAFFA085A9072800C8C6E76F029A00FE8200068B
:2075E800FE02761F02E5922F650D3B01852F1E42922F761F02EAFFA085A9072600C8C6E7D3
:2075F8006F029A00FE820006FE02761F02E5922D650D3B01852D1E42922D761F02EAFFA008
:2076080085A9072200C8C6E76F029A00FE820006FE02761F02E59232650D3B0185321E4200
:207618009232761F02EAFFA085A9072C00C8C6E76F029A00FE820006FE02761F02E59231C8
:20762800650D3B0185311E429231761F02EAFFA085A9072A00C8C6E76F029A00FE82000636
:20763800B2BD8F08F17B80A954C46747D08C549469419B01BE0028AB008C92AB54A8691672
:2076480093AB95A6FFD058A85DA70E940FA56005D8942DA0350A6F3392A75494662788A02B
:207658009A0193AB94A655A966EC93A6538C68042DA6350A6F1858A6D1013B0173A12794B7
:2076680028AC000A92AB9E9C85A98AA992AB9EA727A932AB2DA60200F61F561700A492ABE5
:20767800310A94AB08A9FF386F0A9B0127A095A66FC528A904B06F0328A9FF388BBE0006F7
:20768800FE02761F02E59234650D3B0185341E429234761F02EAFFA085A9073000C8C6E719
:207698006F029A00FE820006FE02761F02E59233650D3B0185331E429233761F02EAFFA055
:2076A80085A9072E00C8C6E76F029A00FE820006FE02761F02E59239650F3B0185391E4244
:2076B8009239761F02EAFFA085A9073A00C8C6E7764876386F029A00FE820006FE02761F51
:2076C80002E5923F650F3B01853F1E42923F761F02EBFFA085A9070600C8C6E77648763808
:2076D8006F029A00FE820006FE02761F02E59238650F3B0185381E429238761F02EAFFA004
:2076E80085A9073800C8C6E7764876386F029A00FE820006FE02761F02E5923E650F3B01A7
:2076F800853E1E42923E761F02EBFFA085A9070400C8C6E7764876386F029A00FE820006B3
:20770800FE02761F02E5923D650F3B01853D1E42923D761F02EBFFA085A9070200C8C6E7A8
:20771800764876386F029A00FE820006761F02EF92110006761F02ED922C0006761F02ED59
:2077280092130006761F02E392310006761F02EF92160006761F02ED92310006761F02ED4E
:2077380092180006761F02E392360006761F02EF92170006761F02ED92320006761F02ED32
:2077480092190006761F02E392370006761F02EF92180006761F02ED92330006761F02ED1E
:20775800921A0006761F02E392380006761F02EF92150006761F02ED92300006761F02ED12
:2077680092170006761F02E392350006761F02EF920F0006761F02ED922A0006761F02ED14
:2077780092110006761F02E3922F0006761F02EF92080006761F02ED92230006761F02ED1E
:20778800920A0006761F02E392280006761F02EF920E0006761F02ED92290006761F02ED10
:2077980092100006761F02E3922E0006761F02EF92100006761F02ED922B0006761F02EDF0
:2077A80092120006761F02E392300006761F02EF92060006761F02ED92210006761F02EDF0
:2077B80092080006761F02E392260006761F02EF92070006761F02ED92220006761F02EDF2
:2077C80092090006761F02E392270006761F02EF920B0006761F02ED92260006761F02EDD8
:2077D800920D0006761F02E3922B0006761F02EF920A0006761F02ED92250006761F02EDC2
:2077E800920C0006761F02E3922A0006761F02EF920C0006761F02ED92270006761F02EDB0
:2077F800920E0006761F02E3922C0006761F02EF92090006761F02ED92240006761F02EDA2
:20780800920B0006761F02E392290006761F02EF92120006761F02ED922D0006761F02ED85
:2078180092140006761F02E392320006761F02EF921E0006761F02ED92390006761F02ED4B
:2078280092200006761F02E3923E0006761F02EF92190006761F02ED92340006761F02ED2D
:20783800921B0006761F02E392390006761F02EF92130006761F02ED922E0006761F02ED33
:2078480092150006761F02E392330006761F02EF920D0006761F02ED92280006761F02ED3B
:20785800920F0006761F02E3922D0006FE02761F02E59225650D3B0185251E429225761FF3
:2078680002EAFFA085A9071200C8C6E76F029A00FE820006FE02761F02E59227650D3B0145
:2078780085271E429227761F02EAFFA085A9071600C8C6E76F029A00FE820006FE02761F25
:2078880002E59229650D3B0185291E429229761F02EAFFA085A9071A00C8C6E76F029A00D8
:20789800FE820006FE02761F02E59228650D3B0185281E429228761F02EAFFA085A9071832
:2078A80000C8C6E76F029A00FE820006FE02761F02E5922C650D3B01852C1E42922C761F6E
:2078B80002EAFFA085A9072000C8C6E76F029A00FE820006FE02761F02E5922B650D3B01E3
:2078C800852B1E42922B761F02EAFFA085A9071E00C8C6E76F029A00FE820006FE02761FC5
:2078D80002E5922A650D3B01852A1E42922A761F02EAFFA085A9071C00C8C6E76F029A0083
:2078E800FE820006FE02761F02E59235650D3B0185351E429235761F02EAFFA085A90732A1
:2078F80000C8C6E76F029A00FE820006B2BDFE02761F02990A3D543D69039A006F442B3DD2
:207908003B1088398F00BAC8761F02EB87D48EE4830802003100B600761F02998F00B846C2
:207918002B382B397E3A761F02E1ABD43AE4A006761F02EB1E08A90AC30C291092A6761FE5
:2079280002E1FFC088A6FF690EA9070AC24200C8C6E759A952C862091BA1FF3864063B1097
:2079380029103B1029106F049A4F7648656492A152C862081BA1FF3864053B1029103B10AD
:2079480029109A01FE82FF698BBE0006761F029996370006761F029996360006761F0299DF
:20795800962F000634A919C8761F0299FF1B0001562F032E0006761F02999635000634A9A1
:207968000294761F0299FF1B0001562F03340006761F02999633000634A90294761F0299BA
:20797800FF1B0001562F03320006761F02999631000634A91EF0761F0299FF1B0001562F5C
:2079880003300006761F02999617000634A927F6761F0299FF1B0001562F03160006761F45
:2079980002999619000634A91D4C761F0299FF1B0001562F03180006761F02999623000659
:2079A80034A90E53761F0299FF1B0001562F03220006761F0299962500062DA928A99AB0A4
:2079B800761F029930A9FF1B0001562F03240006761F02999611000634A927F6761F0299D2
:2079C800FF1B0001562F03100006761F02999613000634A91D4C761F0299FF1B0001562FF1
:2079D80003120006761F02999615000634A927F6761F0299FF1B0001562F03140006761F17
:2079E8000299961D000634A92751761F0299FF1B0001562F031C0006761F0299961F0006F6
:2079F80034A903DE761F0299FF1B0001562F031E0006761F0299961B000634A9018C761FD4
:207A08000299FF1B0001562F031A0006761F02999627000634A90318761F0299FF1B0001CA
:207A1800562F03260006761F0299962D000634A9018C761F0299FF1B0001562F032C000632
:207A2800761F0299962B000634A919C8761F0299FF1B0001562F032A0006761F0299962997
:207A3800000634A919C8761F0299FF1B0001562F03280006761F02999621000634A90E533E
:207A4800761F0299FF1B0001562F03200006FE02761F0299923B3B019C01900788A9963BB6
:207A5800761F02E3852A761F02995601003E92A66020063EBE00FF42963C5200C23E650C90
:207A680085A9761F02EE1E42341C050000C8C6E7761F02BA9602761F02BA1B0205A66307B5
:207A78001B02043E63062802043D6F03280205A6FE8200063B10761F029931008F00BAC831
:207A8800D01E0200B600BE002B3956BF0138A9D41E94C3E4C2C42910FF690006764805DF23
:207A9800764879C4764805DB764879C0764805E7764879D1764805E3764879CD764805A778
:207AA8007648798E7648057F7648798A764805AB7648799B7648058376487997764805FFE0
:207AB800764879DE764805FB764879DA764808A3764879EB7648089F764879E728A91000DB
:207AC800764879F89A00764879F428A9100076487A059A0076487A0128A9100076487A128E
:207AD8009A0076487A0E28A9100076487A399A0076487A3528A9100076487A2C9A007648B8
:207AE8007A2828A910007648795A9A007648795628A91000764879819A007648797D28A98B
:207AF8001000764879749A007648797028A91000764879679A007648796328A91000764820
:207B080079B59A00764879B128A91000764879A89A00764879A428A9100076487A469A007F
:207B180076487A4228A91000764879529A007648794E0006B2BD8F00B0E68F40B8E676C00D
:207B2800BBC68D00BB61BE188D40BB482B812B802B872B852B84000EFFFB761F02998F003E
:207B3800BA508F40B95C76C0BB008D00BA80BE23310002002B392B3A2B852B84A9801E877D
:207B4800000EFFFC76487A9602008BBE2B3B2B3C2B381E3E00060006FF588AA960039A00DC
:207B580000069A009B400FA46806A8A92901FF49093F6F0FFF2F10000FA46806A8A929010E
:207B6800FF4B09FF6F06A8A92901FF4DFF1003FFBE041EA72901B50900A6A8AB0200F61FDF
:207B7800561700A7A9A907A7FF401EA792A70006B6009A00BE0F27C59B012DA9FF67CFAB3B
:207B8800610728AC000F9B0174ACFF6799A79C01000EFFF47FC40006B6009A00BE0727C548
:207B98009B012DA9FF67CFAB610728AC00079B0174ACFF6799A79C01000EFFF47FC40006EF
:207BA800B2BDFE0258A92901FF20FFFFD88188A08BA42841FFFF2B420FA661252901C5A1B7
:207BB8005CAD5DAD92C7DC82DD8296425CA45DA576487B94BE0756030842F241B50B00A6DC
:207BC8004F4156030141562A0C41560301411CA98005562A0D41D88188A0FF20FFFFD9017A
:207BD8000FA660DE5CAD5DADDC81DD815CA45DA576487B80560308419341FFD7CBA992A817
:207BE800FE828BBE000693C492A8FFC788A9560308A894A60006FE0292409642FE820006AD
:207BF8002BACBE0380C492A7523068035239690428A9FFFF0006350A94A7DC019CD02DA905
:207C0800000EFFF200062BACBE0280C492A7523068035239690428A9FFFF0006350A94A70F
:207C1800DC019CD02DA9000EFFF2000652006302FF5C000680A988A89A0195A72BAC27A83A
:207C280094AB93A7600992A660039A0000069A02DF0194AB6F0493A660029CFF52006110F8
:207C380088A9D0002BAADE810EA727A00FAB6105350A94949CD02DA9D801000EFFF792AC97
:207C4800000683A4B600BE045CC592A4523068035239690402001901000606A7DCB0FF32AF
:207C5800DD01FF5A06A7FF3007AB0DA41EA7000EFFED00065DC492A5523068035239690494
:207C6800020019010006BE005239660F06A6DDB0FF321EA7DC0106A6FF3007A70DA55DC4B4
:207C78001EA692A5523067F106A600065DC4B600BE0192A5523068145239661D5239661289
:207C880006A7DDB0DC01FF32FF5A06A7FF3007AB0DA55DC41EA792A5523067F16F03522E12
:207C9800600A522E6008DC015DC492A5523068035239690402001901000606A7DDB0DE81A5
:207CA800FF32DC01FF5A06A7FF3007AB0DA51EA792A660EB06A70006FF5A92A45202611FB7
:207CB800520361165204610B5205600F8F0027100200F61F561700A492AB6F1B8F0003E829
:207CC8000200F61F561700A4020A1EA66F0E02641EA60200F61F561700A66FF7020A1EA69D
:207CD8000200F61F561700A60200F61F561700A69C3000061EA783A48F01869FA8A90FA7BE
:207CE80056B701A0670476C1869FD00006A7D40576487CB496C556BF2ECDD40406A7764815
:207CF8007CB496D5D40306A776487CB496DDD40206A776487CB496E5D40106A776487CB490
:207D080096ED2BF592A000061BA9270F83A4562A09A056B901A769048D00270FB6000EA0EB
:207D1800D40476487CB496C556BF2ECDD4030EA076487CB496D5D4020EA076487CB496DD57
:207D2800D4010EA076487CB496E52BED92A700061BA903E783A4562A09A056B901A76904D6
:207D38008D0003E7B6000EA0D40376487CB496C556BF2ECDD4020EA076487CB496D5D4016E
:207D48000EA076487CB496DD2BE592A70006526383A4562A09A056B901A756B663A056B6E6
:207D580000A7D4020EA076487CB4D40196C556BF2ECD0EA076487CB496D52BDD92A7000664
:207D68001EA783A48F01869FA8A90FA756B701A0670476C1869FD00006A7D40576487CB49A
:207D780096C5D40406A776487CB496CD56BF2ED5D40306A776487CB496DDD40206A776487C
:207D88007CB496E5D40106A776487CB496ED2BF592A000061BA9270F83A4562A09A056B98C
:207D980001A769048D00270FB6000EA0D40476487CB496C5D4030EA076487CB496CD56BF83
:207DA8002ED5D4020EA076487CB496DDD4010EA076487CB496E52BED92A700061BA903E7E2
:207DB80083A4562A09A056B901A769048D0003E7B6000EA0D40376487CB496C5D4020EA0B8
:207DC80076487CB496CD56BF2ED5D4010EA076487CB496DD2BE592A700061EA692A45202B1
:207DD800610F520361095204610392A66F0C06A62901FF4B6F0806A62901FF476F0406A61D
:207DE8002901FF43900F520969039B376F029B3094A8000652FF83A4562A09AB56B901A7F6
:207DF800690428AB00FFB6000EABD40276487DD596C5D4010EAB76487DD596CD2BD592A742
:207E080000061EA783A48F01869FA8A90FA756B701A0670476C1869FD00006A7D405764823
:207E18007CB496C5D40406A776487CB496CDD40306A776487CB496D556BF2EDDD40206A769
:207E280076487CB496E5D40106A776487CB496ED2BF592A000061BA9270F83A4562A09A03C
:207E380056B901A769048D00270FB6000EA0D40476487CB496C5D4030EA076487CB496CDE8
:207E4800D4020EA076487CB496D556BF2EDDD4010EA076487CB496E52BED92A700061EA715
:207E580083A48F01869FA8A90FA756B701A0670476C1869FD00006A7D40576487CB496C513
:207E6800D40406A776487CB496CDD40306A776487CB496D5D40206A776487CB496DD56BF4E
:207E78002EE5D40106A776487CB496ED2BF592A0000680A983A4D4040EA776487DD5D403C8
:207E880096C50EA776487DD5D40296CD0EA776487DD5D40196D50EA776487DD596DD2BE534
:207E98009A0100061EA783A48F01869FA8A90FA756B701A0670476C1869FD00006A7D405B6
:207EA80076487CB496C5D40406A776487CB496CDD40306A776487CB496D5D40206A776487D
:207EB8007CB496DDD40106A776487CB496E52BED92A000061BA9270F83A4562A09A056B973
:207EC80001A769048D00270FB6000EA0D40476487CB496C5D4030EA076487CB496CDD40291
:207ED8000EA076487CB496D5D4010EA076487CB496DD2BE592A700061BA903E783A4562AFB
:207EE80009A056B901A769048D0003E7B6000EA0D40376487CB496C5D4020EA076487CB440
:207EF80096CDD4010EA076487CB496D52BDD92A70006526383A4562A09A056B901A756B61C
:207F080063A056B600A7D4020EA076487CB4D40196C50EA076487CB496CD2BD592A70006C3
:207F1800520983A456B901A769039A09B6000EA9D40176487CB496C52BCD92A70006CDA9C9
:207F28000055FFC0905594A8CDA90033FFC1903394A8CDA9000FFFC3900F94A80006FF5A1B
:207F38002901FF4018AB555518AA555518A9555518A8D55507ABFF5A18AB333318AA333336
:207F4800FF4118A9333318A8F33307ABFF5A18AB0F0F18AA0F0FFF4318A90F0F18A8FF0F11
:207F580007ABFF5A18AB00FF18AA00FFFF4790FF07ABFF5A18AA00000EA807AB0006CDA9F5
:207F68005555FFC018A9D55594A8CDA93333FFC118A9F33394A8CDA90F0FFFC318A9FF0F85
:207F780094A8CDA900FFFFC794A8000693A9FF5E9DFFCEA8CDA90055FFC0905594A8CDA964
:207F88000033FFC1903394A8CDA9000FFFC3900F94A800061EA6FF55FF5A290106A619015E
:207F9800CEABCFAAFF5A18AB555518AA5555FF4018A9555518A8D55507ABFF5A18AB3333DD
:207FA80018AA3333FF4118A9333318A8F33307ABFF5A18AB0F0F18AA0F0FFF4318A90F0F57
:207FB80018A8FF0F07ABFF5A18AB00FF18AA00FFFF4790FF07ABFF5A18AA00000EA807AB43
:207FC8001EA692A6000693A9FF5E9DFFCEA8CDA95555FFC018A9D55594A8CDA93333FFC14A
:207FD80018A9F33394A8CDA90F0FFFC318A9FF0F94A8CDA900FFFFC794A800062BACBE01F2
:207FE80080C492A752306803523969039AFF0006350A94A7DC019CD02DA9000EFFF30006DA
:207FF80092C452306803523969039AFF00069CD0000652006302FF5C000688A992A555A6A3
:2080080063042BC49B006F030AC493C454A866049A012BC400069A00000688A992A555A6D7
:2080180065042BC49B006F030AC493C454A866049A012BC400069A00000688A9924355A627
:20802800640793A555A662042BC49B006F030AC493C454A866049A012BC400069A0000067D
:2080380088A9924355A6640793A555A662040AC493C46F032BC49B0054A866049A012BC412
:2080480000069A00000692C461050BC461039A0000069A01000606C461080201564100C4B1
:2080580006C461039A0000069A01000688A992A555A663042BC49B006F030AC493C454A8B2
:2080680066049A012BC400069A00000688A992A555A665042BC49B006F030AC493C454A875
:2080780066049A012BC400069A00000688A9924355A6640793A555A662042BC49B006F034D
:208088000AC493C454A866049A012BC400069A00000688A9924355A6640793A555A6620418
:208098000AC493C46F032BC49B0054A866049A012BC400069A00000692C461050BC4610322
:2080A8009A0000069A010006B2BD27A95DA9C5A4AABDD204A0A95CA276487DD5523060054E
:2080B800DA8192A2520166F792A2D000610F5DA28BA72BAADD8192A29EA05CA9A9A976480A
:2080C8007DD5D8019681000DFFF82B9786BE8BBE0006B2BD2DA95DA9C5A4AABDA2BDD305AB
:2080D800A0A95CA376487CB452306005DB8192A3520166F792A3D000610F5DA38BA75AAC7D
:2080E800DD8192A39EA05CA9AAA976487CB4D8019681000DFFF82B9782BE86BE8BBE0006D8
:2080F80088431EA79A0193A695A594A858A992A5600892A661299A0294A8DD0158A96F0402
:2081080092A66002D88192A0611FDC819EA552016116020A1EA6A3A70200F61F561700A604
:2081180028AB000A88A92BAAA9ACA3A7DE3002007E94F61F561700ACA9A76F0356BF2E94DC
:20812800D88192A060E400065300610688A8DE819684000EFFFF00065200C5A461059CFF31
:208138005CA9F7A424850006761F02DE921B0006761F02DE921A0006761F02DE921E00065E
:20814800761F02DE921D0006761F02DE92120006761F02DE92130006761F02DE921400068D
:20815800761F02DE92150006761F02DE92260006761F02DE92180006761F02DE9217000669
:20816800761F02DE92230006761F02DE92220006761F02DE92240006761F02DE922000063A
:20817800761F02DE921B541862069223541B6504921B000692180006761F02DE92110006E3
:20818800761F02DE9211FFCE0006761F02CB4B365DA96D14761F02DE932C9A008F00B7B8B6
:208198009D0A7648806E5200611A761F02CB9A1C1A360800764865640006761F02DE882C81
:2081A8005DA89A008F00B7B8DEE493A67648805E52006105761F02CB1836F7FF0006B2BDB0
:2081B800FE02764865E259A9520056B400A176485D4F520560087648B5F65203600428AB85
:2081C800000A6F0328AB005292A1761F02DE54296914542A6610932A28AC006492AB9FA1EE
:2081D80074AC12A8932A9F2900C8C84F93AB95A997196F053F196F0356BF641976485D4FE3
:2081E800520560057648B5F652036123764808EFBE64761F02DE2D1930A9C24200C8C6E795
:2081F800961B76486DA1761F02DE541B650676486DA1761F02DE961B764808EF761F02DE7F
:20820800541B6612764808EF761F02DE961B6F0C7648B9D0BE64761F02DE2D1930A9C24218
:2082180000C8C6E7961A9219526460041811FFFD6F031A110002FE828BBE0006B2BDAABDF3
:2082280059A95AA8764865E2761F02CB4A366D14761F02DE932A5DA18F00B7B79D0A764838
:20823800806E52006118761F02CB9A1B1A360400764865646F10761F02DE932A5DA28F003C
:20824800B7B79D9C7648805E52006105761F02CB1836FBFF86BE8BBE0006FE0276485D4F74
:20825800520560037648B5F6761F02DE56BF641C76485D4F520560057648B5F65203612371
:20826800764808EFBE64761F02DE2D1C30A9C24200C8C6E7961E76486DA1761F02DE541EA8
:20827800650676486DA1761F02DE961E764808EF761F02DE541E6612764808EF761F02DE48
:20828800961E6F0C7648B9D0BE64761F02DE2D1C30A9C24200C8C6E7961D921C52646004B3
:208298001811FFFB6F031A110004FE820006761F02DE2D1380A93B019612351F81A7813B82
:2082A8001EA692A6901F963B06A6FF4496130006761F02DE56030FA918117FFF98110006C0
:2082B800761F02DE2D1580A93B019614351F81A7813C1EA692A6901F963C06A6FF44961590
:2082C8000006764865FA52006415761F02DE542D6911542E660C2D2E74AC352A932E9F2DDD
:2082D80000C8C84F9B3A95A9971F6F0856BF3A1F6F05761F02DE56BF641F2D1F350A1BA929
:2082E800015E962064071BA903E86406282003E86F032820015E921F526460041811FFF7A7
:2082F80000061A1100080006B2BDAABD59A95AA8764865FA761F02CB4E326D11761F02DE5B
:20830800932E5DA18F00B7B59D0A7648806E52006115761F02CB1A3240006F10761F02DE9E
:20831800932E5DA28F00B7B59D9C7648805E52006105761F02CB1832BFFF86BE8BBE000600
:20832800B2BDAABDA2BDFE029641764808EF761F02DE9632764808EF76485D4F5203605F04
:208338007648664A520059A96303FF5C59A9761F02DE5A12761F02DD5B1876486D3DBE0AA8
:208348000EA9F60F1FA654A3670776486D3D9B0A00C8C84F5BA992A354A1640B54A1650D3F
:20835800761F02DE0A349234520265070A336F04761F02DE0B332B3492A2761F02DE5433DA
:2083680063027A335432640654326506083200056F039A05743292335432650392329633CC
:208378007648060F52006009761F02DE1B3305DC630B283305DC6F08761F02DE1B33076C5C
:2083880063032833076C92415433640D933308A8019054A8650908A9FE706F05761F02DE5D
:2083980092129632963393339233FE82972482BE86BE8BBE0006B2BDFE0276488BDC59A961
:2083A80076485D4F520560037648B5F61BA106E063161BA10384640F2DA1355A28A8035CCB
:2083B80008A9C39800C8C84F761F02DE9B0A95A997256F05761F02DE56BF0A2576485D4F0F
:2083C800520560267648B5F65203602276480623BE64761F02DE2D2530A9C24200C8C6E756
:2083D8008BA97648662EBE642DA912A1C24200C8C6E7761F02DE962676486D89761F02DE81
:2083E8005426630676486D89761F02DE9626761F02DE92255264610E76485D4F5205600A31
:2083F8007648B5F652036006761F02DE1A1100406F05761F02DE1811FFBFFE828BBE0006C2
:20840800B2BDFE027648660259A9520056B400A176485D4F520560087648B5F65203600475
:2084180028AB000A6F0328AB005292A1761F02DE5427691454286610932828AC006492AB0E
:208428009FA174AC12A893289F2700C8C84F93AB95A997166F053F166F0356BF6416764809
:208438005D4F520560057648B5F652036123764808EFBE64761F02DE2D1630A9C24200C846
:20844800C6E7961876486DA1761F02DE5418650676486DA1761F02DE9618764808EF761F68
:2084580002DE54186612764808EF761F02DE96186F0C7648B9D0BE64761F02DE2D1630A9F3
:20846800C24200C8C6E796179216526460041811FFFE6F031A110001FE828BBE0006B2BD0A
:20847800AABD59A95AA876486602761F02CB9337FFD4CB3748A86D14761F02DE93285DA1B3
:208488008F00B7B69D0A7648806E52006118761F02CB9A291A370100764865646F10761FA8
:2084980002DE93285DA28F00B7B69D9C7648805E52006105761F02CB1837DEFF86BE8BBE86
:2084A800000676486D99761F02DE961276486D99761F02DE281403E8281503E856BF6416B6
:2084B800961376486D89761F02DE961776486D99761F02DE56BF6419961876486D89761F63
:2084C80002DE961A76486D99761F02DE56BF641C961B76486D89761F02DE961D76486D99E5
:2084D800761F02DE56BF641F282003E856BF6421961E76486D89761F02DE962276486D9951
:2084E800761F02DE962376486D99761F02DE56BF6425962476486D89761F02DE96260006CA
:2084F800761F02DE2811800076486DB5761F02DE962776486DB9761F02DE962876486DAD35
:20850800761F02DE962976486DB1761F02DE962A76486D31761F02DE962B76486D35761F87
:2085180002DE962C76486D4D761F02DE962D76486D51761F02DE962E764884A90006761FB6
:2085280002DE4F116D04764884A96F0976488408764881B7764882C9764883A3764881783B
:208538007648829F76488174764882B80006B2BDAABD5AA8A2BD5BA976486656761F02CB7C
:2085480059A9493A6D1476486E0393A95DA38F00B7BA92A17648806E52006119761F02CB95
:208558009A5A1A3A0200764865646F1176486E039C9C5DA293A98F00B7BA92A17648805E41
:2085680052006105761F02CB183AFDFF82BE86BE8BBE0006B2BDAABD5AA8A2BD5BA97648BF
:20857800665E761F02CB59A9483A6D1476486E0793A95DA38F00B7B992A17648806E520019
:208588006119761F02CB9A591A3A0100764865646F1176486E079C9C5DA293A98F00B7B903
:2085980092A17648805E52006105761F02CB183AFEFF82BE86BE8BBE0006B2BDAABDA2BD83
:2085A800FE0276485D4F5200FFE100DA7648662E5AA976485D4F520560057648B5F6520304
:2085B800610976485255520156B052A156B134A16F02D10A76486DFF28AC023012A954A27F
:2085C800692F76486DFF28AC021212A954A2672476486DFF28AC021233A992A228AC006453
:2085D800EAAB92A174AC12AB5BA976486DFF28AC021212A986A976486DFF28AC023012A9F3
:2085E8009EA293A992A300C8C84F761F02DE93A195A997216F09761F02DE79216F05761FB4
:2085F80002DE56BF642176485D4F520560057648B5F65203613E76485220BE64761F02DE9F
:208608002D2130A9C24200C8C6E796307648982F52146206764808EF761F02DE9630761F14
:2086180002DE92305423680C542369070A319231520A69080A236F05923096236F020B2348
:208628002B3176486DA1761F02DE5423650676486DA1761F02DE9623764808EF761F02DE8F
:2086380054236629764808EF761F02DE96236F2376480847BE64761F02DE2D2130A9C242D8
:2086480000C8C6E78BA97648662E8F0003E82DA9A84212A100C8C6E7761F02DE96227648CA
:208658006D89761F02DE5422630676486D89761F02DE962292215264611A76485D4F520532
:2086680060057648B5F65203610976485D4F5203600E7648B5F65202600A761F02DE1A1171
:208678000020761F02CB1A3100026F09761F02DE1811FFDF761F02CB1831FFFDFE8282BEB8
:2086880086BE8BBE0006761BFFF0E20000BDE63006002942561676256F00761BFFF0E200C1
:2086980000BDE63006002942561676256F00761BFFF0E20000BDE63006002942561676255B
:2086A8006F00761BFFF0E20000BDE63006002942561676256F00761BFFF0E20000BDE630F2
:2086B80006002942561676256F00761BFFF0E20000BDE63006002942561676256F00761B0E
:2086C800FFF0E20000BDE63006002942561676256F00761BFFF0E20000BDE6300600294261
:2086D800561676256F00761BFFF0E20000BDE63006002942561676256F00761BFFF0E2008E
:2086E80000BDE63006002942561676256F00761BFFF0E20000BDE63006002942561676250B
:2086F8006F00761BFFF0E20000BDE63006002942561676256F00761BFFF0E20000BDE630A2
:2087080006002942561676256F00761BFFF0E20000BDE63006002942561676256F00761BBD
:20871800FFF0E20000BDE63006002942561676256F00761BFFF0E20000BDE6300600294210
:20872800561676256F00761BFFF0E20000BDE63006002942561676256F00761BFFF0E2003D
:2087380000BDE63006002942561676256F00761BFFF0E20000BDE6300600294256167625BA
:208748006F00761BFFF0E20000BDE63006002942561676256F00761BFFF0E20000BDE63051
:2087580006002942561676256F00761BFFF0E20000BDE63006002942561676256F00761B6D
:20876800FFF0E20000BDE63006002942561676256F00761BFFF0E20000BDE63006002942C0
:20877800561676256F00761BFFF0E20000BDE63006002942561676256F00761BFFF0E200ED
:2087880000BDE63006002942561676256F00761BFFF0E20000BDE63006002942561676256A
:208798006F00761BFFF0E20000BDE63006002942561676256F00761BFFF0E20000BDE63001
:2087A80006002942561676256F00761BFFF0E20000BDE63006002942561676256F00761B1D
:2087B800FFF0E20000BDE63006002942561676256F00761BFFF0E20000BDE6300600294270
:2087C800561676256F00761BFFF0E20000BDE63006002942561676256F00761BFFF0E2009D
:2087D80000BDE63006002942561676256F00761BFFF0E20000BDE63006002942561676251A
:2087E8006F00761BFFF0E20000BDE63006002942561676256F00761BFFF0E20000BDE630B1
:2087F80006002942561676256F00761BFFF0E20000BDE63006002942561676256F00761BCD
:20880800FFF0E20000BDE63006002942561676256F00761BFFF0E20000BDE630060029421F
:20881800561676256F00761BFFF0E20000BDE63006002942561676256F00761BFFF0E2004C
:2088280000BDE63006002942561676256F00761BFFF0E20000BDE6300600294256167625C9
:208838006F00761BFFF0E20000BDE63006002942561676256F00761BFFF0E20000BDE63060
:2088480006002942561676256F00761BFFF0E20000BDE63006002942561676256F00761B7C
:20885800FFF0E20000BDE63006002942561676256F00761BFFF0E20000BDE63006002942CF
:20886800561676256F00761BFFF0E20000BDE63006002942561676256F00761BFFF0E200FC
:2088780000BDE63006002942561676256F00761BFFF0E20000BDE630060029425616762579
:208888006F00761BFFF0E20000BDE63006002942561676256F00761BFFF0E20000BDE63010
:2088980006002942561676256F00761BFFF0E20000BDE63006002942561676256F00761B2C
:2088A800FFF0E20000BDE63006002942561676256F00761BFFF0E20000BDE630060029427F
:2088B800561676256F00761BFFF0E20000BDE63006002942561676256F00761BFFF0E200AC
:2088C80000BDE63006002942561676256F00761BFFF0E20000BDE630060029425616762529
:2088D8006F00761BFFF0E20000BDE63006002942561676256F00761BFFF0E20000BDE630C0
:2088E80006002942561676256F00761BFFF0E20000BDE63006002942561676256F00761BDC
:2088F800FFF0E20000BDE63006002942561676256F00761BFFF0E20000BDE630060029422F
:20890800561676256F00761BFFF0E20000BDE63006002942561676256F00761BFFF0E2005B
:2089180000BDE63006002942561676256F00761BFFF0E20000BDE6300600294256167625D8
:208928006F00761BFFF0E20000BDE63006002942561676256F00761BFFF0E20000BDE6306F
:2089380006002942561676256F00761BFFF0E20000BDE63006002942561676256F00761B8B
:20894800FFF0E20000BDE63006002942561676256F00761BFFF0E20000BDE63006002942DE
:20895800561676256F00761BFFF0E20000BDE63006002942561676256F00761BFFF0E2000B
:2089680000BDE63006002942561676256F00761BFFF0E20000BDE630060029425616762588
:208978006F00761BFFF0E20000BDE63006002942561676256F00761BFFF0E20000BDE6301F
:2089880006002942561676256F00761BFFF0E20000BDE63006002942561676256F00761B3B
:20899800FFF0E20000BDE63006002942561676256F00761BFFF0E20000BDE630060029428E
:2089A800561676256F00761BFFF0E20000BDE63006002942561676256F00761BFFF0E200BB
:2089B80000BDE63006002942561676256F00761BFFF0E20000BDE630060029425616762538
:2089C8006F00761BFFF0E20000BDE63006002942561676256F00761BFFF0E20000BDE630CF
:2089D80006002942561676256F00761BFFF0E20000BDE63006002942561676256F00761BEB
:2089E800FFF0E20000BDE63006002942561676256F00761BFFF0E20000BDE630060029423E
:2089F8005616E28000BEFFF176177602761BFFF0E20000BDE63006002942561676256F00C2
:208A0800761BFFF0E20000BDE63006002942561676256F00761BFFF0E20000BDE6300600F7
:208A18002942561676256F00761BFFF0E20000BDE63006002942561676256F00761BFFF0C1
:208A2800E20000BDE63006002942561676256F00761BFFF0E20000BDE63006002942561680
:208A380076256F00761BFFF0E20000BDE63006002942561676256F00761BFFF0E20000BDD9
:208A4800E63006002942561676256F00761BFFF0E20000BDE63006002942561676256F00F5
:208A5800761BFFF0E20000BDE63006002942561676256F00761BFFF0E20000BDE6300600A7
:208A68002942561676256F00761BFFF0E20000BDE63006002942561676256F00761BFFF071
:208A7800E20000BDE63006002942561676256F00761BFFF0E20000BDE63006002942561630
:208A880076256F00761BFFF0E20000BDE63006002942561676256F00761BFFF0E20000BD89
:208A9800E63006002942561676256F00761BFFF0E20000BDE63006002942561676256F00A5
:208AA800761BFFF0E20000BDE63006002942561676256F00761BFFF0E20000BDE630060057
:208AB8002942561676256F00761BFFF0E20000BDE63006002942561676256F00761BFFF021
:208AC800E20000BDE63006002942561676256F00761BFFF0E20000BDE630060029425616E0
:208AD80076256F00761BFFF0E20000BDE63006002942561676256F00761BFFF0E20000BD39
:208AE800E63006002942561676256F00761BFFF0E20000BDE63006002942561676256F0055
:208AF800761BFFF0E20000BDE63006002942561676256F00761BFFF0E20000BDE630060007
:208B08002942561676256F00761BFFF0E20000BDE63006002942561676256F00761BFFF0D0
:208B1800E20000BDE63006002942561676256F00761BFFF0E20000BDE6300600294256168F
:208B280076256F00761BFFF0E20000BDE63006002942561676256F00761BFFF0E20000BDE8
:208B3800E63006002942561676256F00761BFFF0E20000BDE63006002942561676256F0004
:208B4800761BFFF0E20000BDE63006002942561676256F00761BFFF0E20000BDE6300600B6
:208B58002942561676256F00761BFFF0E20000BDE63006002942561676256F00761BFFF080
:208B6800E20000BDE63006002942561676256F00761BFFF0E20000BDE6300600294256163F
:208B780076256F00761BFFF0E20000BDE63006002942561676256F00761BFFF0E20000BD98
:208B8800E63006002942561676256F00761BFFF0E20000BDE63006002942561676256F00B4
:208B9800761BFFF0E20000BDE63006002942561676256F00761BFFF0E20000BDE630060066
:208BA8002942561676256F00761BFFF0E20000BDE63006002942561676256F00761BFFF030
:208BB800E20000BDE63006002942561676256F00761BFFF0E20000BDE630060029425616EF
:208BC80076256F00761BFFF0E20000BDE63006002942561676256F00761F02E49203000651
:208BD800761F02E4920C0006761F02E492000006761F02E492090006761F02E49206000616
:208BE800761F02E4920F0006761F02E492070006761F02E492100006761F02E492360006C5
:208BF800761F02E492130006761F02E492080006761F02E492110006761F02E492040006E1
:208C0800761F02E4920D0006761F02E492050006761F02E4920E00068F00BC400200BE3B6D
:208C18000D84000EFFFFBE3CFF5A0200F61F561700A692AB0006761F02E492020006761F35
:208C280002E4920B0006761F02E492010006761F02E4920A0006761F02E492150006B2BDDB
:208C3800FE02FF5888498E48630392A46F1E3A4200C8C6F61EAC92A65201600D92A43B01C1
:208C48009EA53A4285A9564400A900C8C6E793A4EBA96F0B92A53B019EA43A4285A9564429
:208C580000A900C8C6E794A4FE828BBE0006761F02E4923400063B10761F02CB922FFFC063
:208C6800CA2FFFC0CA2FFFC0CA2F44A96C0429109A016F0329109A00FF6900063B10761FBF
:208C780002E4441A6C0429109A016F0329109A00FF6900063B10761F02CB922FFFC0CA2F7B
:208C880044A96C0429109A016F0329109A00FF6900063B10761F02E4451A6C0429109A017F
:208C98006F0329109A00FF6900063B10761F02CB922FFFC0CA2FFFC0CA2FFFC0CA2F44A986
:208CA8006C0429109A016F0329109A00FF6900063B10761F02CB922FFFC0CA2F46A96C0430
:208CB80029109A016F0329109A00FF6900063B10761F02CB922FFFC0CA2FFFC0CA2FFFC078
:208CC800CA2F44A96C0429109A016F0329109A00FF690006B2BD59A976485D4F5205610A12
:208CD80076485D4F52066106761F02E42B032B0C6F14761F02E42D0C3B01761F02E5351F30
:208CE80081A1810F1EA692A6901F960F761F02E4790306A6FF44960C8BBE0006761F02E418
:208CF80080A92D0996003B01761F02E5351F81A7810C1EA692A6901F960C761F02E406A632
:208D0800FF4496090006761F02E480A92D0D96043B01761F02E5351F81A781101EA692A62A
:208D1800901F9610761F02E406A6FF44960D0006761F02E480A92D0E96053B01761F02E5A1
:208D2800351F81A781111EA692A6901F9611761F02E406A6FF44960E0006FE025200600500
:208D3800761F02E42B026F0E88A928A805F528A9E100761F02E4FF5A0200F61F561700A64B
:208D48003F0228AC001F300B3B010D02761F02E5810E1EA6FE8292A6901F960E761F02E4FC
:208D580006A6FF44960B0006FE0276485D4F5205610A76485D4F52066106761F02E42B0169
:208D68002B0A6F1C3B01761F02E485001E42340703E800C8C6E780A92D0A3B019601761F2C
:208D780002E5351F81A7810D1EA692A6901F960D761F02E406A6FF44960AFE8200062DA936
:208D88003B01761F02E48500761F02E55601001A0A0735325407661B3B108807A31A580857
:208D98000200FF698F00BC40761F02E4F61F561700A63F323F942910761F02E50A0892087E
:208DA800523C68022B0802002B071E1AFF690006FE02761F02CB932FFFD0CB2F44A86D4E12
:208DB800761F02E59216761F02E48F00B93B9429931D5DA992007648805E52016005761F8B
:208DC80002CB1A2F0020761F02E59216761F02E48F00B93C942A931E5DA992007648805E8F
:208DD80052016005761F02CB1A2F0020761F02E59218761F02E48F00B93D942B931B5DA95F
:208DE80092007648806E52016005761F02CB1A2F0010761F02E59218761F02E48F00B93E93
:208DF800942C931C5DA992007648806E5201601C761F02CB1A2F00106F17761F02E4964146
:208E08008F00B93A5D20931F9200764880915201600B761F02CB182FFFCF761F02E42B3B22
:208E18002B3C2B3D2B3EFE82000676C0BD4A761F02F592CF96C7BE0392D7960B761F02E4AF
:208E28009300761F02F5970C940A940C761F02E40EA9F60F1FA688A928AC00B529019612A2
:208E380030A6FF4696130006B2BDAABDFE0276485D4F5205610776485D4F52066103D1005A
:208E48006F0A764898035AA97648905C3B0194A285A98BA992A176487C1E5AA9761F02E4AE
:208E5800920376487C1E54A269063B01761F02E485038BA992A176487C1E761F02E42D03FF
:208E6800960733032D0712075621000703ABABA462032B066F0976487B54761F02E496069D
:208E780056210007ABA4920760032B086F07340303E8A84200C8C6E796082D0F3B01351F7D
:208E8800810681371EA62D1092A6901F963706A6FF44960F351F813807A41EA62D1192A650
:208E9800901F963806A6FF449610351F810881391EA6FE8292A686BE901F96398BBE06A6DE
:208EA800FF4496110006761F02E42B140006761F02E40A14541467161A1AE8332B142B00C3
:208EB8002B012B032B042B022B092B0A2B0C2B0D2B0B761F02CB1A2F00F0761F02E4181A8E
:208EC800FFDF76486D695200601D7648060F5200600A761F02E4281D0320281E0320282026
:208ED80003846F09761F02E4281D06A4281E06A428200708281B0AF0281C0AF0281F0A8C72
:208EE8006F1C7648060F5200600A761F02E4281D028A281E028A282002BC6F09761F02E439
:208EF800281D0384281E0384282003B6281B0578281C0578281F0546282119642822196420
:208F080028230FA028240FA02825189C2826106800069A0A76488D870A0992091BA901F4AA
:208F18006204520061036F072B0976488C14761F02E49633761F02E4CC1A0400CD1AFFFB8B
:208F2800FFC7CAA8961A0006761F02E4451A6C0D76485D4F5202610576485D4F520560059E
:208F3800761F02E4181AFFDF00060006761F02E48F00BC4002002B312B33BE00761F02E586
:208F4800F63B2B841E18C2160006FE02761F02CB932F88A9FFD0CB2F46A86D3E761F02E4E3
:208F58008F00B940920293235D2F7648805E52016005761F02CB1A2F0080761F02E48F0012
:208F6800B941920293245D307648805E52016005761F02CB1A2F0080761F02E48F00B94293
:208F7800920293215D2D7648806E52006105761F02CB1A2F0040761F02E48F00B94392021E
:208F880093225D2E7648806E5200611C761F02CB1A2F00406F17761F02E47E418F00B93FDC
:208F98005D2693259202764880915201600B761F02CB182FFF3F761F02E52B002B012B0276
:208FA8002B03FE820006761F02CB492F5DA86D1093A9761F02E48F00B94492037648806E15
:208FB80052006116761F02CB1A2F0200000693A9761F02E48F00B944920308A8FE0C7648CD
:208FC800805E52006105761F02CB182FFDFF0006B2BDAABD59A95AA876485D4F52005DA2B3
:208FD800612B761F02CB4A3A6D17761F02E493A18F00B94592017648806E5200611D761FA3
:208FE80002CB1A3A040076485D4F520461159A5B764865646F11761F02E493A18F00B945D6
:208FF800920108A8FE0C7648805E52006105761F02CB183AFBFF86BE8BBE0006B2BDAABDA1
:2090080059A95AA876485D4F52005DA2612B761F02CB4A3A6D17761F02E493A18F00B94656
:2090180092017648806E5200611D761F02CB1A3A040076485D4F520461159A5B76486564BD
:209028006F11761F02E493A18F00B946920108A8FE0C7648805E52006105761F02CB183A16
:20903800FBFF86BE8BBE0006761F02EE92140006761F02EE921D0006761F02EE9202000601
:20904800761F02EE920D0006761F02EE92000006761F02EE920A0006761F02EE9207000676
:20905800761F02EE92110006761F02EE92080006761F02EE92120006761F02EE9209000650
:20906800761F02EE92130006761F02EE92030006761F02EE920C0006761F02EE920400064E
:20907800761F02EE920E0006761F02EE92050006761F02EE920F0006761F02EE920600063C
:20908800761F02EE92100006761F02EE92010006761F02EE920B0006761F02EE9216000622
:20909800761F02EE92170006761F02EE922B0006761F02EE921C0006761F02EE1B15FDE869
:2090A80066068F00BBC292152BC46F0828A9FFFF8F00BBC29E1556BF01C496CC00063B1008
:2090B800761F02EE42316C0429109A016F0329109A00FF690006761F02EECC310004FFC163
:2090C80000063B10761F02EE961D2910FF6900063B10761F02EE961F2910FF690006761F97
:2090D80002EE2D0D80A93B019602351F81A7813D1EA692A6901F963D06A6FF44960D000601
:2090E800761F02EE2D0A80A93B019600351F81A7813B1EA692A6901F963B06A6FF44960A6E
:2090F8000006FE0252006005761F02EE2B036F0D3B0185A91E4228A9E10028A805F500C85E
:20910800C6E7761F02EE96032D0C3B01351F8103813F1EA6FE8292A6901F963F06A6FF4480
:20911800960C0006761F02EE2D0E80A93B019604351F81A7813E1EA692A6901F963E06A66A
:20912800FF44960E0006761F02EE2D0B80A93B019601351F81A7813C1EA692A6901F963CCB
:2091380006A6FF44960B00063B10761F02EE96162910FF6900063B10761F02EE96172910A8
:20914800FF6900063B10761F02EE962B2910FF6900063B10761F02EE961C2910FF69000638
:20915800761F02EE9E0088A92DA4801F1BA601F463071BA6FE0C620676BFFE0C6F03768039
:2091680001F433362DA8761F02DC12A69EAB94A79301761F02EE7E36962060071BA9317EA8
:2091780064072820317D6F0A1BA92C306205520056B501206F0328202C303B109220961F30
:209188002910FF690006B2BDAABDFE02761F02EE8F0003E82D001201A842FF12007D00C8CB
:20919800C6E78BA992A176487C1E761F02EE5AA9920276487C1E54A269063B01761F02EEB1
:2091A80085028BA992A176487C1E761F02EE2D02960833022D0812085621000803ABABA40F
:2091B80062032B076F0976487B54761F02EE960756210008ABA4920860032B096F0734022E
:2091C80003E8A84200C8C6E796092D113B01351F810781321EA62D1292A6901F963206A637
:2091D800FF449611351F813307A41EA62D1392A6901F963306A6FF449612351F81098134FC
:2091E8001EA6FE8292A686BE901F96348BBE06A6FF4496130006FE0288A9761F02EE9221DE
:2091F8005204642E3B018521761F02EF1E42060400C8C6E7761F02EE93A6BE002B21761FCB
:2092080002EF9FA9C2046305761F02EE0A246F04761F02EE0B241B24012C63071B24FED41E
:2092180062062824FED46F032824012C3B1092249B0AFF6900C8C787962229106F083B01FD
:209228000A21850E761F02EF56010004FE82FF69000688A9761F02EE2DA60E2F372FA9A71D
:2092380001A62BAA272F1EAC560500AB2DA612AC560301A95CA906A7FF310DA407AB8AA968
:2092480006A7FF3007AB1EA7560301A62DA9373041316D08A8A90FAB690B06A70FAB690D33
:209258006F0AA8A90FAB690706A70FAB690692A6742E000692A6722E000680A97648903CBB
:2092680088A85DA992CC55A769079FA71A31000128AB00016F0693A72BAB1831FFFE9FA670
:20927800972F93C4602293A7FFD055A9671A1A31000254A728AA0001690F93A655A9660976
:209288009EA71A31000128AB0001962F2B306F1574A67E306F0F54A667FA74A77F306F0AD9
:209298001831FFFD2BAA6F051A31000228AA00019630921954306804921A542F670992185E
:2092A8002B35543067103B101831FFFB6F0B42316D0A0A359235520569062B353B101A3197
:2092B8000004291092AB600692AA60069A12742E6F0A92AA60069A12FF69764892316F03A4
:2092C800082E001292A5542E6909922E941754A5660A92A59E17962E6F06921794A5542EB6
:2092D800562A092EFF690006764852202DA9761F02EE28A9090D36A9562F061E0006764893
:2092E80092DC2B212B222B232B242B252B262B272B282B292B2A0200761F02EF1E0476486B
:2092F80008F752016114764808F75200601E761F02EE282B4E20282E4E20282C3A4D282DC8
:2093080066CC281B40007648B1E46F0F761F02EE282B411B282E411B282C3A4D282D66CC77
:20931800281B4CCD7648B1939A007648B6D70006761F02CBB2BD4237AABD59A95AA86D3298
:2093280076485D4F5203602E7648B5F65202602A76486D91761F02EE93A95DA18F00BBB715
:2093380092007648806E761F02EE52005DA28F00BBB856B100A156B001A128A803849200C6
:209348007648805E5200600392A1610C761F02EE9A232B372B3876486564761F02CB1A37D3
:20935800000486BE8BBE0006B2BD59A976485D4F5203610576485D4F520D60167648904CEF
:209368001BA901F4631192015264650E0A3A92A1543A670D2B3A9A2676486564761F02CB75
:209378001A3700206F04761F02EE2B3A8BBE0006761F02CBB2BD433759A96D2976485D4F6B
:209388005203603B7648B5F6520261057648B5F65201603376486DA9761F02EE93A95DA1D0
:209398008F00BBB992017648806E52006126761F02EE2B39761F02CB1A37000876485D4F8C
:2093A8005204611B9A24764865646F1776486DA908A9FE0C761F02EE5DA193A98F00BBB9B7
:2093B80092017648805E52006108761F02CB1837FFF7761F02EE2B398BBE00067648909CE2
:2093C800542E68097648909C9E2E5208690A082E00086F117648909C932E9FA95308660994
:2093D8007648909C962E3B101A31000429106F039A08742EFF690006B2BDAABD76485D4F90
:2093E8005200611676488BE01BA9025864117648903C59A9764890A486A47648C7F793A980
:2093F800764890948AA292A1764892656F03764893C6922D9C64542E6807922C9C9C542EAE
:20940800562A062E6F02962E3B10FF2F2710FF5A922EFFC088A9A9A90DA6882EFF69FF5A26
:209418000200F61F561700A63F1B291086BEFF698BBE0006761F02EE02002B212B222B230E
:209428002B242B25761F02EF1E040006761F02EE2B262B272B282B292B2A0006761F02D73F
:20943800923B0006761F02D792080006761F02D792090006761F02D792120006761F02D79E
:2094480092110006761F02D792100006761F02D792100006761F02D7280A0D7A280B0BEAE0
:20945800280F0BEA280C0B8656BF140D7648088F761F02D7BEC896149C640EA9F60F1FA659
:20946800BE0596150E14F60F1FA688A99616560301A696179314FFD09718560302A696192B
:209478007648081B761F02D7960896127648081F761F02D7541467047648081F6F0292141D
:20948800761F02D728AC002996092901300928AC00CDFF4B961C300928AC0333FF4B961D7A
:20949800300928AC0CCDFF4B961E300928AC0FD7FF4B961F300928AC0064FF4B9620300835
:2094A800FF5A9209FFC088A9A9A90DA6880956BF6421FF5A0200F61F561700A63F103F136C
:2094B8003009FF5A9214FFC088A956BF322256BF0A23A9A90DA6881428240BB8FF5A0200B6
:2094C800F61F561700A63F1176480817761F02D7540967055200562A003B60039208963B1D
:2094D80028AC006430A9FF5A9209FFC088A9A9A90DA68809FF5A0200F61F561700A63F3AED
:2094E800000676485D4F5200612876485D4F52016124761F02D71825FFF6764865BE520004
:2094F8006513761F02D749256D0B922A61069CFF5232962A660F2B2A1A2502006F0B0A2ACD
:20950800922A52646807761F02D756BF642A1825FDFF1825FAF96F08761F02D71825F8F0DE
:209518002B2A1A2502002B282B292B272B260006761F02D71825F8F02B1056BF64112B12B8
:209528002B3A56BF0A3C1A2502007648945200063B01761F02D785A907381EA61E38FF2523
:20953800FB9B0FA663102901FF208CA00F38620956410038923B542067109C010A3B6F0D49
:20954800923B6F0B2901FF208CA056010038923B541C69039CFF0B3B28AC006430A9FF5AC4
:209558009209FFC088A9A9A90DA68809FF5A0200F61F561700A63F3A00063B01761F02D726
:2095680085A907361EA61E36FF25FB9B0FA663392901FF208CA00F366217564100369220A3
:20957800540869020A08CC250010FFC344256D0A764865BE52C86408761F02D71A25001033
:209588006F0A0A1B6F06761F02D7CC250010FFC352006122020107341EA68F02BF201E34E6
:20959800A8A90FA6660502001825FFEF1E34764865BE52A06316761F02D71825FFEF6F115E
:2095A8002901FF208CA056010036921C540867020B081825FFEFBE009208961A961BC23441
:2095B8007648017B5201611D761F02D740256D1743256D1348256D0C41256D0842256C1A9B
:2095C800921F5408562A06080006921E6F02921D5408562A0808000692096F092B080006D4
:2095D800761F02F4CC21FFFE60059224761F02D796080006FE027648944E5264607D442535
:2095E8006C7B921B8F0002589E1A2DA91825FFEF9209A8429E1A88A9FF20012C073400C870
:2095F800C6E7520062039A006F073B0185A91E42353C00C8C6E793ACB6002B1A2B1B551644
:20960800C334685A93A6551668575416685592A63B0185A91E42300900C8C6E793AC80A9E7
:209618005519670B5517670593159D02FFD16F0693159D01FFD06F029315880992A654A7FC
:20962800680554A769059EA86F0294A888A9541480A666055418670588186F02881480A684
:2096380028AC0029290130A728AC00CDFF4B961C30A728AC0333FF4B961D30A728AC0CCD15
:20964800FF4B961E30A728AC0FD7FF4B961F30A728AC0064FF4B962030A7FF5A9214FFC0D0
:2096580080A9A9A90DA780147E09FF5A0200F61F561700A73F11FE820006761F02D70A2FA7
:20966800B2BD542FFFE6008A883A92132B2F9EA6931380A9610492135264600392A7604BA6
:209678009233600A92A73B0185A9FF562DA9520056B20133620A92335201606692A7616102
:209688003B0185A9FF562DA935059C1E59A952646605520A6704D10A6F02D16492A7621023
:20969800520063527648664A520062167648664A5200641D761F02D756BF0A3C6F16764826
:2096A800664A520062147648664A52006405761F02D7883A6F370264761F02D7FF5A0200FC
:2096B800F61F561700A13F3C883A6F2E761F02D7793C6FFB9232600C92A73B0156BF01321B
:2096C80085A9FF56520656B4053156B3023192310A305430661992A654136706933B5520DC
:2096D8006704951C6F0C933B54136905551C69039F1C6F05881393082B327E3A973B2B30B4
:2096E8002B3356BF0A3C92A652646605520060049A006F029A6496108BBE0006761F02D72E
:2096F8000A2C542C663A881080130EA62B2C0FA7611192A6541368039E136F0392139E101E
:20970800B6140EA9F60F1FA79C01542D562A062D6F022B2D92105413680C54136915542D78
:209718006918922D941354A6660E92A69E2D6F09922D94A65264670F5413660592A6942D71
:2097280088A96F02881392A65264660552006004BE006F02BE647E100006761F02D7930DE2
:2097380061295219630928AC001992AC9E0E2DA9120D93A96F029B0028A927109EA85300FB
:2097480064061BA8271065059A006F0328A927103B01880885A98F0027101EAC564400A655
:20975800FF130271FF5A0200F61F561700A43F126F03920896127648017B52016016761F4E
:2097680002F4CC21FFFD601128AC0064761F02D73012761F02F48823FF5A92A6FFC080A9FA
:2097780088A6A9A90DA76F0D28AC0064761F02D73012FF5A9209FFC088A9A9A90DA68809BF
:20978800FF5A761F02D70200F61F561700A63F130006761F02D7960E0006761F02D7B2BD83
:20979800540959A9AABD6902590928AC006430A1FF5A9209FFC088A9A9A90DA68809FF5A42
:2097A8000200F61F561700A65AAB3B10FF6992A176481757761F02D77908793B7A137A10A6
:2097B8007A3A2910FF6986BE8BBE0006761F02D7B2BD541459A9AABD6902591428AC0064EB
:2097C80030A1FF5A9214FFC088A9A9A90DA68814FF5A0200F61F561700A65AAB3B10FF69E5
:2097D80092A17648175E761F02D779097A112910FF6992087648979586BE8BBE0006761F43
:2097E80002F0922D0006761F02F092030006761F02F0920C0006761F02F092000006761FA9
:2097F80002F092090006761F02F092060006761F02F0920F0006761F02F092070006761FB0
:2098080002F092120006761F02F092100006761F02F092080006761F02F092110006761F89
:2098180002F092040006761F02F0920D0006761F02F092020006761F02F0920B0006761F96
:2098280002F092010006761F02F0920A0006761F02F092190006761F02F092170006761F69
:2098380002F092050006761F02F0920E0006761F02F0CC2A00010006761F02F0CC2A000251
:20984800FFC00006761F02F080A92D0C52003B0156B400A7351F81A7813B1EA67F0392A65D
:20985800901F963B06A6FF44960C0006761F02F02D0980A93B019600351F81A781381EA628
:2098680092A6901F963806A6FF4496090006B2BDAABD59A85AA976485D4F520361197648C6
:209878005D4F5205611176485D4F5202610D76485D4F5206610976485D4F52106105761F3C
:2098880002F02B026F08761F02F079026F04761F02F07A022D0B3B01351F8102813A1EA6E8
:2098980086BE92A68BBE901F963A06A6FF44960B0006761F02F02D0A80A93B019601351FC8
:2098A80081A781391EA692A6901F963906A6FF44960A0006B2BDAABDFE02761F02F08F00C3
:2098B80003E82D001201A842FF12007D00C8C6E78BA992A176487C1E761F02F05AA992039A
:2098C80076487C1E54A269063B01761F02F085038BA992A12DA1761F02F012A979072D0351
:2098D800330303AB62032B066F0676487B54761F02F09606920760063B0185072B088AA9A4
:2098E8006F0B3B0185078AA985071E42340303E800C8C6E796082D0F3B01351F8106812EC8
:2098F8001EA62D1092A6901F962E06A6FF44960F351F812F07A41EA62D1192A6901F962FB3
:2099080006A6FF449610351F810881301EA692A6901F963006A6FF4496117648051F5200E1
:20991800611476486D7DFF5C59A976486D7DFF5C761F02F02DA933A12D0F120F07AB7648B4
:209928007B54761F02F09612FE8286BE8BBE000676485D4F5203FFE0008D761F02F09217B3
:2099380052C8623452966227526E621B9221600E921D520556B6051D921E523C56B63C1EB8
:20994800921F523C56B63C1F6F020B21921D61020B1D921E61020B1E921F61260B1F6F2451
:20995800921D61020B1D921E61020B1E1B1F1B5867196F17921D61020B1D1B1E1B58670277
:209968000A1E1B1F1B58670E6F0C1B1D1B5867020A1D1B1E1B5867020A1E1B1F1B5867028C
:209978000A1F56BF0A2176485D4F5202610976485D4F5205610576485D5752026112761F49
:2099880002F0921D520556B6051D1B1E03E86903281E03E81B1F17706910281F17706F0D54
:20999800761F02CB9A301A37800076486564761F02F02B1D2B1E2B1F76485D4F5203601F8B
:2099A800761F02CB48306D0B761F02F01B1F01F46916761F02CB1A3001000006761F02F0DE
:2099B800921F5232670C761F02CB1830FEFF0006761F02F02B1D2B1E2B1F2B17000600068A
:2099C800761F02F02B1D2B1E2B1F2B212B2A76486D89761F02F0962B76486D89761F02F045
:2099D800962C0006B2BDAABD5AA97648060F5200610B7648060F520161048D4003846F07E8
:2099E80076486D756F0376486D7959A9761F02CB40386D2B76485D4F5203610D76485D4F9E
:2099F8005205610976485D4F5202610576485D4F5206602D7648B5F652026029761F02F04E
:209A080093A15DA28F00BC3392007648805E5200611E761F02F02B33761F02CB9A311A382A
:209A18000001764865646F13761F02F05DA28F00BC339B0092007648806E52006108761FF7
:209A280002CB1838FFFE761F02F02B3386BE8BBE0006761F02CBB2BD413859A96D1D761F21
:209A380001FC43106C2E76486D71761F02F093A95DA18F00BC3292007648806E5200612138
:209A4800761F02F02B32761F02CB9A321A380002764865646F1676486D719C9C761F02F031
:209A58005DA193A98F00BC3292007648805E52006108761F02CB1838FFFD761F02F02B32BC
:209A68008BBE0006B2BDAABDFE0276486D8959A976485D4F5200FFE1009C764897F393A947
:209A7800764897F32DA912A886A976486D850EA91E42AAA900C8C6E7761F02F0962B92A1BD
:209A8800932B972C54A86405539656B4962B6F02792B54A86405539656B4962C6F02792CDF
:209A980076485D4F5203610D761F02F03B012D0C852B1EA61E42356400C8C6E7C2426F0D23
:209AA800761F02F02D0C3B01852C1E42356400C8C6E75621002BAB422D10961A96193564BF
:209AB80000C8C6E75419961B961C562A0317630392199617921C541A562A03186303921A28
:209AC80096185417562A021776485D4F5203611F76485D4F5205610B76485D4F520261073A
:209AD80076485D4F520661039A006F143B01761F02F085098AA91E42341808FC00C8C6E782
:209AE80034A908FCA84200C8C6E76F04761F02F09217761F02F0402A6D0ED5058F00BC31B9
:209AF8009B647648806E5200611A761F02F01A2A00016F15D5058F00BC319B557648805EA4
:209B08005200610D761F02F0182AFFFE6F08761F02F02B192B1A2B1B2B1C2B17FE8286BE9D
:209B18008BBE000676485D4F52006149761F02CB4B3A6D32761F02F08F4003E88F00BC3531
:209B2800932792017648806E52006017761F02F0D5FA8F00BC36932892017648806E520038
:209B3800600C761F02F0D5018F00BC37932992017648806E52006123761F02F02B34761F76
:209B480002CB1A3A080076485D4F520461189A5C764865640006761F02F09327D5018F0072
:209B5800BC3492019DCE7648805E52006108761F02CB183AF7FF761F02F02B340006000012
:209B6800010C02180324042F053B06460750085A09640A6D0B760C7C0D830E880F8D1090C8
:209B78001193129413941492158F168B1785187D19741A691B5D1C4E1D3D1E2B1F161FFFD8
:209B880020E721CB22AE238E246B2547261F26F527C9289929672A322AFA2BBF2C812D4128
:209B98002DFD2EB52F6B301D30CC3178322232C533673405349F353635C9365836E4376C6F
:209BA80037F0387138ED396539DA3A4B3AB73B203B843BE53C413C993CEE3D3D3D893DD17D
:209BB8003E143E533E8E3EC43EF63F243F4E3F733F943FB03FC83FDC3FEB3FF63FFD3FFF49
:209BC8003FFD3FF63FEB3FDC3FC83FB03F943F733F4E3F243EF63EC43E8E3E533E143DD169
:209BD8003D893D3D3CEE3C993C413BE53B843B203AB73A4B39DA396538ED387137F0376CB8
:209BE80036E4365835C93536349F3405336732C53222317830CC301D2F6B2EB52DFD2D4154
:209BF8002C812BBF2AFA2A322967289927C926F5261F2547246B238E22AE21CB20E71FFF08
:209C08001F161E2B1D3D1C4E1B5D1A691974187D1785168B158F14921394129411931090C5
:209C18000F8D0E880D830C7C0B760A6D0964085A07500646053B042F03240218010C0000B7
:209C2800FEF4FDE8FCDCFBD1FAC5F9BAF8B0F7A6F69CF593F48AF384F27DF178F073EF7041
:209C3800EE6DED6CEC6CEB6DEA71E975E87BE783E68CE597E4A3E3B2E2C3E1D5E0EAE00112
:209C4800DF19DE35DD52DC72DB95DAB9D9E1D90BD837D767D699D5CED506D441D37FD2BFA1
:209C5800D203D14BD095CFE3CF34CE88CDDECD3BCC99CBFBCB61CACACA37C9A8C91CC8943A
:209C6800C810C78FC713C69BC626C5B5C549C4E0C47CC41BC3BFC367C312C2C3C277C22F0C
:209C7800C1ECC1ADC172C13CC10AC0DCC0B2C08DC06CC050C038C024C015C00AC003C00120
:209C8800C003C00AC015C024C038C050C06CC08DC0B2C0DCC10AC13CC172C1ADC1ECC22FE0
:209C9800C277C2C3C312C367C3BFC41BC47CC4E0C549C5B5C626C69BC713C78FC810C89471
:209CA800C91CC9A8CA37CACACB61CBFBCC99CD3BCDDECE88CF34CFE3D095D14BD203D2BFB5
:209CB800D37FD441D506D5CED699D767D837D90BD9E1DAB9DB95DC72DD52DE35DF19E001E1
:209CC800E0EAE1D5E2C3E3B2E4A3E597E68CE783E87BE975EA71EB6DEC6CED6CEE6DEF7004
:209CD800F073F178F27DF384F48AF593F69CF7A6F8B0F9BAFAC5FBD1FCDCFDE8FEF40000F0
:209CE800010C02180324042F053B06460750085A09640A6D0B760C7C0D830E880F8D109047
:209CF8001193129413941492158F168B1785187D19741A691B5D1C4E1D3D1E2B1F161FFF57
:209D080020E721CB22AE238E246B2547261F26F527C9289929672A322AFA2BBF2C812D41A6
:209D18002DFD2EB52F6B301D30CC3178322232C533673405349F353635C9365836E4376CED
:209D280037F0387138ED396539DA3A4B3AB73B203B843BE53C413C993CEE3D3D3D893DD1FB
:209D38003E143E533E8E3EC43EF63F243F4E3F733F943FB03FC83FDC3FEB3FF63FFD3FFFC7
:209D48000000013E027B03B904F60632076E08A909E40B1D0C550D8D0EC20FF7112A125B9D
:209D5800138A14B815E4170D183419591A7C1B9C1CB91DD41EEB200021122220232B243351
:209D6800253726382735282E29232A152B022BEB2CD02DB12E8D2F653038310731D132960E
:209D78003356341134C73579362536CB376D380938A0393139BD3A433AC43B3F3BB43C2497
:209D88003C8E3CF23D503DA83DFA3E463E8D3ECD3F073F3B3F693F913FB33FCF3FE43FF432
:209D98003FFD40003FFD3FF43FE43FCF3FB33F913F693F3B3F073ECD3E8D3E463DFA3DA8EF
:209DA8003D503CF23C8E3C243BB43B3F3AC43A4339BD393138A03809376D36CB36253579AB
:209DB80034C734113356329631D1310730382F652E8D2DB12CD02BEB2B022A152923282E0B
:209DC8002735263825372433232B2220211220001EEB1DD41CB91B9C1A7C19591834170D2D
:209DD80015E414B8138A125B112A0FF70EC20D8D0C550B1D09E408A9076E063204F603B967
:209DE800027B013E0000FEC2FD85FC47FB0AF9CEF892F757F61CF4E3F3ABF273F13EF00962
:209DF800EED6EDA5EC76EB48EA1CE8F3E7CCE6A7E584E464E347E22CE115E000DEEEDDE0F7
:209E0800DCD5DBCDDAC9D9C8D8CBD7D2D6DDD5EBD4FED415D330D24FD173D09BCFC8CEF9F2
:209E1800CE2FCD6ACCAACBEFCB39CA87C9DBC935C893C7F7C760C6CFC643C5BDC53CC4C1E9
:209E2800C44CC3DCC372C30EC2B0C258C206C1BAC173C133C0F9C0C5C097C06FC04DC031AC
:209E3800C01CC00CC003C000C003C00CC01CC031C04DC06FC097C0C5C0F9C133C173C1BA0F
:209E4800C206C258C2B0C30EC372C3DCC44CC4C1C53CC5BDC643C6CFC760C7F7C893C9350D
:209E5800C9DBCA87CB39CBEFCCAACD6ACE2FCEF9CFC8D09BD173D24FD330D415D4FED5EBE1
:209E6800D6DDD7D2D8CBD9C8DAC9DBCDDCD5DDE0DEEEE000E115E22CE347E464E584E6A769
:209E7800E7CCE8F3EA1CEB48EC76EDA5EED6F009F13EF273F3ABF4E3F61CF757F892F9CE98
:209E8800FB0AFC47FD85FEC20000013E027B03B904F60632076E08A909E40B1D0C550D8D50
:209E98000EC20FF7112A125B138A14B815E4170D183419591A7C1B9C1CB91DD41EEB2000AC
:209EA80021122220232B2433253726382735282E29232A152B022BEB2CD02DB12E8D2F651D
:209EB8003038310731D132963356341134C73579362536CB376D380938A0393139BD3A43B3
:209EC8003AC43B3F3BB43C243C8E3CF23D503DA83DFA3E463E8D3ECD3F073F3B3F693F9180
:209ED8003FB33FCF3FE43FF43FFD00009A0000068D00300072A08F0090409294000608A92D
:209EE80003002BAB88A852172FA9FFE6009376C8F430290106A7560401AA1EA7C5C7762073
:209EF8001BA6C000FFE70083761F02407E2BFFEF009B1BA6C000677A761F02407E2AFFEF88
:209F080000931BA6C0006772761F02407E29FFEF008B1BA6C000676A761F02407E28FFEF98
:209F180000831BA610006662761F02407E276F7B93A65307675B761F02407E256F7493A6BC
:209F280053646754761F02407E246F6D93A65364674D761F02407E236F6693A653646746C4
:209F3800761F02407E226F5F93A65364673F761F02407E216F5893A653646738761F02408B
:209F48007E206F5193A653646731761F02407E1F6F4A93A65364672A761F02407E1E6F4340
:209F580093A653646723761F02407E1D6F3C93A65364671C761F02407E1C6F3593A653FF3F
:209F68006615761F02407E1B6F2E1BA61000660E761F02407E196F2793A653016007761F7F
:209F78000240930056B101006F1E28AB00126F1B28AB00026F18761F02407E2F6F14761FF8
:209F880002407E2E6F10761F02407E2D6F0C761F02407E2C6F08761F02407E266F04761FD4
:209F980002407E1A92AB00068D00030072A08F00901892940006761F024092170006761F6C
:209FA800024092160006761F024092150006761F024092140006761F024092130006761F8B
:209FB800024092120006761F024092110006761F024092100006761F02405C2FA8A9FF1FCD
:209FC80010008AA992C40006761F02405C2EA8A9FF1F10008AA992C40006761F02405C2D0B
:209FD800A8A9FF1F10008AA992C40006761F02405C2CA8A9FF1F10008AA992C40006761F59
:209FE80002405C2BA8A9FF1F40008AA992C40006761F02405C2AA8A9FF1F40008AA992C4BD
:209FF8000006761F02405C29A8A9FF1F40008AA992C40006761F02405C28A8A9FF1F40009F
:20A008008AA992C40006761F024096170006761F024096160006761F024096150006761F79
:20A01800024096140006761F024096130006761F024096120006761F024096110006761F12
:20A028000240961000062DA893A992AC9EA89C0188A92FA8CCA6FFFE611992A6FFC09CFF75
:20A0380088A9D000B51100A680A092AA72A7A8A90DA780AC83A992A074A7A8A90DA71EA7B2
:20A04800D80127C792C53FC596C70006B2BDAABDA2BDFE02761F0240590D5A0492A1DA8115
:20A05800612E9203612C8F009040D3002B411BA2100068038D800FFF92A254A1670259A2B9
:20A0680092A154A367025BA193A192A39DFF7648A02B92A193A27648A02B92A393A27648A2
:20A07800A02B92A394040A415BA992A1940459A992A294045AA99241540368DAFE8282BE19
:20A0880086BE8BBE0006761F02402BAB921ABE07931BAABD2DAB2B0996019702B50C00A64F
:20A098009A01B600FF66CEA856B001A792AB94A727A992AC9C012DA992AB65065208650668
:20A0A80028AB00086F0328AB0001761F02400E1976C0BCB72D1E2F225A1D581F5D205C214C
:20A0B8008823F60F1FAB3F032B0A931C21D757F77ACF78DF7DE77CEF7EFF97C7960493A982
:20A0C8009F2727A8640554AB562A04AB6F022BAB9325922688248F000FFF8F4090402B0B77
:20A0D8002B0C3F052B0D2B0E970796087E06F7A42B8586BE0006761F0240920F52016019E3
:20A0E8002B0F56BF01002819100056BF011A56BF0F1B56BF011C56BF021D56BF031E56BF97
:20A0F800041F56BF452456BF02252B2656BFFA270006761F024092005203620A52036119E5
:20A10800520061265201611D520261186F10520461045205610C6F0B0A0E1B0E025856BF98
:20A11800031868192B0E56BF050000062B0000067648A04E56BF0400000656BF0218000601
:20A128007648A08B56BF011856BF020000062B187648A0E30006761F02407680BCB78F008A
:20A138000FFF8F4090402B002B012B022B032B042B052B062B072B082B092B0A2B0B2B0CDD
:20A148002B0DF6072B86F7A42B850006761F0240B2BD9200AABD5202A2BDFFE000AC920BA6
:20A15800606A920752016159520261485203613752046126520561155206601029018F0062
:20A16800B50056030106560100A4C5C43E67761F0240540856B5010B6F4E56BF010B6F4BB7
:20A1780029018F00B50056030106560100A4C5C43E67761F0240540856B4010B6F3C2901B2
:20A188008F00B50056030106560100A4C5C43E67761F0240540856B3010B6F2D29018F004D
:20A19800B50056030106560100A4C5C43E67761F0240540856B2010B6F1E29018F00B50027
:20A1A80056030106560100A4C5C43E67761F0240540856B0010B6F0F29018F00B500560384
:20A1B8000106560100A4C5C43E67761F0240540856B1010B92010A095409663CD2002B0966
:20A1C8005BA29A012DA2761F0240FF66CE02611C2DA312048F00BCB7940A59A9A8A90DA2FF
:20A1D8008AA91BA1100068038D400FFF2901560301C48F00B500560100A4C5C43E67DB0191
:20A1E8008F009040969CDA0192A2520868DB761F024092040A0A540A66022B0A920B610A96
:20A1F80092050A0C540C6606920A2B0C56BF0300960D82BE86BE8BBE0006761F02CB4A328F
:20A208006D0A761F02F40A1192119CFF5232680B9B016F05761F02F49B002B119A98D4006C
:20A218007648B7550006761F01FC43106D089A4FD4009B007648B7559B006F079A4FD4000C
:20A228009B017648B7559B019A5FD4007648B7550006761F02CB922FFFC1CA2FFFC0CA2FE3
:20A2380044A96D05462F6D039B016F029B009AA0D4007648B755000676486D255203620A2B
:20A24800520361155200613552016133520261156F305204612E5205602C761F02F456BF8B
:20A258000A1256BF051456BF05156F0F761F02F456BF0A122B156F07761F02F456BF1412B7
:20A2680056BF0A1556BF0A1492140A135413660F921254136903921560109A58D4009B01E0
:20A278007648B755761F02F42B1300069B016F06761F02F42B122B139B009A58D4007648F7
:20A28800B7550006B2BDAABDA2BDFE0259A82DA912A19C0159A97688F26858A18DC8F0D2DE
:20A2980006A60DA4D88186A97D415CA59293CDC200017648B7552842000193425C41929B79
:20A2A80095A19742CDC20002FFD07648B7555942284200015C419342929B95A19742CDC21A
:20A2B8000004FFD17648B7555942284200015C419342929B95A19742CDC20008FFD276480E
:20A2C800B7555942284200015C419342929B95A19742CDC20010FFD37648B7555942284276
:20A2D80000015C419342929B95A19742CDC20020FFD47648B7555942284200015C419342F3
:20A2E800929B95A19742CDC20040FFD57648B75559429A01CDC2008094A15C419642FFD6E9
:20A2F800929B7648B7555942CDC201005C410A42FFD7929B7648B755CDC2020059425C41A5
:20A30800FFD80A42929B7648B755CDC2040059425C41FFD90A42929B7648B755CDC208009E
:20A3180059425C41FFDA0A42929B7648B7555942CDC210005C41FFDB929B7648B755FE82A9
:20A3280082BE86BE8BBE0006B2BDAABDA2BDFE02530427A95BA55AA42B4160048D4003E860
:20A338006F0A530356B164A16106530256B10AA156B001A12DA1350A93A992A200C8C854B3
:20A348005AA992A1612E0EA2F60F1FA15CA993A192A200C8C8545AA992A4601192A152013A
:20A35800610E9241600C9A0193AB94A8D4245DA396429A0D7648A28A27426F0C9A0193AB04
:20A3680094A85DA396419A0D7648A28A274128410001BE0A0EA1F60F1FA659A9520060D496
:20A37800FE8282BE86BE8BBE0006B2BDAABDA2BD7648944E5AA95264BE0A761F02F456B685
:20A3880064A20EA2F60F1FA65200961061039CFF96107648BCF1520161197648B5F65203A2
:20A39800611592A26145761F02F48DC8F2ADD1002B169283D4009B017648B755D901761F06
:20A3A80002F492A1541069F66F33761F02F40A16921652056809920F2B16520968049210A1
:20A3B800960F6F020A0F8DC8F2ADD1009283D4009B017648B755D901761F02F492A1541046
:20A3C80069F69210540F6714540F5B1066118F08F2ADA8A90DA38BA99281D4009B017648A5
:20A3D800B755DB01761F02F492A3540F69F69A71D4009B017648B75592A2526468109A8139
:20A3E800D4009B017648B7559A0BD400D5009B017648A32C9A0CD4009B016F049A0B9B02D9
:20A3F8005CA2D5007648A32C82BE86BE8BBE0006B2BD764897EF59A91BA1271063055200B0
:20A4080056B400A16F038D40270F9A68D4009B017648B7559A6FD4009B017648B7559A04F7
:20A418009B04D5005CA17648A32C8BBE0006B2BD76486622FF5C59A91BA127106305520018
:20A4280056B400A16F038D40270F9A97D4009B017648B7559A90D4009B017648B7559A008B
:20A438009B04D5005CA17648A32C8BBE0006B2BD76485D5B59A9D4009B019AA77648B75555
:20A448009A0B9B02D5005CA17648A32C8BBE00069A28D4009B017648B7559A08D43C9B03B8
:20A45800D5007648A32C00069AA7D4029B017648B7559A0B9B02D400D5007648A32C000681
:20A46800761F02F49217520160037648B7EF7648B89576485D4F5200614A7648A2317648C5
:20A47800A2057648665E5200640576486656520063069A39D4029B017648B7557648665E1A
:20A488001BA901F46206764866561BA901F465069A48D4029B017648B7557648A244764875
:20A49800A21B7648A41F7648A4007648A45076485D4F52046016761F02F40A18921852145F
:20A4A8006908522869032B186F067648A37D6F037648A43F9AA7D4009B017648B7556F09A1
:20A4B800761F02F42B187648A37D6F037648B746761F02F40A179217520568082B1776488F
:20A4C800B7EF7648B7887648B7C6000688A9761F02F4921960077E19971A7C1B7D1C2B1D02
:20A4D8006F020B19921A61138F007F0040CC6D09921C0A1D541D660F1ADC00012B1D00061F
:20A4E800921B0A1D541D66070B1A2B1D761F01FC1A0500010006764807FF5200611E76482A
:20A4F8005D4F5204611676485D5B5230610D76485D5B5222610576485D5B5223600E9A0A18
:20A50800D5019B036F049A059B01D500D4016F099A01D4039B016F04FF200000D400D500A6
:20A518007648A4CE0006B6009A00BE0727C59B012DA9FF67CFAB610728AC00079B0174AC9B
:20A52800FF6799A79C01000EFFF47FC40006FE025CAD5DAD2FA89641DC81DD815CA45DA508
:20A538007648A51BBE0756030841F2AA4FAA6D0492AAFF806F05560301AA1CA980052FA9C3
:20A54800000EFFF6FE820006B6009A00BE0F27C59B012DA9FF67CFAB610728AC000F9B0128
:20A5580074ACFF6799A79C01000EFFF47FC40006B2BDFE02520058A98BA42841FFFF610974
:20A56800928193417648A52FD881964192A060F95CAD5DADDC81DD815CA45DA57648A54C20
:20A57800560308419341FFD7CBA992A8FE828BBE0006B2BD7648521A76228D407F008F00EE
:20A588007C00C5A483A1C4A4DC0BDF0DDD03DE0918C7FEFF18C6FFFC1AC501001AC4010034
:20A59800761A8AA1761F01FC1A030100DC0A1AC400017648521A7648521A7648521A1AE9F2
:20A5A80001007648521AD90C1AC100018BBE0006B2BD762276807C008D007F0083A68AA67A
:20A5B800C5A0DE0DDD0918C6FEFFDF03DC0B18C5FFFC1AC701001AC40100761A8AA0DC0C6E
:20A5C8001AC40001520060041AE801006F05761F01FC1A0301007648521A8D407F008AA116
:20A5D800DC0A1AC400017648521AD90C1AC100018BBE0006B2BDAABDA2BD5BA9D207D18001
:20A5E80092A1CEA37648A5B092A1FFC059A9000AFFF982BE86BE8BBE0006B2BD76228F003D
:20A5F8007C00C4A483A4DC0BDE0DDD091AC6010018C5FFFC18C4FEFF761A8D407F008AA1E7
:20A60800DC0C1AC400017648521A8AA1DC0A1AC400017648521A761F01FC9B00CCC9010064
:20A61800FFC71A0C0001520056B001A892A88BBE0006761F01FC1A0301007648A5F500069D
:20A62800B2BD76228F007C008D407F00C5A4C4A483A1DC0BDF0DDE09DD0318C7FEFF18C66B
:20A63800FFFC1AC501001AC40100761A7648521A8AA11AE90100DC0A1AC400017648521A70
:20A64800761F01FC1A0301008BBE0006B2BDAABD59A886A4A2BD5BA97648A5819AA47648AF
:20A65800A5E27648A6215201612992A3FFC77648A5E27648A62152016121CCA300FF764833
:20A66800A5E27648A6215201611992A1611E5BA1D100DB8140A16D0792A1FFC058A99292B2
:20A67800FFC76F0692A1FFC058A9CC9200FF7648A5E27648A621520160057648A6289A018E
:20A688006F11D901000BFFE87648A628761F02B956BF013C28A9FDFF7648C5F9520061FB41
:20A698009A0082BE86BE8BBE0006B2BDAABDA2BDFE0288A893A99641CCA8FF8080A92BAACC
:20A6A80027A882A40EA70FAB610B92A79B809E4195A959A892A154A6690459A66F02D10075
:20A6B80093A69FA192A8FFC65AA9CCA8FF80EBA9964292A16110924193A17648A64E5200F9
:20A6C8006023924194A1964192A1FFC059A9A2A90DA182A992A2610EDA8192418AA39B80DF
:20A6D8007648A64E520060109B80DB407341000AFFF69242610892418AA393427648A64E41
:20A6E800520060029A00FE8282BE86BE8BBE0006B2BDD100AABDD20792A1FF8059A97648BF
:20A6F800A5F593A195A959A8000AFFF892A186BE8BBE0006B2BDAABDA2BDFE045BA859A437
:20A708005AA92841FFFF7648A5819AA47648A5E27648A62152017B43611A92A2FFC7764897
:20A71800A5E27648A62152016112CCA200FF7648A5E27648A6215201610A7648A5819AA537
:20A728007648A5E27648A621520160057648A6289A016F43924361215A439CFFD30096427C
:20A73800DA817648A6F040A36C0C724492439CFE54A3690A924493417648A52F96416F04E2
:20A74800560308A99644924254A369049A007648A5B0DB01000AFFE79A017648A5B07648F0
:20A75800A628924488A90EA10FA660165CAD5DADDC81DD815CA45DA57648A54C9241FFC71A
:20A7680088A980A156030841CAA688A906A70FA660039A046F029A00FE8482BE86BE8BBE7F
:20A778000006B2BDAABDA2BDFE025AA85BA98BA47648A5819AA47648A5E27648A621520112
:20A78800611A92A3FFC77648A5E27648A62152016112CCA300FF7648A5E27648A621520120
:20A79800610A7648A5819AA57648A5E27648A621520160057648A6289A016F2A92A261221A
:20A7A8009CFFD300DA8196417648A6F040A388A96D0893A3FFD058A8560308A696916F0969
:20A7B80092A3FFC080A9B2A90DA78AA992A672C4924154A369049A007648A5B0DB01000AEA
:20A7C800FFE59A017648A5B07648A6289A00FE8282BE86BE8BBE0006B2BDAABD8BA45AA85F
:20A7D800A2BD5BA97648A58192A3FFC6907E50A07648A5E27648A62152016114CCA300FF22
:20A7E8007648A5E27648A6215201610C92A26111DA81CCC100FF7648A5E27648A62152011D
:20A7F80060057648A6289A016F0DD901000AFFF37648A6288D8013877648521A000AFFFEFF
:20A808009A0082BE86BE8BBE0006B2BDD100AABDA2BDD301D20892A1FF8059A97648A5F503
:20A8180093A195A959A8000AFFF888A1FF2001FF0FA6610792A3D301D10072A3520568EBAE
:20A8280082BE86BE8BBE0006B2BDAABDFE0259A9764865A293A992A19EA876487C1E1BA9CF
:20A8380001F46634764865A21BA903E8642F1BA103E8642C7648055B2DA912A18BA976489A
:20A8480065A288A93B01B2A981A68BA9764865A23B0185A91E42B2A900C8C6E759A9D20093
:20A858001BA1200062071BA1080063068D4008006F038D40200092A17648795A92A1764885
:20A86800128E9A0176480B466F02D21292A2FE8286BE8BBE0006B2BDFE0259A97648056F47
:20A878002DA912A18BA9764865B288A93B01B2A981A68BA9764865B23B0185A91E42B2A911
:20A8880000C8C6E759A91BA1200062071BA1080063068D4008006F038D40200092A17648A2
:20A89800798192A1764812B19A0176480B469A00FE828BBE00069A000006B2BDAABDFE0269
:20A8A80059A9764897F793A992A19EA876487C1E1BA901F46634764897F71BA903E8642F54
:20A8B8001BA103E8642C764805A72DA912A18BA9764897F788A93B01B2A981A68BA97648F5
:20A8C80097F73B0185A91E42B2A900C8C6E759A9D2001BA1200062071BA1080063068D4035
:20A8D80008006F038D40200092A17648798E92A1764813139A0176480B466F02D21292A2B7
:20A8E800FE8286BE8BBE0006B2BDFE0259A9764805AB2DA912A18BA97648982B88A93B01B3
:20A8F800B2A981A68BA97648982B3B0185A91E42B2A900C8C6E759A91BA1200062071BA16C
:20A90800080063068D4008006F038D40200092A17648799B92A17648131A9A0176480B46BD
:20A918009A00FE828BBE0006B2BDAABDFE0259A976488BE093A992A19EA876487C1E1BA9E4
:20A9280001F4663476488BE01BA903E8642F1BA103E8642C764805FF2DA912A18BA97648A1
:20A938008BE088A93B01B2A981A68BA976488BE03B0185A91E42B2A900C8C6E759A9D200DA
:20A948001BA1200062071BA1080063068D4008006F038D40200092A1764879DE92A1764810
:20A9580013A69A0176480B466F02D21292A2FE8286BE8BBE0006B2BDAABDFE0259A976484A
:20A96800905093A992A19EA876487C1E1BA901F46634764890501BA903E8642F1BA103E808
:20A97800642C764805DF2DA912A18BA97648905088A93B01B2A981A68BA9764890503B0135
:20A9880085A91E42B2A900C8C6E759A9D2001BA1200062071BA1080063068D4008006F03C4
:20A998008D40200092A1764879C492A1764813759A0176480B466F02D21292A2FE8286BE14
:20A9A8008BBE0006B2BDFE0259A9764805E72DA912A18BA97648909088A93B01B2A981A69B
:20A9B8008BA9764890903B0185A91E42B2A900C8C6E759A91BA1200062071BA1080063065F
:20A9C8008D4008006F038D40200092A1764879D192A1764813839A0176480B469A00FE82B5
:20A9D8008BBE00069A000006B2BDAABDFE0259A97648661293A992A19EA876487C1E1BA991
:20A9E80001F46634764866121BA903E8642F1BA103E8642C764808A32DA912A18BA976482D
:20A9F800661288A93B01B2A981A68BA9764866123B0185A91E42B2A900C8C6E759A9D20000
:20AA08001BA1200062071BA1080063068D4008006F038D40200092A1764879EB92A1764842
:20AA180018459A0176480B466F02D21292A2FE8286BE8BBE00069A120006B2BDAABDA2BD94
:20AA2800FE02520059A965731BA11D4C6270761F02F0923C656C7648082F1BA91000606735
:20AA38007648082B52006063761F02F0793D76486632761F02F0963F9E3D76487C1E1BA912
:20AA480001F46655761F02F0923F9E3E76487C1E52C8684D761F02F0923D9E3C76487C1E5B
:20AA580052C86845761F02F0923D9E3C76487C1E2901761F02F056030CA98BA9923F9E3EEF
:20AA680076487C1E0EA91E42B2A900C8C6E759A9761F02F03B012DA156030C3D333F03AB3A
:20AA7800FF445AA91BA1080065221BA12000631F1BA28300651C1BA27D0063197648082F63
:20AA8800D30093A155A960067648082B93A255A9610F92A17648177A92A27648177392A17E
:20AA9800764879F892A2764879F46F02D31292A3FE8282BE86BE8BBE0006B2BD520059A96F
:20AAA800651D1BA11D4C621A7648082F1BA9100060157648082B52006011761F02F0793C3D
:20AAB80076486632761F02F0963E9E3C76487C1E1BA901F466039A006F029A128BBE000673
:20AAC800B2BDAABDFE0259A97648663293A992A19EA876487C1E1BA901F46634764866328A
:20AAD8001BA903E8642F1BA103E8642C7648082F2DA912A18BA97648663288A93B01B2A915
:20AAE80081A68BA9764866323B0185A91E42B2A900C8C6E759A9D2001BA1200062071BA12E
:20AAF800080063068D4008006F038D40200092A1764879F892A17648177A9A0176480B460B
:20AB08006F02D21292A2FE8286BE8BBE00069A0000067648082F1BA9100060057648082BD2
:20AB18005200610B28A910007648177A9A00764817739A0176480B4628A91000764879F893
:20AB28009A00764879F4761F02F02B3C2B3D2B3E2B3F0006B2BD8F00B68092D46110C5A4A5
:20AB3800D018D117DF1592C79694D0172B94D0182D9C3794D01656BF02946F2F92CC611195
:20AB4800C5A4D018D117DF1592C79694D01756BF6494D0182D9C3794D01656BF01946F1DB1
:20AB5800761F02DA880080A6761F02D80E000FA761037E006F49D022939453146318C5A48D
:20AB6800D018DF1592C79694D0172B94D117D0182D9C3794D0162B9402641EA6D1190200A9
:20AB7800F61F561700A69A013F9C6F2F92A65201611A761F02F28802D01392A654946724DA
:20AB8800A8A90DA683A9D023761F02DA92955420671BC5A4D018DF1592C79694D01756BF38
:20AB980064946FD5761F02F2D01392015494690C761F02DA9E0388A9A8A90DA683A9D0239F
:20ABA8009295542066BD9A008BBE0006B2BDD01F939480A9531E6808D01E589483A40E94B4
:20ABB800DD20564100C5D01EC4A4589483A40EA7D11E7F94DE1EDD200AC6560100C5929CF1
:20ABC800521E6803D01E2B94D01F9294521E670683A4D01FDD1F0AC59294D02088A9A39494
:20ABD80002008BBEF61F561700A692AB0006B2BDAABDFE062DA954C486A6651959A8D981DA
:20ABE800549C63135301D000691588A883A49B01DE82DD0154C56406DD019D01000EFFFC0C
:20ABF8006F0958A8D8816F0658A16F049DFF59A8D00093A1784655A069219B01809495A0C8
:20AC080059A8974592A7939C9FA965193B01761F02F285A888061E4292A774AC30A600C84A
:20AC1800C6E71EA7FF5864060EA60FA763050EA66F0702001EA7C3446F04784502001E448B
:20AC28005CADAAA9DC8680A46104C4A2F6032486FE8686BE8BBE000652006007761F02DA7B
:20AC3800930260039A01000652646806761F02DA930156B163A90006B2BDAABDA2BDFE12DC
:20AC48005CADDC865DA45CAD76C8F2C0DC8AF60324855CA476C8F2C4F60324847648AB324F
:20AC58005200FFE0012BD0208D80B6808F00B60292927648ABAED120D022969A8F00B64032
:20AC680092927648ABAED1225DADD021969A8AA2DD8693EA88A59292DC0C7648ABDF5DADDC
:20AC7800D0228AA2DD8A93F2929288A5DC077648ABDFD5006F7FA348A8A9A952761F02F2B3
:20AC88000DA5A3442D4A80465A4909231EA6A950934592C4974C9306974B5201611B9A1F36
:20AC980028AB007C36A92DA71E4EC54E37AB16A20DA507A776C8E8D007A78AA99A1F36A9B2
:20ACA8008BA958C4164C0DA507A107A78AA99A7C6F1A9A1528AB005436A92DA71E4EC54EF8
:20ACB80037AB16A20DA507A776C8EF2E07A78AA99A1536A98BA958C4164C0DA507A107A7FE
:20ACC8008AA99A545BC48A4E37A9A9A90DA507A407A78AA9A9A95AC40DA507A107A78AA939
:20ACD800875293A39FA080C40EA8566500A92D4B36A0560100AB8752934B92A7A9A480A8FB
:20ACE8009EA20EA9566500A92D4B36A28750560100AB565D00A4C342564400AB00C8C6E7B2
:20ACF8001EA7A8A907A7804BC34200C8C6E7DD0196C68F00B68092E454A5FFE6FF7ED12072
:20AD0800809CD02393A7559469349CFF27A9A8A90DAB83A9D02392A75495680F92C4520187
:20AD18006108C5A4761F02F29202DF1796C76F30D11756BF649C6F26BE0092AB54A6692B1F
:20AD2800A8A90DA683A9D02392A75495671092DCD01793C4761F02DA94A69694530156B074
:20AD380016A056B1011656B002946F15DE016FE692C45202610BC5A4761F02F29201DF1742
:20AD480096C7D01656BF01946F06D1172B9CD01656BF029492C452016106D0139A649E9426
:20AD580088A96F04761F02DA881328AC006492A6D113D01774AC129C2DA63394D117BE647E
:20AD680094ABD0170EA9F60F1FA6969C92947648AC34C5A4DF15D117D01893C79794D01795
:20AD78009694D01802642D9C1EA63794D0190200F61F561700A63F94FE9282BE86BE8BBEA8
:20AD88000006FE085CADDC845DA45CAD76C8F2B7DC88F60324855CA476C8F2BBF6032484B3
:20AD980076485D4F5200615276485D4F5201614E761F02DA92216203931A6108931A5444DC
:20ADA8006408530160322B1A6F0356BF011A931A5301602B761F02CB412F6D1C402F6D157A
:20ADB8005CADDC845CA4BE03D00054C46306DC01D801000EFFFC6F195CADDC885CA4761FB7
:20ADC80002D8929496016F11761F02DA56BF641B6F04761F02DA2B1B761F02D82D01761FF3
:20ADD80002DA12152D1B6F09761F02D82D01761F02DA12152D13211B961C02641EA6371CB8
:20ADE8000200F61F561700A63F1DFE880006F6212B84000652006006761F01C847046D0F90
:20ADF8006F10520161085202600C761F01C847246D066F07761F01C847146C039A000006C6
:20AE08009A01000652006006761F01C846056D0F6F10520161085202600C761F01C84625E8
:20AE18006D066F07761F01C846156C039A0000069A0100065200611152016006761F01C8ED
:20AE2800CC1500806F0E52026006761F01C8CC2500806F079A000006761F01C8CC050080DE
:20AE3800FFC6000652006006761F01C8CC0700FF000652016006761F01C8CC1700FF000642
:20AE480052026006761F01C8CC2700FF00069A000006520061115201610952026012761F5E
:20AE580001C81A24000197290006761F01C81A14000197190006761F01C81A0400019709AC
:20AE6800000680A888A929018F40BAFA560301A9560100A583C592C5520160039A016F124E
:20AE78003B10A8D57FCD8AD556BF01C592A6FF6993C47648AE510201560100D50BCD291078
:20AE88009A00FF6900065200610F520161085202600F761F01C81824FFFE0006761F01C866
:20AE98001814FFFE0006761F01C81804FFFE000688A929018F00BAFA560301A6560100A455
:20AEA80092A68AC47648ADF25200601192CC60062BC492A67648AE8B000683D492A693C515
:20AEB8007648AE510201560100D40BCC0006520080A988A8600A761F01C8CCA60001CD01FE
:20AEC800FFDFFF84CAA8960192A75201600A761F01C8CCA60001CD11FFDFFF84CAA89611E1
:20AED80092A75202600A761F01C8CCA60001CD21FFDFFF84CAA8962100065200610F5201FF
:20AEE80061085202600F761F01C81824FFFD0006761F01C81814FFFD0006761F01C818047C
:20AEF800FFFD00065200610F520161085202600F761F01C81A2400010006761F01C81A14C8
:20AF080000010006761F01C81A04000100065200610F520161085202600F761F01C81A24C2
:20AF180000020006761F01C81A1400020006761F01C81A040002000692F460039A0200066E
:20AF2800C5D492C796C5C4E483D40BF406A60DFC19010FA56104DD01A0D46F02C2D49A00E3
:20AF3800000683A43B1029017680BAFA560301A9560100A6C4C6FF698AE67648AF24291081
:20AF48009B00FF69520256B101A892A800062DA9B2BD27A828A90205AABD36A98D80A04083
:20AF5800560100A288CA8D0002026F0B88CA3F9292AB56B1019292A652FF67030ACA88CA70
:20AF6800AAA90DA609028AA992AC7648AF39520061EE92CA61158D0002029392600C8D007F
:20AF780002018D40020096C22BCA9392929A7648C6266F06AAA9FF11010186A90BC286BE85
:20AF88008BBE000680FC88A927F42BAA0EA70FAB611183C47EC5C4E40AF483C406A60DFCB0
:20AF980019010FA56104DD01A0C46F02C2C49A00000606E48AC40FA46103DC816F040DA7BA
:20AFA80019018AA97EC49A01000688A929018F00BAFA560301A6560100A48AC492A68AE4CC
:20AFB8007648AE0A5200601192A67648AE3A2DA97648AF8A761F02F5920152FF670658015F
:20AFC8008F00B3000A012194000629018F00BAFA560301A9560100A48AC492C400062DA976
:20AFD8007648AE2288A880A4520161088F00BD44A8A90DAC83A92BC56F078F00BD44A8A9AE
:20AFE8000DAC83A90AC592AC7648AFCD520060088F00BD47A8A90DAC8AA92BC46F078F009F
:20AFF800BD47A8A90DAC8AA90AC492A654C5680492A754C467162BC52BC43B1092AC9B009C
:20B00800FF697648AEBF92AC9B017648AEBF8F00BCC09A0636A9560100A42BC42BCC2910EC
:20B01800FF6900062BF496FCA0C4A0D4A0E40006B2BD80A827A928AC0006761F02F559A4CD
:20B028007680BCC0290130008F00BAFA2DAB560100A692AC560301A9560100A4AABDA2BD22
:20B0380056030300C2C48F00BBE0560100A45BA5830292A7A8E67648B01A8D80A0400EA979
:20B04800D500560100022BC628A9020536A9560100A22BCE0A00FF2002058AA27648C875C9
:20B058008D00020192A18D4002007B92969A82BE86BE8BBE00062DA928A902058F00A14117
:20B0680036A9560100A400062DA928A902058F00A04236A9560100A400062DA928A902053B
:20B078008F00A04036A9560100A492C40006761F02E0E2AF0010E68C000077007700BFA933
:20B088000F120006761F02DF92180006761F02DF921C0006761F02DF92170006761F02DF96
:20B0980092160006761F02DF92140006761F02DF96180006761F02DF961C0006761F02DFFA
:20B0A8009617000676485224761F02DF96007648B5F6520260347648904C761F02DF9300A1
:20B0B8009FA953C8970162071B01FF3863062801FF386F0356BFC8012D021201942E96040A
:20B0C8001BA90AF062071BA9F51063062804F5106F0328040AF02D033B01120185A9072E64
:20B0D8001EA68F000AF01E2EA8A90FA66407FF24FF510F2E5648022E0006A82E0006761F59
:20B0E80002DF0200280008FC2B012B0456BF19052B062B072B092B0A56BF010B2B0C2B0D4F
:20B0F8002B0E2B0F2B102B122B131E2E0006FE02761F02DF9321921F9EA8971E96205214CB
:20B1080062061BA9FFEC56B414206F0356BF1420E2C80020E2AF0132E700000AE3004B3634
:20B11800E71000D2E71000C9E8121242AD146205E8161242AD146303E8021241E2C8021D99
:20B128007700E6940011AD146213921D3B01FF5C85A9BDA90F1A7700770077007700E68981
:20B1380000127700E6960011E20301306F03E2030230E2AF0134E70000427700E710009B4A
:20B148007700E8121243AD146208E8161243AD146404E20303366F05E8021240E203003691
:20B15800FE820006E20304BD761F02E0E594E590E20305BDE593E592E591E20306BDE59518
:20B16800E2030430E596E2030012E2030018E203001AE203001CE203001EE2030020E20352
:20B178000022E2030332E2030234E2030136E2030038E203052EE20307BDE2030616E597E9
:20B18800E2030714E2AF07BEE2AF06BEE2AF05BEE2AF04BE0006E20304BDE801FFF8E801E0
:20B19800FBFBE802012A761F02E0E801FFFCE20305BDE80204F9E80C5048E8020015E80E22
:20B1A8009103E80ED91AE20306BDE80BCD3CE2030024E80204FEE809C435E80D5CF9E80154
:20B1B800FBF8E203033CE203023EE20307BDE203043AE80DABA6E80201EFE203052CE80948
:20B1C8003DD8E203062AE2030026E80A0907E80200D0E2030728E8085530761F02E1E20390
:20B1D8000100E2030002E2AF07BEE2AF06BEE2AF05BEE2AF04BE0006E20304BDE801FFF891
:20B1E800E801FBFBE802012A761F02E0E801FFFCE20305BDE80204F9E80C6A80E802015D44
:20B1F800E80E9103E80ED91AE20306BDE80CD35CE2030024E80207FEE80C91D5E80E0DF1B3
:20B20800E801FBF8E203033CE203023EE20307BDE203043AE80C63F6E802054FE203052C94
:20B21800E8093DD8E203062AE2030026E80E5C97E80200D0E2030728E8085530761F02E14C
:20B22800E2030100E2030002E2AF07BEE2AF06BEE2AF05BEE2AF04BE0006E20304BD761FA6
:20B2380002DFE593E594E20305BDE592E5912B282B29E590E5950200E203033EE203043CAD
:20B24800E203053A761F02E0E2030200E2030102E2030010761F02DFE2AF05BE1E38E2AFD6
:20B2580004BE0006761BFFF00005ABBDA8BDA0BDC2BDC3BDE20000BDE20300BDE20301BD7C
:20B26800E20302BDE20303BDE6300600FF69294256169A027648AEA0761F003356BF8021FC
:20B27800E2AF03BEE2AF02BEE2AF01BEE2AF00BEE28000BEC5BEC4BE83BE8ABE87BE00037E
:20B288003B30FFF176177602761BFFF00005ABBDA8BDA0BDC2BDC3BDE20000BDE20300BD57
:20B29800E20301BDE20302BDE20303BDE6300600FF69294256169A027648AFAD761F0033D1
:20B2A80056BF8021E2AF03BEE2AF02BEE2AF01BEE2AF00BEE28000BEC5BEC4BE83BE8ABEE0
:20B2B80087BE00033B30FFF176177602761BFFF00005ABBDA8BDA0BDC2BDC3BDE20000BD81
:20B2C800E20300BDE20301BDE20302BDE20303BDE6300600FF69294256169A017648AEA0D6
:20B2D800761F003328210100E2AF03BEE2AF02BEE2AF01BEE2AF00BEE28000BEC5BEC4BEDD
:20B2E80083BE8ABE87BE00033B30FFF176177602761BFFF00005ABBDA8BDA0BDC2BDC3BD67
:20B2F800E20000BDE20300BDE20301BDE20302BDE20303BDE6300600FF69294256169A0113
:20B308007648AFAD761F003328210100E2AF03BEE2AF02BEE2AF01BEE2AF00BEE28000BE97
:20B31800C5BEC4BE83BE8ABE87BE00033B30FFF176177602761BFFF00005ABBDA8BDA0BD30
:20B32800C2BDC3BDE20000BDE20300BDE20301BDE20302BDE20303BDE6300600FF692942EA
:20B3380056169A007648AEA0761F003328210100E2AF03BEE2AF02BEE2AF01BEE2AF00BE8F
:20B34800E28000BEC5BEC4BE83BE8ABE87BE00033B30FFF176177602761BFFF00005ABBDA2
:20B35800A8BDA0BDC2BDC3BDE20000BDE20300BDE20301BDE20302BDE20303BDE6300600CB
:20B36800FF69294256169A007648AFAD761F003328210100E2AF03BEE2AF02BEE2AF01BECD
:20B37800E2AF00BEE28000BEC5BEC4BE83BE8ABE87BE00033B30FFF176177602761BFFF090
:20B38800A8BDA0BDC2BDC3BDE20000BDE630060029425616761F0148C504BE96761F02E5DB
:20B3980006A70314761F02E4FF5A2B16761F02E42B170200761F02E42B18F61F561700A617
:20B3A80092AB1BA937CE680D1BA96F9B660A761F02E49615761F02E5C312761F02E5C31402
:20B3B8008F00520083A4761F0148DC15DD181AC500021A180001761F00331AC4000856BFD2
:20B3C8000821E28000BEC5BEC4BE83BE8ABEFFF176177602761BFFF0E20000BDE63006005E
:20B3D80029425616761F01161A2A0001761F003356BF0421E28000BEFFF176177602761BE5
:20B3E800FFF0E20000BDE630060029425616761F010A1A2A0001761F003356BF0421E2807B
:20B3F80000BEFFF176177602761BFFF00005A8BDA0BDE20000BDE6300600294256168F001A
:20B40800740083A4D009DD081AC5000140946C08DC0A761F01D01AC400011A080001761FC0
:20B41800003356BF0121E28000BE83BE8ABE0003FFF176177602764865C6761F02F2960DF4
:20B42800764865B6761F02F2960E764865CE9B0A00C8C787761F02F2960F764865BE9B0A9E
:20B4380000C8C787761F02F296107648664A761F02F22DA9350A96117648662E761F02F221
:20B4480096127648944E761F02F2960876489436761F02F2960A7648083B761F02F28809A9
:20B458000EA90FA661067648083B761F02F296097648088F761F02F2880C0EA90FA6610693
:20B468007648088F761F02F2960C7648943E761F02F2880B0EA90FA661067648943E761FA0
:20B4780002F2960B920C6105920B61039A0100069A000006B2BD7648B4235200FFE100CBD8
:20B488008809D0128F00B68080940EA60FA76103D0127E94880BD01580940EA60FA761033C
:20B49800D0157E94880CD01E80940EA60FA76103D01E7E947648664A520062418F40B680D1
:20B4A800C5A5761F02F2920EDF2096C7C5A593103B01D022DF2197C78511FF5693C596958E
:20B4B800530261288AA5C4A556BF06ED56BF04F556BF1FE576C0B6FA8D00BD3ADD07DC0C99
:20B4C800F6052B84DE0CD403F60524862BC5761F02DA2D1E12809B0A00C8C84F9685000C6B
:20B4D800FFF78F00B6027648ADEF8F00B6407648ADEF761F02DA56BF02006F408F40B680A2
:20B4E800C5A5761F02F2920DDF2096C7C5A593103B01D022DF2197C78511FF5693C596954F
:20B4F800530161288AA5C4A556BF05ED56BF04F556BF15E576C0BD318D00BD36DD07DC0C2B
:20B50800F6052B84DE0CD403F60424862BC5761F02DA2D1E12809B0A00C8C84F9685000C2B
:20B51800FFF78F00B6027648ADEF8F00B6407648ADEF761F02DA56BF01008F00B68092C4FB
:20B52800520161032BDC6F0356BF5003C5A4761F02F29208DF1396C7C5A4920ADF1496C73B
:20B53800C5A49212DF1F96C776485D4F5200610576485D4F5201600E761F02F2D0168F0040
:20B54800B680D11792082B94D01A969C2B94D01B96948BBE0006761F02F256BF5A0156BF1F
:20B558001402280627102803015E56BF32042805025856BF010700068F00B6027648ADEF38
:20B568008F00B6407648ADEF7648B5530006761F02DA92016025761F02CB402F6D1C761FA0
:20B5780002F240076C2F761F02DA2D12761F02F21203761F02DA541F6622761F02F2920404
:20B58800761F02DA5422681B761F02F292050A0054006618761F02DA56BF01016F10761FA1
:20B5980002CB402F6D0F761F02DA2D12761F02F21203761F02DA541F69052B01761F02F286
:20B5A8002B000006761F02DA92026009761F02CB412F761F02DA56BD01020006761F02CB23
:20B5B800412F6D04761F02DA2B020006761F02BD92040006761F02BA92040006761F02BAC0
:20B5C80092240006761F02BA92100006761F02BA92030006761F02BD92000006761F01053B
:20B5D800922B0006761F0101922B0006761F02BA92010006761F02BA92050006761F0105C3
:20B5E800922D0006761F0101922D0006761F02BA92020006761F02BB921C0006761F02BAE0
:20B5F80092000006761F02C3960F0006761F02C396100006761F02C3961C00063B10761F9E
:20B6080002BA96012910FF6900063B10761F02BA96022910FF690006761F02BB020056BFE4
:20B6180001062B032B042B082B092B0A2B0B2B162B172B152B1A2B1B2B192B022B0C2B1C9F
:20B628001E000006761F02BA56BF02067648B6140006B2BD8D0001A002008F00AF408F40F6
:20B63800BD4D761F02C3BE008D4001A21E942BC52BCD2BD58D0001882B1D2B142B172B9428
:20B64800C29C8D0001892B948D00018A2B948D0001A41E948BBE00067648B631761F02BAAE
:20B6580056BF02060006B2BD5200AABD5AA9A2BD6132761F02BA9200606CD1408F404000C3
:20B66800D040761F01012B9D8F004100CC95FFDFD1405010D0409600DD0CCC00FFBF5080EA
:20B678009600761F01051AC500032B9CCC94FFDF5010DC0C9600CC00FFBF761F02BA508011
:20B68800931B761F01059600761F02BA971C1AC400036F3F8F004000D140D042289C055520
:20B69800C4A483A4289405558DC0FFFFD06CD142DE0CDD6B18C6FFFC1AC5FFFF8F40FFFF9E
:20B6A800A094D0408F404100C5A5C4A528950555D06CDF0CDE6B289D055518C7FFFC1AC6FB
:20B6B800FFFFA2957622A8A9099B8AA9A0A9099B83A91AC400041AC50004761A7648B62A71
:20B6C8007648B6547648B0E77648B15A7648B235761F02BA82BE7A0086BE8BBE00063B10EE
:20B6D800FF697648B65B2910FF690006761F02C356BF640656BFC50B56BF1D0C280D0280C1
:20B6E800280EFD8056BF180F281002BC56BF1811281C04E32B1D2B142B1700067648B6DED3
:20B6F800761F02BA92077648B5FA761F02BA92087648B5FE761F02BA92097648B602761F88
:20B7080002BA56BF02060006761F02BB02002B032B042B082B092B0A2B0B2B0C1E00000664
:20B71800761F02BB2B162B172B152B1A2B1B2B19761F02BC2B070006761F02BB56BF140522
:20B728002810119D2811106C280E36F1280F16F0280D100056BF011456BF0F182B0B2B0AB6
:20B738002B092B082B042B192B1B2B1A2B152B172B160006761F02BA92040006BEFE8F008B
:20B74800B400B50900A692C41AA90200CCA9FE019684770077007700000652FF58A988A833
:20B75800672992A452026005761F02D31A3F020052FF611C52026006761F02D3CC3F01E0AF
:20B76800610392A460178F40B400A0A90DA083A9CCC5FC1F93A9CCA60001FF88CAA893A480
:20B77800910FFF94CBA997C500068F00B4001894FC1F0006BE327700000EFFFFFF690006B7
:20B78800761F02D3CC3F01E0FFC46008493F6C0D183FFE3F1A3F00206F089CFF183FFE1F8C
:20B79800900F560305A9983F183FFDFF000652006117761F01FC1A0508007648B78247A852
:20B7A8006D041A0504006F031A0304007648B7821A0308007648B782FF909CFF60EB0006CC
:20B7B800560304A993A99A047648B79F0006560303A993A99A057648B79F0006761F01FCEB
:20B7C8001A1400107648B7829A0A7648B7B89A007648B7BF8F40B400D4FE761F01FC1A0587
:20B7D80008007648B78249856D041A0504006F031A0304007648B7821A0308007648B7824A
:20B7E800000CFFED1A1200107648B78200068F007F0083A4DD031AC508007648B78283A4F6
:20B7F800DD141AC500107648B7829A087648B7B89A089B527648B79FDC121AC4001076484E
:20B80800B782761F01FC1A1400107648B7829A087648B7B89A089B307648B79F761F01FC3E
:20B818001A1200107648B7821A1400107648B7829A087648B7B89A089B0A7648B79F761FE9
:20B8280001FC1A1200107648B7821A1400107648B7829A087648B7B89A089B087648B79F73
:20B83800761F01FC1A1200107648B7827648B7821A1400107648B7829A087648B7B89A088E
:20B848009B027648B79F761F01FC1A1200107648B7821A1400107648B7829A087648B7B866
:20B858009A089B067648B79F761F01FC1A1200107648B78200068F00B400BEFE1884FC0116
:20B86800000EFFFE761F01FC1A1400107648B7829A0A7648B7B89A007648B7BF8F40B400CC
:20B87800D4FE761F01FC1A0508007648B78249856D041A0504006F031A0304007648B78242
:20B888001A0308007648B782000CFFED1A1200107648B7827648B7EF00068F00B400BEFEF0
:20B898001884FDFF000EFFFE0006761F01FC1A1200200006761F01FC1A1400200006761F88
:20B8A80002F292170006B2BDA2BDFE0227A98BA592C4C44AA842824C600993C1761F02F2AD
:20B8B80056B101C456B1011E614254C1622E761F02F256BF071E93C69DF155AB62082BC433
:20B8C8002BC12BC356BF061E9A016F330AC393C3530A651456BF011A761F02CB9A009B034D
:20B8D8001A2F04007648C6268A422BC12BC3761F02F22BC456BF041E6FE8C54293C797C1F4
:20B8E8000AC756BF051E6F1393C69D1455AB64092BC42BC12BC3761F02F256BF031E6FD572
:20B8F80096C1761F02F20BC456BF021E9A003FC6FE8282BE8BBE0006761F02F2921A6123E5
:20B90800921C0A239C145423670976488CBF52006005761F02F22B232B1A76485D4F520510
:20B91800610976485D4F5202610576485D4F52066005761F02F22B232B1A761F02CB1A2F93
:20B9280004000006761F02CB182FFBFF0006FE047648B5F65203601D764808BB52006119C2
:20B93800761F02F2921B601376488C238F40BCA08F00BCA2A042A8448F40BCA18F00BC99E3
:20B948007648B8AB520056B0051B6F0A0B1B6F08761F02F22B192B2156BF051B2B223B104A
:20B95800921996182910FF69FE840006761F02F22B162B130006B2BD7648662E560305A977
:20B968009B0500C8C78759A976488BF893A19FA91BA8012C6409761F02F20A249224527EB0
:20B9780064082B1F6F05761F02F256BF011F2B248BBE0006B2BDAABD7648B95E9A00764826
:20B98800C5F959A941A16C3776488EAB7648751C76488CF67648908C5AA9764898279EA23A
:20B9980076488D5C764890445AA9764897EB9EA276488CD27648C7F776488D3576488E1D52
:20B9A8009A6476488DB09A6476488F4D764852499B0A76488FAB28A903E89B7D76488FD007
:20B9B80028A904B09B0A764890069A0376488F2C7648B96340A16CC376488E3C9A0576480C
:20B9C8008EAF9A027648C482761F02F296176FB7761F02F292150006761F02F2921F0006B0
:20B9D800FE0276488BDC761F02F28F0001B82DA9A842121400C8C6E7FF5CFE829613000674
:20B9E800761F02F392120006761F02F392150006761F02F392140006761F02F39213000669
:20B9F800761F02F396140006761F02F396130006761F01FC88A9CD082000FFDCCC08100045
:20BA0800FF90FFCB761F02F394A89615931C612E761F01FC4C086C0C761F02F392A60A18D4
:20BA18005418660D761F02CB1A3002006F08761F02F32B18761F02CB1830FDFF761F01FC05
:20BA28004D086C0C761F02F392A60A1954196612761F02CB1A3004000006761F02CB183007
:20BA3800FBFF761F02F32B190006761F02CB1830F9FF0006B2BDFE02764806C7761F02F3F4
:20BA480052009612616752016103520260637648904876487C1E2DA93546FF030A418BA98E
:20BA580076486D6D3B0108A9FED485A91E42B2A900C8C6E7761F02F39C1E961E76486602FB
:20BA680076487C1E2DA9BE193507C242FF01062700C8C6E7761F02F39C1E961F764865B209
:20BA78002DA9BE1E3507C242FF0300AF00C8C6E7761F02F39C1E96207648664E76487C1ED2
:20BA88002DA9BE053507C24219D200C8C6E7761F02F39B009C1E5673001E962180A89A0026
:20BA9800971E9B00567200215673001F88A927A89621971F9B0092AB56730020567200A7D0
:20BAA800972055A9562B06A993A655A9690492A66F029A0093125301610653026104530342
:20BAB80060029214520060032B1C6F0356BF011C28AC004B3B013014FF4096131BA90EA6C7
:20BAC800690328130EA676485D4F52006113761F02F30A1D921D52FA690D9213761F011561
:20BAD800962B761F02F31B1D012C6908281D012C6F05761F0115282B02EEFE828BBE00068A
:20BAE8007648BA429AFA7648BA0000063B10761F02E796132910FF6900063B10761F02E790
:20BAF80096122910FF690006761F02E792320006761F02E792190006761F02E7921800063A
:20BB0800761F02E792110006761F02E792220006761F02E7921E0006761F02E7921D000657
:20BB1800761F02E7922B0006761F02E792200006761F02E792240006761F02E7921F000627
:20BB2800761F02E792100006761F02E792130006761F02E792120006761F02E7921400065C
:20BB3800761F02E7922100063B10761F02E796322910FF6900063B10761F02E796192910CD
:20BB4800FF6900063B10761F02E796182910FF6900063B10761F02E796112910FF6900063A
:20BB58003B10761F02E796222910FF6900063B10761F02E7961E2910FF6900063B10761FA1
:20BB680002E7962B2910FF6900063B10761F02E796242910FF6900065200610A52016103CE
:20BB780052026009761F02E756BF01116F04761F02E72B11761F02E7961000063B10FF6941
:20BB88007648BB742910FF6900063B10761F02E796212910FF69000676486DD5761F02E764
:20BB9800961476486DD9761F02E7961500067622761F010956BF0509761F010D56BF050990
:20BBA800761A761F02E72B1276486DD5761F02E7961476486DD9761F02E7281703E828181E
:20BBB80003E82B1F2B2056BF6424961576486DD5761F0109962376486DD5761F010D9623F1
:20BBC80076486DD58F4042008AA5D06B9695DC6D92C42BC476486DD58F4043008AA5D06BAD
:20BBD8009695DC6D92C42BC40006761F02CB0A2E542E66182B2E0A030A050A070A090A0B46
:20BBE8000A0D0A0F0A110A130A150A170A190A1B0A1D0A1F0A210A230A250A270A290A2ADE
:20BBF8000A2C92026107520367051B030E1069032B022B0392046107520367051B050E103A
:20BC080069032B042B0592066107520367051B070E1069032B062B079208610752036705BE
:20BC18001B090E1069032B082B09920A6107520367051B0B0E1069032B0A2B0B920C610711
:20BC2800520367051B0D0E1069032B0C2B0D920E6107520367051B0F0E1069032B0E2B0F2A
:20BC380092106107520367051B110E1069032B102B1192126107520367051B130E1069036F
:20BC48002B122B1392146107520367051B150E1069032B142B1592166107520367051B1756
:20BC58000E1069032B162B1792186107520367051B190E1069032B182B19921A610752033E
:20BC680067051B1B0E1069032B1A2B1B921C6107520367051B1D0E1069032B1C2B1D921E2D
:20BC78006107520367051B1F0E1069032B1E2B1F92206107520367051B210E1069032B2040
:20BC88002B2192226107520367051B230E1069032B222B2392246107520367051B250E10D3
:20BC980069032B242B2592266107520367051B270E1069032B262B2792286107520367054E
:20BCA8001B290E1069032B282B29922A6107520367051B2B0E1069032B2A2B2B922C610781
:20BCB800520367051B2D0E1069032B2C2B2D00068F40B2F48F00B2EFF6092B85F6042B8427
:20BCC8000006761F02DB921C0006761F02DB921B0006761F02DB921D0006761F02DB921EC2
:20BCD8000006761F02DB92380006761F02DB92120006761F02DB92130006761F02DB9222A5
:20BCE8000006761F02DB92200006761F02DB92170006761F02DB92060006761F02DB9215C2
:20BCF8000006761F02DB92160006761F02DB92100006761F02DB921100063B10761F02DB14
:20BD0800961C2910FF6900063B10761F02DB961B2910FF6900063B10761F02DB961D291004
:20BD1800FF6900063B10761F02DB961E2910FF6900063B10761F02DB96122910FF69000679
:20BD28003B10761F02DB96132910FF6900063B10761F02DB96222910FF6900063B10761FF2
:20BD380002DB96172910FF690006AABD761F02DB31000200D000D200D500D400B600BE00EF
:20BD48002B092B17A92C1E38AA243A26A02AA834C336C23086BE000652002DA960037648E8
:20BD5800BD3D761F02DB210600063B10FF697648BD542910FF6900063B10761F02DB9615A1
:20BD68002910FF6900063B10761F02DB96162910FF6900063B10761F02DB96102910FF6900
:20BD780000063B10761F02DB96112910FF6900060006761F02DB1B1705DCB2BD621528A958
:20BD880005DC9E17D16B8F00440093A99620961FD06D28A905B49E17979C962154A8562A6D
:20BD98000820922096948BBE00061EA692A5FFCC900194A4560301A98AA688A97622290183
:20BDA8000EA5FF479B00901F1EA72DA7A8A90DA68AA90203563BFF55CEC4CFCC1EA6CCA51C
:20BDB80000030EA9563BFF5A06A6CAABCBAA1EC4761A000627A8FFDC910195A9560301A83D
:20BDC8005DA9762229010EABFF479B00901F1EA72BAAFF207A002DA70DA58AA90203563BC8
:20BDD800FF55CEC4CFCC1EA6CCAB000327A9A9A9563BFF5A06A6CAABCBAA1EA6FF207A008D
:20BDE8000DA58AA9C2C4761A000627A8FFDC910195A9560301A85DA9762229010EABFF47F7
:20BDF8009B00901F1EA72BAAFF207A402DA70DA58AA90203563BFF55CEC4CFCC1EA6CCAB63
:20BE0800000327A9A9A9563BFF5A06A6CAABCBAA1EA6FF207A400DA58AA9C2C4761A0006D7
:20BE18002DA9CDACFF0080A888A8FF2001000FA7611180A6FF2002000FA7610A88A6FF2067
:20BE280003000FA66103BE006F06BE066F04BE046F02BE0202011EA7CCAC00FF2DA906A7BF
:20BE3800563B1EA706A6FF1503C98AA9BE0006A7CEC4CFCCFF5856B001A692A600062DA925
:20BE4800CDACFF0088A8611880A6FF2001000FA7611180A6FF2002000FA7610A88A6FF2096
:20BE580003000FA66103D4006F08D40E6F06D40C6F04D40A6F02D40802011EA68D007920A1
:20BE6800CCAC00FF2DA906A6563B1E940006761F02F492300006761F02F4962F0006761F3A
:20BE780002F4962D0006761F02F4922D0006761F02F4CC2C00010006761F02F42B2C764871
:20BE8800BCC076482E1E76487B229A00D405D50C9B967648B0209A01D405D50B9B96764863
:20BE9800B0207648A13376486BAB764892E776488F3E764899C876489520761F02F41A2C2F
:20BEA80000010006764873D3764870BB764873710006B2BD7648BE849A007648C5F959A957
:20BEB8004CA16C169A007648BF45761F02F4922D52016109520261059A00764840A66F0829
:20BEC800D4026F02D4019A029B007648C64B4BA16C169A017648BF45761F02F4922D5201D0
:20BED8006109520361059A01764840A66F08D4026F02D4009A029B017648C64B44A16C0DEF
:20BEE80076480905520061099A0176480B35764819D29A0076480B3541A16C0D76480905B1
:20BEF800520061099A0176480B3576481A329A0076480B3542A16C0D76480905520061094F
:20BF08009A0176480B357648197D9A0076480B3540A16CA39A00D4C89B147648AFD79A01E0
:20BF1800D4C89B147648AFD79A009B017648AF4F9A019B017648AF4F9A28764819559A28E5
:20BF28007648192D9A287648190528A90E10764818F57648BEAA7648A1019A057648C48274
:20BF3800761F02F49630FFEFFF79761F02C3923F0006761F02C3963F0006B2BDAABDA2BD97
:20BF4800FE025AA97648B06C80D488DC2FE427EC59C4560308A794A69641560308AA94AB9E
:20BF58005BA992A15246602293CC5335601F93A75344601C93A6534E601993F4530D601615
:20BF680092AA5230FFE0009392AB5231FFE0008F9A007648BB869A007648B6D7761F01FC4B
:20BF78001A140008004800006F005247604292CC9CCD601293A75352600F93A65342600CC0
:20BF880093F4530D600992A261055202606F9A036F299A016F275202600A93A75352600722
:20BF980093A65343600493F4530D6117521F600A93A75334600793A65343600493F4530DDA
:20BFA800610C5200601692A75243601392A65243601092F4520D600D76486D4952016946FE
:20BFB8009A027648BE77761F02F456BF012E6F3E92A2600892A1520261057648BE7B52018B
:20BFC800612E92A25202600F92A1520261057648BE7B5203612492A1520361087648BE7B2D
:20BFD8005202611D92A1522067159241600688A3FF2010000FA661091B4101006717761F34
:20BFE80002C356BF033F6F15761F02C356BF023F6F10761F02C356BF043F6F0B761F02F4B3
:20BFF800922E60049A007648BE77761F02C32B3FFE8282BE86BE8BBE0006761F02F3CC32D9
:20C008000040FFC50006761F02F392360006761F02F3560304A91832FFEF901F983200066F
:20C01800761F02F3560306A91832FFBF907F983200067648659E7648BD13761F02F328335B
:20C0280004B056BF193456BF0A3528360ED87648659E2DA93B01BE00761F02F3356DFF4648
:20C03800C23A963692335436562A0236923696370006761F02F3B2BD4632AABD6D4B923428
:20C048000A38543866522B387648659E59A97648659E3B0185A986A9764865963B01761F48
:20C0580002F385A91EAC566500A2A93C7648659E9B0A761F02F395A992335AA854366317A0
:20C068007648659E93A255A9640D761F02F3063A0F3C620592A1543762116F0492A1543775
:20C07800640D761F02F392369E356F0A8F01D4C0A8A90F3C650392366F0392359436C43CA6
:20C0880054337937562A0336C23A630F923396366F0C2B387648659E761F02F3BE009335FA
:20C0980096369536C23A973786BE8BBE0006B2BD59A97648659E761F02F3933595A9553647
:20C0A80063097648776A52C86305761F02F30A396F04761F02F32B3992A1543966102B3923
:20C0B8007648659E2DA93B01761F02F3356DFF465433562A03366303923396368BBE00069E
:20C0C800761F02CB923F0006761F02CB2B3E00067648C0CC9A007648C5F940A96CFC7648DF
:20C0D800785E764868F37648787276486932764878867648694A7648789A76486962764814
:20C0E80066927648691D764878D6764869AB764878C276486991764878AE7648697776482E
:20C0F80075FC76486787764875C07648679F764865747648674476487624764867C9764850
:20C108007610764867B4764875E876486770764875D4764867597648769C7648684576488A
:20C11800768876486830764878EA764869C3764876DC7648689B764876B07648686F7648A1
:20C1280076C67648688476487708764868DC764876F2764868C57648680D764867DE7648CD
:20C138006B3C76486BBC76486C2C7648672376486D619B96764869D828A903E89B327648BA
:20C148006A3E9AFA76486A0B76486DFF28AC016D12A99BFA76486BCB76486DFF28AC016851
:20C1580012A99B0A76486CBD9A0A76486BF628A901048F00014AD5199BFA76486CE17648C1
:20C168006DFF2DA935D49B3276486C8E9A9676486A7528A913568F001388D5059B32764851
:20C178006ACB76486DED9BFA764866A99A037648C482761F02CB963FFFEFFF4EB2BD1EA6B2
:20C1880027462F45804893477622D024CC96DFFFD024CAA49696D024CC96FFE15CA99DFFE3
:20C19800D024560301A8CAA4969692A75201610418E6FFBF6F031AE60040761AD02AD12E0F
:20C1A8007D96D035579E3F968BBE0006B2BD1EA627462F45804893477622CCE6DFFFCAA4FA
:20C1B80096E6CCE6FFE15CA99DFF560301A8CAA496E692A75201610418E6FFBF6F031AE6AD
:20C1C8000040761AD00AD10E7D96D015579E3F968BBE0006B2BD1EA62F4527479346762237
:20C1D800CCE6FFE180A99DFF560301A8CAA796E692AB5201610418E6FFBF6F031AE600409E
:20C1E800761AD00AD10E7C96D0157D9E57968BBE000688A48AA992A593A676225301610480
:20C1F80018DCFFFB6F031ADC00045201610418DCFBFF6F031ADC0400761A0006B2BD1EA6F2
:20C20800A346762293A5D0169DFFD117CC96800780A9D016560306A893A49DFFCBA9560354
:20C2180003A8CAA79696D037A9A93F9E9796761A8BBE0006B2BD1EA6A346762293A5D018A8
:20C228009DFFD119CC96800780A9D018560306A893A49DFFCBA9560303A8CAA79696D0397E
:20C23800A9A93F9E9796761A8BBE0006B2BD3B10D00F8F00BA00D1232B942B9CD0192B94A7
:20C24800D0372B942910FF698BBE0006B2BD3B10D0108F00BA00D13856BF0194D00F56BF96
:20C258000C9C56BF1494D01A56BF0394D01956BF2894D02456BF0694D02356BF2894D037A3
:20C2680056BF64942910FF698BBE0006B2BDAABD764850BC7648B6F67648B7247648B15A4D
:20C278007648B2357648C4CB28A901F49B008F0864F57648C45E8D80BA0028A902BC9B0191
:20C288008F085C9D2BF256BF28EA7648C45ED110D00F28A901F48F08B9829B0256BF019A3D
:20C2980056BF14927648C45ED11AD01928A901F49B0356BF039A8F08C0D056BF289276484D
:20C2A800C45ED124D02328A901F49B0456BF069A8F08C85E56BF28927648C45ED12ED02DEA
:20C2B80028A901F49B0556BF0A9A8F08BEB156BF10927648C45ED138D03728A901F49B0633
:20C2C80056BF0C9A8F08C58A56BF64927648C45ED142D0419AC89B0756BF0E9A8F08C6BCCC
:20C2D80056BFC8927648C45ED14CD04B56BF0F9A56BF64927648C4A286BE8BBE00063ABD48
:20C2E800B2BDAABDA2BDFE022901BFA90F12FF58615B5CA8917F08A800801E4293A4FFD68B
:20C2F8005CA8BFA90F1661675DA8917F08A8008059A858A993A5FFD65DA893A471A518A867
:20C30800010097A618A400FF18A500FFDC7F92A49EA596A7644D08A9FF01623E93A192A0E7
:20C31800FF3659A858A90642FF35F60E1FA15BA901A3F60A1FA1562D04A22DA336A0FF4018
:20C32800F60B1FA1FF339B00FF30FF540CA295A3FF4008A70001F61FFF770920FF4008A76E
:20C338000001F61FFF77FF5A92A7652208A9FF016313A9A9FF46917F5BA85AA925A695A765
:20C34800FF960CA295A3BDA90F12FE8282BE86BE8BBE8EBE00069B00FF5708A8FF7FFF5ABC
:20C3580093A660F228A8800071AA92AB6FEDFF2000006FEAFF5A93A418A80100FF965CA8D4
:20C36800A9A908A8FF7F1CA88000CBA46FDD7648AC447648AD89761F02DA921A601292165D
:20C378006008881393149215761F02F42B216F10881793199218761F02F456BF01216F08D0
:20C38800881B931C921D761F02F456BF02217E22972496230006B2BD59A97648664A761F43
:20C3980002F434A9FFF6961E921F600556BF011F7648B5647648B4827648B56F7648B5AAF4
:20C3A8007648C36F921E76489565764866829B0A00C8C78776489735764895E2761F02F472
:20C3B800921E764895302DA1350576489665761F02F40A2092209CFF5264681F2B20764829
:20C3C800943A59A97648081B88A9B2A90FA6600A7648943659A97648081788A9B2A90FA651
:20C3D800610C7648943A7648175776489436764817509A0176480B468BBE0006761F02F4EF
:20C3E800921E0006761F02ADCC36000F58A961058F00BCE292940006923690F0610ACC36B5
:20C3F80000F0FFC358A98F00BCE292949C040006CC360F00610ACC360F00FFC758A98F0096
:20C40800BCE292949C080006CC36F00061099236FFCB58A98F00BCE292949C0C00069A0715
:20C4180000063B10FF697648C3EA28AC000A761F02AD8F00BA00963788373037560100A487
:20C42800761F02AD7E38761F02ADA83A003F2910FF690006BE078F00BA000200B50900A67A
:20C43800D0082BEC2BF42BFC1EC42894FFFFDC0A770000068F008000761F02AD8F400F9FE0
:20C44800A83EF7A52B840006761F02AD2B36BE00761F02AD02002B38761F02AD2B37761F56
:20C4580002ADC23A761F02AD1E3C000688A9B2BD761F02AD2DA89A0A59A8C53EAABD37A9CD
:20C468008D80BA00A9A9560100A283A706A77EE2C3D20DA61E3E7648C7119A012DA1761F33
:20C4780002ADFF662BEA2BF22BFAA8C2983686BE8BBE00062DA99A0A8F40BA0036A9560135
:20C4880000A58AD55DE5C5A4BE00DD8192C4600A92A69C01520A88A9600692A49EA79CF634
:20C498000006BE000200DD81DC0119010FA560EF9A0000067648C3EA761F02AD28AC000A39
:20C4A8008F00BA0096373037560100A49237A83AA83C96387648C68200067648C3EA761F93
:20C4B80002AD963788370E380FA6610D28AC000A88378F00BA003037560100A47E38A83AE0
:20C4C8007648C6B500067648C4427648C44C7648C4320006AABD520088A858A55AA4612D57
:20C4D80052016113520260433B10761F02BA9210FF69761F02BA9C02931600C8C78728AC5E
:20C4E800000172AC12166F2C3B1028AC11943B01761F02EE32A6851C1EA6FF69761F02BAD7
:20C4F8000200F61F561700A692AB931900C8C85493A992199EA86F143B1028AC11943B017D
:20C50800761F02EE32A6851C1EA6FF69761F02BA0200F61F561700A692AB94109C01761F5B
:20C5180002BA931900C8C85488A92910761F02ED803A2901FF20FFFF0FA761063B107E3DA5
:20C528007A3E783F6F053B107E3A7A3B783C291086BEFF690006B2BD59A47648C4D29A015E
:20C538002DA1FF66FF5E59A992A17648C5F9520061FC8BBE0006761F02D7923E00067648A2
:20C548005D4F5200612876485D4F520461198F00B2EF92C4600992CC600792D4600592DC25
:20C55800600392E46108761F02D7923F52056908520A660A761F01FC1A0320006F05761FD6
:20C5680001FC1A052000761F02D70A3F923F520A68156F1176807F0083A68AA6761F01FC36
:20C57800DD04DC0C1AC508001A0410001AC440001AEE2000761F02D72B3F0006761F02D733
:20C588002B3D00067648C5869A007648C5F940A96CFC7648C5477648A4687648BE7F5200D4
:20C5980061049A007648C3939A067648C482761F02D7963E6FEA28AD0400FF69561F56160F
:20C5A800561AE61002002940761F00002902761B7648C87C52006142762228A9DC7828A8CD
:20C5B80000080901611B76C8DC7829046F0F9B0024A9DF016C04290424A8DF011EA6F7A1AB
:20C5C800248606A781A109011EA724A96303FF5C3B0459A9DF010009FFEC28A9FFFF28A8C9
:20C5D800FFFF090161058F3FFFFF7648C763761A76487B5328A9FFFF28A8FFFF0901610EEF
:20C5E80076FFFFFF6F06DF01C3BD1EA73E67C5BE24A9DF0124A8FF5860F77648C83D764856
:20C5F800C73CB2BD59A9AABD3B10761F02AD93A18A3CFF5F5AA8D00892FC7994CEA2610516
:20C6080093A1C1FC29106F17761F02AD9A012D38761F02ADFF66FF5EC0362910FF697648C3
:20C61800C4193B10761F02AD8A3C93A192FCC1FC2910CEA286BEFF698BBE000680A888A954
:20C628003B109A0A8F00BA002DA636A92DA7560100A4D0089A01FF669394FF5F98FCCFFC7D
:20C6380061079B012DA6761F02ADFF6799362910FF6900063B10761F02AD8A3C92FC2BFCE1
:20C648002910FF690006B2BDAABDA2BDFE025BA896417C4292A37648B0755AA992A3764850
:20C65800B06C8BA492A37648B06392415B42C5A152018BA46104520261056F1892C75201C7
:20C66800601592A261065CA283A1DC81F7A4248592A37648AFCD5201610692A38AA193A221
:20C678007648AE699A007648BE73FE8282BE86BE8BBE0006761F02ADC43C06C696AD000797
:20C6880087BEC5BEC4BE83BE8ABE82BE86BE000376017602761B76090005AABDA2BDA8BD09
:20C69800A0BDC2BDC3BDABBD0004761F02ADC43C92AD1EC6761F02ADC53A06C796AD063AC0
:20C6A8001E3C000787BEC5BEC4BE83BE8ABE82BE86BE0003760176177602000700076FE6D8
:20C6B8009A017648C5F900067648C6B86F12521469032B0F6F0E8F007F0083A4761F01FC38
:20C6C800DC0ADD021AC508001A0210001AC440009A007648C5F940A96CFC761F02990A0FAC
:20C6D800920F520A66E58F007F0083A4761F01FCDC0CDD041AC508001A0410006FE82902D3
:20C6E8002904565FFF5A0642565F1E420200F61F5617004206AB5632290276202902290482
:20C6F800565FFF5A0642FF561E420200F61F56170042563229027620FF5A0200F61F56172B
:20C708000042A9A97620FF5A0200F61F5617004276202B852B85A8A92B852B852B852B85C1
:20C718002B852B8528850A0A2B852885018D2B857C85978528850A0A2B852B852B852B85A7
:20C728002B852B852B852B852B852B852B852B852B852B852B852B852B852B852BC5DD0282
:20C738008AA5000677006F00B2BD761F02F459A99226610D28ABFFFF28AAFFFF28A9FFFF34
:20C7480028A8FFFF0FAB6103767FFFFF761F02F3C53E3E67761F02F4062A61041EA792A1A8
:20C758003E67761F02F4062861031EA73E677648C73A8BBE0006B2BDAABDA2BDFE0882A426
:20C76800D1005ACB6F155CAD2901560303A107A3DC8809025CA483A902087648C8040642E6
:20C7780061068A4483467648C8045ACBD90192A254A166EAFE8882BE86BE8BBE00065CA844
:20C7880071A997A63B0185A9FF565DA985A4FF565CA992A5F60F1FA44FA66C02FF5C76209F
:20C7980096A65CA83B0185A9FF565DA985A4FF565CA992A5F60F1FA44FA66C02FF5D92A801
:20C7A8007620761BFFF0E20000BDE63006002942561676256F00761BFFF0E20000BDE6308A
:20C7B80006002942561676256F00761BFFF0E20000BDE630060029425616F5A90CE0762543
:20C7C8006F0028ACFFFF0F426009A9A90F4456B100AC56B601AC92AC762056B100AC56B2B6
:20C7D80001AC92AC762028ACFFFF0F426003A9A90F4456B100AC56B601AC92AC7620761FC0
:20C7E80002E6923E0006761F02E6922A0006761F02E6923C0006761F02E692280006761F11
:20C7F80002E692100006761F02E6920D0006761F02E6920F000600065200A8ABC5A46107CF
:20C8080088A9DE815C857C87000EFFFE88A90FA6610F5300610D9DFF5CA876BFFFFE928591
:20C818009687000EFFFE92859687000CFFF8A9A40006761F02BA92120006761F02B9923041
:20C828000006761F02B992310006761F02B992320006761F02B996300006761F02B9963184
:20C838000006761F02B996320006020028ABFFFF28AAFFFF19010FAB60049A00D4006F05FF
:20C84800A9A492C4A9A4DC027648C26E000697A69B00F60F1FA6762097A69B00F60F1FA634
:20C8580092A87620761F02F12B3C00067648C85A9A007648C5F96FFD761F02F4A83E000622
:20C86800761F02F3A83E00060006561F7622B9C028290068761A0048C5A3FF58C4A4610491
:0CC8780019017D8660FE00069A01000692
:20C88000761F02E99217761F02ECC50EBE00761F02E92B17761F02E59623761F02EAC30E12
:20C89000761F02ECC20E0006B2BDAABDA2BDFE08761F02B99233FFE00148D0088F00BB0095
:20C8A0007680BA508F40BA800694D008C2421E95D00A0694D00A1E95D00C0694D00C1E9540
:20C8B000D012D13AC54206947680B95CD0121E95D0160694D0161E95D0180694D0181E9504
:20C8C000D01A0694D01A1E95D01C0694D01C1E95D01E0694D01E1E95D0200694D0201E95BC
:20C8D000D0220694D0221E95D0240694D0241E95D02A0694D02A1E95D02C0694D02C1E955C
:20C8E000D0280694D0281E95D0260694D0261E95D02E0694D02E1E95D0300694D0301E952C
:20C8F000D0320694D0321E95D0420694D0421E95D0440694D0441E95D0460694D0461E9578
:20C90000D0380694D0381E95D03A06941E9D92C796C68B4206420923FF5ADF0906420919BA
:20C910001EAC064209121E48064209101E460642090E1E4492C7C542D009D90C9696DF0BBA
:20C9200092C7C5A1D00B969692C7C542D00C9696DF0D92C7C544D00D969692C7C542D00E34
:20C930009696DF0F92C7C546D00F969692C7C542D0109696DF1192C7C548D01182429696CB
:20C9400092C7C542D012DB169696DF1592C7C5A3D0158642969692C7C542D016DA1396968B
:20C95000DF1492C7C5A2D014969692C7C542D0139696DF1792C7C542D0179696DF1892C7DC
:20C96000ABA7D018969692C7C542D0199696D021DF2192C7C5429696761F02ECD022DF22E9
:20C9700092C7A9A79696A3C4D023A9C5A3D492C7A9D59696C542D134A3E4A9E592CFA3F477
:20C9800096CEA9F5310092D7D01C96D6A908A90AA90CA912A916A918A91AA91CA91EA92037
:20C99000A922A924A92AA92CA928A926A92EA930A93292DF96DE761F02EDA902A904A906AC
:20C9A00092E7761F02EC96E6A938A902A904A90692EF761F02E996EEA9C42B11DF1C92C795
:20C9B0009696C5422B122B13D01DDF1D92C79696C5428E422B142B1592F72BC096F62B16B4
:20C9C000D0340694761F02ECA93AA934761F02E9D01A1E9DDF1A2B192B1B2B1C2B1D2B1EF6
:20C9D0002B1F2B202B212B222B252B262B242B232B272B282B292B312B322B332B2C2B2D1C
:20C9E00092C72B2A969676485D4F5200601D761F02999238520160188F40BAC87680BB4815
:20C9F0008AA53B01761F02ED85CEDC02560100C485D6560100E58508761F02EB56010008E7
:20CA0000761F02990A39761F01D0921260FD761F00608F00BB485D0028A908002F01C5A4E6
:20CA10009E02590396D4DF0A5B0427055A062D07920896C7C5A4880921FC7AF408ABF80071
:20CA200008A6F8003FECD009DF087E94920A96C7D00CC5A47BE479DC920BDF0B96C7C5A414
:20CA300008A5F800930C08A8F800DF0D9794920D96C7C5A47DC408AAF80057CCDF0E920EE3
:20CA400096C7761F01D8921260FDC5A4761F006293009201DF1096C7C5A49202DF1196C7EE
:20CA5000C5A49203DF1296C7C5A49204DF1396C7C5A49205DF1496C7C5A49206DF1596C78A
:20CA6000C5A4D00F9207DF1696C7C5A408A8F80097949208DF1796C7761F01A8921260FD1B
:20CA7000761F0064C5A48F40BB6192007680BBC6DF1896C792C594C4D108D0089C01FFA060
:20CA800096C692CD94CC9C01FFA096CE92D594D49C01FFA096D692DD94DC9C01FFA096DED5
:20CA900092E594E49C01FFA0761F02ED96E63B0192ED94EC9C01FFA096EE92F594F49C01B4
:20CAA000FFA096F692FD94FC9C01FFA096FE929D9494D109D0089C01FFA09696D009929DE3
:20CAB0009494D10AD0099C01FFA09696D00A929D9494D10BD00A9C01FFA09696D00B929DC9
:20CAC0009494D10CD00B9C01FFA09696D00C929D9494D10DD00C9C01FFA09696D00D929DAD
:20CAD0009494D10ED00D9C01FFA09696D00E929D9494D10FD00E9C01FFA09696D00F929D91
:20CAE0009494D110D00F9C01FFA09696D010929D9494D111D0109C01FFA09696D011929D75
:20CAF0009494D112D0119C01FFA09696D012929D9494D113D0129C01FFA09696D013929D59
:20CB00009494D114D0139C01FFA09696D014929D9494D115D0149C01FFA09696D015929D3C
:20CB10009494D116D0159C01FFA09696D016929D9494D117D0169C01FFA09696D017929D20
:20CB20009494D1179C01D018FFA0969E92959420D018761F02EF9C012D06FFA0761F0299A5
:20CB3000331096968F00B8E656030511761F02EF2D0707AB761F0299FF1B0001562F03C4D7
:20CB400012121EA65603051380A906A681A7FF1B0001FF4B1EA6761F02EF2D08761F02996B
:20CB50007ECC12181EA656030519761F02EF80A92D0B761F029906A6331481A7FF1B0001C9
:20CB6000FF4B1EA6D00956030515761F02EF7ED42D0F07AB761F0299FF1B00013316562F7C
:20CB700003EC5603051707ABFF1B0001562F0394FE8882BE86BE8BBE0006B2BDAABDA2BDCA
:20CB8000FE048F00BB00761F02EF8D40BBC683A42D0712C92DC1560100C512C1560100D437
:20CB90002DC11207560100E43B018DC0B8E685C3560100F4D0092D0FC4A4C5A483A41291D9
:20CBA00086A42D08DE08DD0ADF0C560100C6C4A112D12D0F560100C5120883A4DE032DE969
:20CBB000560100C7DD0EC5A412D68BA4DA12D00C560100C5D91683A4DF1885E3560100C26A
:20CBC000DD1A85F3560100C18BA48593560100C7C5A485DB560100C5D00DD91CDF1E8F40E6
:20CBD000BA508593D013560100C18593560100C7C5A5D01885938EA4DF090AC7C5A5D8203B
:20CBE000560100C0DF0B0AC7C5A5D01285938EA4DF0C0AC7C5A5D822560100C0DF0D0AC7D9
:20CBF000C5A5D00F85938EA4DF0E0AC7D824C5A5560100C08EA485A9DF0FD82A560100C0F0
:20CC00000AC7C5A52DF3D00F12938EA4DF100AC7C5A5D82C560100C0DF110AC7C5A5D010B3
:20CC100085938EA4DF120AC7C5A5D828560100C0DF150AC7C5A5D01185938EA4DF160AC757
:20CC2000C5A5D826560100C0DF140AC7C5A5D00A85938EA4DF130AC7C5A5D82E560100C0D9
:20CC3000DF170AC7C5A5D00885938EA4DF18D830560100C08EA40AC7C5A585FBD83256012D
:20CC400000C0DF190AC7C5A5D01585938EA4DF210AC7C5A5D842560100C0DF220AC7C5A50A
:20CC5000D01685938EA4DF23A3A7D844560100C086A50AC50ACDD01785938EA40AD50ADD4D
:20CC60000AE5D846560100C00AED0AF50AFDD00E85938EA48BA5C5A5A9A5D838560100C05C
:20CC70000AC5D01485938EA4DF1A0AC7D91DD83A560100C00AC1DA1C0AC2D00B8593DC342E
:20CC8000560100C4761F01D0921260FD761F00608F00BB612D0028A908005D01C5A49E0205
:20CC9000D009930396D4DF0A59042F0508AAF8005B065A0779E457EC92087BF496C7C5A456
:20CCA0007AFC270908ABF8003F94DF08920AD00C96C7C5A408A5F8009743920BDF0B96C7C8
:20CCB000C5A47DCC930C08A8F800DF0D9794920D96C79243C5A408ACF80021C496DCDF0E2A
:20CCC000920E96C7761F01D8921260FDC5A4761F006293009201DF1096C7C5A49202DF1129
:20CCD00096C7C5A49203DF1296C7C5A49204DF1396C7C5A49205DF1496C7C5A49206DF1508
:20CCE00096C7C5A4D00F9207DF1696C7C5A408A8F80097949208DF1796C7761F01A8921299
:20CCF00060FD2DC6761F02993B018F40B8E6331A5603051B8AA52DCE07ABFF1B0001DC035F
:20CD0000562F03C4121C1EA72DDE5603051D27A906A781ABFF1B0001FF4B1EA7331E2DE617
:20CD1000D0087FCC5603051F07AB76C0BBD1FF1B00013320562F03DC2DEE5603052107ABD1
:20CD2000FF1B000133222DFE562F03E456030523C4A707ABFF1B00013324562F03EC56030F
:20CD300005252DCE07AB761F0064FF1B0001562F03FC9300761F02ED92C797399694761F75
:20CD40000299C5A4D00933265603052707AB2DD6FF1B0001DF0B3328562F0394D00A5603B4
:20CD5000052907ABFF1B0001562F0394D00E92DE96C785F51E422D94D00F129400C8C6E76C
:20CD60003B01D00D86A92DEE56030535C5A6333407AB2DF6FF1B00013332DF09562F039492
:20CD7000D00E560305332DFE07ABFF1B0001332E562F0394D00F5603052F07ABFF1B000186
:20CD8000562F0394D0085603052B2D96D010332A07ABFF1B0001562F039493C7C5A6D01187
:20CD90009794D012DF0A93C7C5A69794D10FD013DF0B93C7C5A697947A9DD014DF0C93C7C0
:20CDA0009794D00D5603052D2D96D015332C07ABFF1B0001562F039476487A4FFE8482BEA7
:20CDB00086BE8BBE00067648908C761F02DF2DA912079B0A00C8C7873B01B60A2D0596060C
:20CDC000330028AC00B50EABF60F1FA79404940630A9761F02BAFF461EA68510761F02BAC8
:20CDD00007208AA9562100C4564400A6FF4D88A9761F02DF9609920A9EA685A9FF56528E99
:20CDE000640E92A6540A6205540A63040B0A6F020A0A920B6106920A960C6F047E0A2B0BF2
:20CDF0007E0C764877BA761F02DF930C9FA91BA80116970D62071B0DFEEA6306280DFEEAD0
:20CE00006F03280D01162D08120D1BA90570960E63071BA9FA916306280EFA910006280E04
:20CE1000056F0006B2BD761F02DF590E790F764877CA761F02DF93A12D119FA997101210BC
:20CE200096121BA902B262071BA9FD4E63062812FD4E6F03281202B2920C94123B019613E3
:20CE30002DA9761F02BA1202761F02EE5C1CFF4B761F02DF85A9DC811E2C761F02EE541C20
:20CE4000640585A4761F02DF1E2C92A4761F02DFFF5C85A90F2C5648022C062C6239761FE2
:20CE500002BA92066005761F02DF062C6131761F02DF922C761F02EE931CFF5C761F02BABB
:20CE60009DFE960555A96405520056B501056F0297059305761F02BAD06B92068F0040001A
:20CE7000761F0105972B520156BF0194600CD049761F0101CC94FFFC50019609CC09FFFB12
:20CE800050086F37761F02BA56BF01066F35761F02EE921C761F02DF932C9CFE761F02BA30
:20CE900054A897056405530056B501056F029605761F02EE921C761F02BAD06B8F00400083
:20CEA0009E05761F02EE931C761F01059DFF962B761F02BA920697945200600DD049761F22
:20CEB0000101CC94FFFE50029609CC09FFF7500496096F082B06761F01011809FFFC1809D8
:20CEC000FFF38BBE0006761F02DFE2C8011FE2AF0030E71000407700E68800007700770006
:20CED000BFA60F1202B51EAC3B01564400A6FF4696222DA9761F02BA8510761F02BA07208E
:20CEE0008AA9B2BD761F02DF12C4FF4D59A99623764877CA761F02DF93A12D259FA997243F
:20CEF000122496261BA902F063071BA9FD1163062826FD116F03282602EF764877DA761F24
:20CF000002DF93263B0195A997272D27761F02EE121C761F02DF8BBEFF4D85A91E2C0006AF
:20CF1000FE02764877EA761F02DF931A5C195D1797412B42931C7640C5FB761F02DF1BA932
:20CF2000012C9616961D62041BA9FE0C6303281D012C921D7648A027FE820006E20304BDF9
:20CF3000E20305BDE20306BDFE02761F02BA9212761F02DF962A764877CA9B0A00C8C787AD
:20CF40003B01761F02DFFF5C85A9BDA90F1A852A761F02BA0720761F02E0E2AF0010E6885A
:20CF500000018AA9562100C4BFA90F16564400A9FF4DBDA90F16E68C00007700E689001241
:20CF6000BFA90F12E68D0008E2030212E20300147648A027761F02E0E2AF0012E68C0000AA
:20CF700077007700BFA90F127648A023761F02E0E2AF0014E68C000077007700BFA90F12A4
:20CF80007648A01F761F02E0E2AF0012E2AF01148A1AA318C520C41EE7200008A91AE68CEA
:20CF90000001A81CC322C220E2030018BFA90F167648A01B761F02E0E2AF0222E2AF03260C
:20CFA000E2AF0124E2AF0518E304D020E3005C28E309612AE324D01AE300462CE3150D1CF1
:20CFB000E7000172E7200009E8022B80E7100089E80D0000E6940001AD14620AE8062B80AC
:20CFC000E80D0000E6960008E203001E6F0BE8022B81E8022B80E80D0001E80D0000E20360
:20CFD000011EE68C000077007700BFA90F127648A017761F02E0E2AF041E764877BA3B016F
:20CFE00085A9BDA90F12770077007700761F02E1E6890000E2AF0104E7000009E8022B860F
:20CFF000E7100109E80D0006E6940031AD14620AE8062B80E80D0000E6960008E6CF000185
:20D000006F09E8022B80E8022B81E80D0000E80D0001761F02E0E2030016E68C000877001F
:20D010007700BFA90F127648A013761F02E0E2AF0016E5A0AD146439761F02BA9206600441
:20D02000E5A0AD146132E68C00007700761F02EEBFA90F12931C761F02BA9DF6960555A9F4
:20D030006405520056B501056F0297059305761F02BAD06B92068F004000761F0105972B1F
:20D04000520156BF0194600CD049761F0101CC94FFFC50019609CC09FFFB50086F3B761F06
:20D0500002BA56BF01066F39E6AF0000E68C00007700761F02EEBFA90F12931C761F02BAB4
:20D060009DF6960555A96405520056B501056F029705761F02EE921C761F02BAD06B8F005D
:20D0700040009E05761F02EE931C761F01059DFF962B761F02BA920697945200600DD049A5
:20D08000761F0101CC94FFFE50029609CC09FFF7500496096F082B06761F01011809FFFC92
:20D090001809FFF3761F02BA92057648A00FFE82E2AF06BEE2AF05BEE2AF04BE0006E203B1
:20D0A00004BDFE02764877EA3B01761F02DF85A9560100380A2892285208647A0638FF427E
:20D0B00088A9931C96299FA685A8BDA90F12770077002B280200E68900001E38E8121CB0FA
:20D0C000E203003AAD146206E8261CB0E203003C6F07E8021CB1E8021CB0E203013C761F73
:20D0D00002E0E2AF040EE2AF020CE2AF0300761F02DFE7000104E7000082E2C80117E71004
:20D0E000011BE203023EE694000BAD1462139218FF5C85A9BDA90F1277007700770077009E
:20D0F000E6890000761F02E0E6960018E20300006F07761F02E0E6CF0008E2030100E7103A
:20D1000000807700E6940008AD146211761F02DF9218FF5C85A9BDA90F16770077007700C9
:20D110007700E68900097700E6960001E8121471761F02E0AD14E20301026206E826147182
:20D12000E20301106F05E8021470E2030010FE82E2AF04BE0006B2BD88A9AABD2DA8A2BD0E
:20D13000924A8049520265039A006F783B01761F02BB85A688030700DE0143A66C6BFF42D2
:20D1400093ACBE002B039FA99602C2002DA81BA8012C62091BA8FED4630A2804FED428ACFE
:20D15000FED46F0628AC012C28A8012C97043305FF6E16AC930658A99607530161035A0827
:20D160006F032B065AA088095BA62D0F120AFF692DA3330E2DA0564100AB121010A2331188
:20D1700003AB810BFF5A18AB1FFFFF4C2FA985A48AA93F0B780885AA03A4FF4328A80258A0
:20D1800095A5961C55AA640B28A9FDA89EA754AA620357096F062FA996096F032FA89709E2
:20D1900055A6640828A8FDA89FA755A662037B0A6F02970A93A555AA640A93A7FF5D55AA2C
:20D1A0006203570C6F0A2FA8970C6F072FA57D0C6F047E032F0C1E0092AA82BE86BE8BBE8B
:20D1B0000006B2BDAABDA2BDFE0258A92F4C92512D50804F274E5B4D5A4B520257419642F3
:20D1C0002FA865040200FFEF011612A77680AF40C5A63B01FF4D94A578C757CF7CD796E709
:20D1D00092E69EC696EE93EE1BA80C8062091BA8F380630A28EEF38028A8F3806F0528A8F1
:20D1E0000C8028EE0C8092AB94A39CF85CA980A892AB54A462035CA3DC8892428CA9018045
:20D1F000A9A981A407A68AA9761F02C392A780422DF472AC1206562F07F406A681A7FF13B6
:20D20000003183A906A681A78AA98D0001882D0B12941EA7160C81A307A68AA98D000187B6
:20D2100012F48F00AF4007A7562F070793948D00018D929454A8640D8D00018E929454A826
:20D22000650C8D4001878D000187969C93946F058D00018793A9969497C58D000187929434
:20D2300088D472EC8D00018F2DEC12948D00019AFF4681A61E94924161418D0001948D409E
:20D24000019392947A9C8D00019394948D000195FFA09694A8A9FF1001931EA78D000194EE
:20D250008D40019692C796948D00019593948D0001979FA69294979C8D00019694948D00F1
:20D260000198FFA09694A8A9FF1100CB1EA78D000197FF6E92C796948D0001982D948D00D2
:20D27000019133948D00019916AC9694A8A9FF1100CD83A98594560100C58D00019C859460
:20D280008D00019AC5940FA76405FF5C85A90FA7650D85A98F40BD4D1E94A0A9814283A94C
:20D29000C594560301CC9EC596CC8F00BD4DA8A98F00AF40814288CC8D00019083A95621FA
:20D2A000009485A6564100A7FF698D00019E7EC5564400A7FF461E9492428D0001A0560307
:20D2B00001A907A483A902851EAC027B560500951EAC5644001E761F02BD07ABFF471E959E
:20D2C000850007958D00019E1E948394C4A5FF203E800FA66409FF27FF830FA55648029440
:20D2D000564802A56F0676803E808F403E80C294A0A9FE8282BE86BE8BBE0006B2BDFE08DC
:20D2E000764877CA59A91BA1046C63071BA1FB9563068D7FFB956F038D40046B764877BAA9
:20D2F000761F02BA34A90CCDFF190001562F050A764877CA761F02BA2B4134A90148270E53
:20D300003B0180108819FF1900013F42562F050B7F4334A10148761F02EEFF1900017E4431
:20D31000FF49931D5CA9761F02BA960C9745851007201EA72B0F92C79646920A761F02EE20
:20D320005D222B47761F02BA930B7640C681761F02BA3B01562100021E2456440024761F75
:20D3300002EEFF4B881C761F02BA93A99604DEA892A654A8562A0404FF5C5404562A02045D
:20D3400092046231920660039204612D9204761F02EE931CFF5C761F02BA9DFE960555A9DB
:20D350006405520056B501056F02970593059206D06B8F004000761F0105972B520156BFE5
:20D360000194600CD049761F0101CC94FFFC50019609CC09FFFB50086F35761F02BA56BF80
:20D3700001066F33761F02EE921C761F02BA93049CFE970554A86405530056B501056F0269
:20D380009605761F02EE921C761F02BAD06B8F0040009E05761F02EE931C761F01059DFF56
:20D39000962B761F02BA920697945200600DD049761F0101CC94FFFE50029609CC09FFF720
:20D3A000500496096F082B06761F01011809FFFC1809FFF3FE888BBE0006761F02BA2D1D9C
:20D3B0003B01761F02EE211D761F02BA881E851007208AA97E0212C4FF4D80A92DA6960341
:20D3C00012A7FF4B9604761F02EE541C6406921C761F02BA9CFF96049A01761F02EE9E1C43
:20D3D000761F02BA5404562A020492046231920660039204612D9A4B9E04761F02EE931C0B
:20D3E000761F02BA9DFE960555A96405520056B501056F02970593059206D06B8F00400095
:20D3F000761F0105972B520156BF0194600CD049761F0101CC94FFFC50019609CC09FFFB8D
:20D4000050086F35761F02BA56BF01066F33761F02EE931C9C4B761F02BA9DFE960555A961
:20D410006405520056B501056F029705761F02EE921C761F02BAD06B8F0040009E05761F5D
:20D4200002EE931C761F01059DFF962B761F02BA920697945200600DD049761F0101CC9472
:20D43000FFFE50029609CC09FFF75004960900062B06761F01011809FFFC1809FFF300062D
:20D44000761BFFF00005ABBDA8BDA0BDC2BDC3BDE20000BDE20300BDE20301BDE20302BD96
:20D45000E20303BDE6300600FF69294256167640D0FF761F02B9923C610E0A3D923D522A18
:20D46000640D2B3C761F02E81A390200761F02AD1A360020761F02B92B3D92306006761FD7
:20D4700001FC1A1400086F05761F01FC1A120008761F02B992316006761F01FC1A0D0800F5
:20D480006F05761F01FC1A0B0800761F0033E2AF03BE56BF0121E2AF02BEE2AF01BEE2AFD6
:20D4900000BEE28000BEC5BEC4BE83BE8ABE87BE00033B30FFF176177602761BFFF00005E3
:20D4A000ABBDAABDA2BDA8BDA0BDC2BDC3BDE20000BDE20300BDE20301BDE20302BDE20310
:20D4B00003BDE6300600FE02FF6929425616761F02B99233761F01D028147FFF761F01D89E
:20D4C000281403FF761F01A856BF01146028761F0148C500BE96761F02EF06A70300FF5A98
:20D4D000761F02EE0200F61F561700A63F14761F02E706A7030C761F02E8FF5A0200F61F11
:20D4E000561700A61A110004761F02EFC300761F02AD1A360002761F02EE3F15761F02EEAD
:20D4F0000E1B761F02B90A33761F02BA560100262901FF2020000726761F02BAFF4D9610BF
:20D50000761F02BA54196411761F02EE921F761F02BABE002B10761F02B92B33761F02EE25
:20D51000961D761F02BAC2267640BD64764877CA59A9764877BA93A1D1001BA80578630A96
:20D520001BA8FA886407761F02B9D2002B412B346F08761F02B928410001D2010A340A35CD
:20D530001BA90FA063041BA9F0606302D101764877EA1BA9138856B400A356B301A3764820
:20D540005D4F5200611876485D4F52036007761F02B992345232650F6F06761F02B9923495
:20D55000521464092B34761F02CB9A241A370008764865647648B5F65200612192A3CA410C
:20D56000601A7648B5DE5200601D7648B5F652036010761F02B9923E520160149A017648A3
:20D57000B6067648B70C7648B15A7648B2356F0A9A016F067648B5DE520061049A00764807
:20D58000B60692A2CAA1610B9A007648B6069A2376486564761F02CB1A3700047648B5F64C
:20D59000520061107648B5DE5200610C7622761F01021A170004761F01061A170004761AE2
:20D5A0006F0E7622761F01021A1B0004761F01061A1B0004761A761F02EE2B1D7648B5F6EA
:20D5B000520261117648B5F6520361087648B5F65201600B7640C87D6F087640C56F764035
:20D5C000C3FE6F037640C7AE761F01021A2A0001FE82761F02B92B3EE2AF03BE761F0033BD
:20D5D000E2AF02BE56BF0421E2AF01BEE2AF00BEE28000BEC5BEC4BE83BE8ABE82BE86BEDF
:20D5E00087BE00033B30FFF176177602761BFFF00005ABBDA8BDA0BDC2BDC3BDE20000BD36
:20D5F000E20300BDE20301BDE20302BDE20303BDE6300600FF6929425616761F01D0281490
:20D600007FFF761F01D8281403FF761F01A856BF0114761F01FC4D106D0F761F02B90A377C
:20D61000611056BF01379A007648BD5D761F02CB1A3620006F06761F02B9923761020B37C5
:20D62000761F01FC4D106D0F761F02B90A39611056BF01399A007648BD5D761F02CB1A3608
:20D6300020006F06761F02B9923961020B39761F01FC4F106D0F761F02B90A3B611056BFFB
:20D64000013B9A007648BD5D761F02CB1A3200406F06761F02B9923B61020B3B764877EAD4
:20D650001BA913886307761F02B9923661190B366F17761F02B90A3692365232681156BF2E
:20D6600032369A007648BB86761F02CB1A36100076485D4F520461049A1D764865647648C6
:20D670006DFF28AC017712A98BA97648662E93A155A9660576485D4F52006007761F02B991
:20D68000923861190B386F17761F02B90A3892385232681156BF32389A007648BB86761F77
:20D6900002CB1A35200076485D4F520461049A0E764865647640C04D7640CC157648BCF125
:20D6A0005200612E76228D404400B2A909978AA91AC40004761A7648BCF15201611E764845
:20D6B000BCF15202611A7648BCF1520461138AA1DC6B92C42BC47622D084761F0112CC9101
:20D6C000FFFE50029604B2A9099B8BA91AC100046F1E7648BD816F1E7640CDE86F1B8F00B5
:20D6D000440083A4761F01FC1A0C0400DD6B92C52BC57622D084761F0112CC94FFFE500241
:20D6E0009604A8A9099B8AA91AC40004761A7648BD3D764877DAD4009B007640CF23761F83
:20D6F00002E6920D761F02BA9612761F02BA541963095200630B9319761F02BA95A99712CC
:20D700006F059E19761F02BA9612761F02B9923F6008761F02E4441A6C16181AFFEF6F135F
:20D71000764877DA59A97648778A3B01761F02BA5CA98512761F02BA072083A992A193C5D1
:20D720007640D0B1761F02BA92107640D04E7648A14E761F01061A2A0001761F003356BF80
:20D730000421E2AF03BEE2AF02BEE2AF01BEE2AF00BEE28000BEC5BEC4BE83BE8ABE87BE7F
:20D7400000033B30FFF176177602761F02E79211B2BDFFE1018D76486DD50EA9BDA90F1626
:20D75000770077007700E801F0C8E68B0009E80CCCD0E70000407700E68E00007700761F8B
:20D7600002E7BFA90F129315531069055415562A08156F0356BF101592215201FFE1009E88
:20D77000921760569218603B76486DD5761F02E7FFC09E15541266149214FFC09E15961265
:20D780007648B5F652036133764877EA1BA912C0631C764877EA1BA91130624D6F289219EE
:20D790000A16541666032B160A127648B5F65203611E764877EA1BA912C06307764877EAAE
:20D7A0001BA9113062386F137622761F010956BF0509761F010D56BF05096F180B1856BF69
:20D7B000101276486DD5761F02E796147622761F010A1A170004761F010E1A170004761F34
:20D7C00001092B09761F010D2B09761A6F140B177622761F010956BF0509761F010D56BFED
:20D7D0000509761A761F02E72B1276486DD5761F02E79614761F02E71B14036866041B1407
:20D7E00003686703281403689214FFC09E155412562A0812764877EA1BA90BB86409761FED
:20D7F00002E71B12012C69049A017648BB86761F02E7D0638F004200921493129694D06B9D
:20D800009E129694D06D9794D06393148F00430097949312FFEF00C7922860169224541F3C
:20D81000690892290A27542766052B270A1F6F02961F7622761F010E1A170004761F010D00
:20D820002B09761A6F140B287622761F010956BF0509761F010D56BF0509761A761F02E740
:20D830002B1F76486DD5761F02E796147648658252006049761F02E7921F525069449214A2
:20D84000FFC09E155424660A0A231B2375309624690B2B2356BF01226F0A93250A265526CE
:20D8500066032B260A24932253016042922F6014922B5420690792300A2E542E66032B2E11
:20D860000A207622761F010A1A170004761F01092B09761A6F080B2F2B2076486DD5761F1D
:20D8700002E79614761F02E79214FFC09E15542B6908932C0A2D552D661B2B2D0A2B6F1872
:20D88000962B6F16761F02E72B227622761F010956BF0509761F010E1A170004761F010DA1
:20D890002B09761A761F02E79214FFC09E159324552B562B082B5424562A0824541F562A1C
:20D8A000081F9324551F562B081F542B562A082B5420562A0820922B5420562A0820764889
:20D8B00077EA1BA90BB86409761F02E7921F522869049A017648BB86761F02E7D1638F0012
:20D8C00042009214D06B93149E20979C9694931FD06D92209694D06392148F0043009694C3
:20D8D0009E1FD16BD06D969C97946F417622D0497680420076C0430056BF0596D04956BFB5
:20D8E0000597761AD06383A6D16B8AA728140368281703E8281875302B342B1D2B1F2B2041
:20D8F00056BF6424282507D02B262B27282803E8282903E856BF322B282C07D02B2D2B2EEF
:20D90000282F03E8283003E82B102B1228960368D063DD6DDC6D28970368D06B289E036885
:20D9100092C52BC52897036892C42BC48BBE0006B2BDFE02764877FA3B01761F02DB85A978
:20D92000560100247648775A3B01761F02DB85A9560100267648C00B761F02DB961D764818
:20D9300052D152016010761F02E20E38761F02DB0F386205761F02E20E386F060201560184
:20D9400000386F050200761F02DB1E3876485D4F520D60070232761F02DB565000381E3847
:20D95000761F02DB0A0992095208645606243B01D500D400FF4227A9960A2B090626A0249F
:20D96000FF42960B931E9E1DA8269FAB88A9960D9208970C520260085300970E56B4010869
:20D9700056B3010E6F02970E7E0F9A017648C018761F02DB920E526462071B0EFF9C63064D
:20D98000280EFF9C6F0356BF640E2D0E3B011210FF471EA61E2812115601002A0638FF37BC
:20D990000F2A6404062A630302001E2A062AFF4707A61E2C0F386205FF58630502006F02A9
:20D9A00006381E2CC42C02E6C2300FA6640406A6630302001E307648774A761F02DB9330E2
:20D9B0009FA95364971462071B14FF9C63062814FF9C6F0356BF64142D143B011215FF4B4D
:20D9C0001EA71E32121607341EA61E34FF2F08000FA664040634630302001E340634FF4BEE
:20D9D00007A71EA68F0040001E36A8A90FA6640606A6630502001E366F02A83656210007FB
:20D9E00056440036FF4D96171BA902EE6205520063052B176F03281702EE921E9C14540AE8
:20D9F000630402002B171E2A7648659652326305761F02DB2B186F05761F02DB56BF0118B6
:20DA00001B1705DC624E9218602F761F01FC1A0C0400761F02DB1B1702EE6503281702EE23
:20DA100028A905DC93179E179720961F764877FA59A97648775A2DA9761F02DB92A174AC1E
:20DA200012178BA97648775A3B0185A91E42B2A900C8C6E7761F02DB96215420562A08201B
:20DA300092179CE26F1328A905DC9E1793A99F1A761F01FC1A0A0400761F02DB9620961F3A
:20DA4000972155A9562B082092225420D16B8F004400562A0820D06D931F9220979C96948A
:20DA5000FE828BBE00068F001F7B88A93B01761F02E6A8AC85A6560500128F0020831EA7F1
:20DA6000A9A9A8ACFF4CAABDFF5A56440018565D00A7FF4C07ABC3181E2C1E128AA956030B
:20DA700001A62DA91206FF4A562100081E381E321EA7560500A4A9A956210006FF49FF5A5F
:20DA800092A6FF5C85A903AB564400A9C4A7FF4AFF68562100091E36FF5A07A7FF541E3439
:20DA900006A7560100AB11ACFF69564400A9FF491E3A86A9761F02BA9219761F02E6FFA177
:20DAA000270494AB3F029603761F02BA541964059E19761F02E69603761F02BAC52006A74B
:20DAB00081AB8AA9761F02E65DC406A781038AA97D0058C487A685A0560500A9AAAC8F0021
:20DAC00003D585A5564400A987A607ABFF4D1E281EA785A5560500A9AAAC85A0564400A9DF
:20DAD00003ABFF4D1E2A1EA6022B1EAC564400A7A8AC5605001E07ABFF491E3C1E1E83A96F
:20DAE000022B1EAC564400A6A8AC560500205621000B07AB8F0004B6FF491E3E1E20560566
:20DAF00000A55621000C5644002407225621000A560100ABA922564400A50722FF49761F74
:20DB000002E71EAC1E00761F02E6A8A978010FAC640DFF21FDA50FAC6205761F02E7AB02B2
:20DB10006F08761F02E71E026F04761F02E7A802FF200C45A30207021E04565D00AC761F11
:20DB200002E607261EA61E26761F02E71E06761F02E60215A9241EAC564400A6FF4F960DCA
:20DB3000761F02BA5419644506A6FF3107A6BDA90F1277007700E8020249E8087ED1E6898D
:20DB400000007648C2E7761F02BAE2C801197648C2E7761F02E6BE00E68800002B0D920E61
:20DB5000C226761F02E7E203000A6123761F01480600BE96761F02E71E0C030EFF5A020090
:20DB6000F61F561700A6060C761F02E63F10761F02E71E0E7640BD50761F02E81A1B00027C
:20DB7000761F02AD1A360004761F02B956BF013E761F02E6920D86BE96040006761F02EDD5
:20DB8000803A88A92901FF20FFFF0FA76129803A761F02BA2BAADF0193A75519761F02ED27
:20DB900056B700A7273A0EA60FAB610580A70EA60FA7601628AC000A303C8F00BA002D3B8A
:20DBA000283AFFFF56BFFF3B560100A49B01FF672D3C761F02AD99FC9B01FF679936761F11
:20DBB00002ED803DFF20FFFF0FA7612B803D761F02BA2BAADF0193A75519761F02ED56B74E
:20DBC00000A7273D0EA60FAB61050EA688A70FA6601828AC000A8F00BA00303F2D3E5601FE
:20DBD00000A49A01FF662D3F761F02AD98FC9A01FF669836761F02ED283DFFFF56BFFF3E46
:20DBE000000688A92DA8761F02E43B013013FF4D93A9963628A902BC94A854A6640508A8ED
:20DBF000FD4455A665251BA405DC63221BA4FA24651F761F02E52B0B761F02E4441A6D2FA2
:20DC0000761F02E50A0A920A521E6829761F02E41A1A0010761F02CB1A2F2000761F02E8CE
:20DC10001A070008761F02AD1A3600010006761F02E52B0A761F02E4441A6C11761F02BAD8
:20DC2000921A761F02E50A0B540B6609761F02CB182FDFFF761F02E4181AFFEF00068D0024
:20DC3000BA00C5A03AA9D400094603A7090A83A992EF61110AF754F7660E9A0A2DA436A9BF
:20DC40002BF707A01EA6761F02AD9A01FF661AFE00019836020ADD8ADC01DF0A0FA569E9CD
:20DC500000067622761F17E61800FFFD1800FFFE761F17E0CC00F0FF1AA902009600761F24
:20DC600017E61A0000021A000001761F17ECCC00FFF8500A9600761AF6077700FF690006B3
:10DC7000190156C3FFFF0006190156C3FFFF000636
:20DC7800FFFFB7C0000008FCFFFFB7C100000000FFFFB7C200000002FFFFB7C300000001AB
:20DC8800FFFFB7C400000000FFFFB7C500000019FFFFB7C600000000FFFFB7C70000000079
:20DC9800FFFFB7C8000000C8FFFFB7C900000000FFFFB7CA00000000FFFFB7CB00000001A9
:20DCA800FFFFB7CC00000000FFFFB7CD00000000FFFFB7CE00000000FFFFB7CF0000000052
:20DCB800FFFFB7D000000000FFFFB7D100000003FFFFB7D200000000FFFFB7D3000000002F
:20DCC800FFFFB7D400000000FFFFB7D500001068FFFFB7D70000FFFBFFFFB7D80000000599
:20DCD800FFFFB7D900000000FFFFB7DA00000014FFFFB7DB00000E10FFFFB7DC00000FA00D
:20DCE800FFFFB7DD00000000FFFFB7DE00000000FFFFB7DF000001F4FFFFB7E000000000D9
:20DCF800FFFFB7E100000000FFFFB7E200000000FFFFB7E300000000FFFFB7E400000000AE
:20DD0800FFFFB7E500000001FFFFB7E600000000FFFFB7E700000000FFFFB7E8000000008C
:20DD1800FFFFB7E900000000FFFFB7EA00000000FFFEB7EC000000000000FFFEB7EE00006C
:20DD280000000000FFFEB7F0000000000000FFFEB7F2000000003F00FFFEB7F4000037F47F
:20DD38003AA1FFFEB7F6000000000000FFFEB7F8000000000000FFFEB7FA000000000000EC
:20DD4800FFFEB7FC000000000000FFFEB7FE000000000000FFFEB800000000000000FFFEA7
:20DD5800B802000000000000FFFEB804000000003FC0FFFEB8060000C28F3C75FFFEB808BF
:20DD68000000CCCD3D4CFFFEB80A0000126F3A03FFFEB80C0000CCCD3D4CFFFEB80E000056
:20DD7800126F3A03FFFEB810000000000000FFFEB812000000000000FFFEB8140000000078
:20DD88000000FFFEB816000000000000FFFEB818000000000000FFFEB81A00000000000014
:20DD9800FFFEB81C000000000000FFFEB81E000000000000FFFEB820000000000000FFFEF5
:20DDA800B822000000000000FFFEB82400008D503FFFFFFEB826000027BB3F7FFFFEB82835
:20DDB80000004120403DFFFEB82A0000B7E9409FFFFEB82C000038864002FFFEB82E00004B
:20DDC80000000000FFFEB830000000000000FFFEB832000000000000FFFEB8340000000086
:20DDD8000000FFFEB836000000000000FFFEB838000000000000FFFEB83A00009A6B3FFF21
:20DDE800FFFEB83C0000D2203F7FFFFEB83E0000DB234025FFFEB8400000C1BE409FFFFED4
:20DDF800B84200000AA6401AFFFEB8440000CCCD3DCCFFFFB886000008FCFFFFB8870000EF
:20DE08000000FFFFB88800000000FFFFB88900000000FFFFB88A00000000FFFFB88B0000FC
:20DE18000000FFFFB88E00000000FFFFB88F00000000FFFFB8900000FF9CFFFFB891000039
:20DE28000000FFFFB89200000000FFFFB89300000000FFFFB89400000000FFFFB8950000B4
:20DE38000000FFFFB89600000000FFFFB89700000000FFFFB89800000000FFFFB899000094
:20DE48000000FFFFB89A00000000FFFFB89B00000000FFFFB89C00000000FFFFB89D000074
:20DE58000000FFFFB89E00000000FFFFB89F00000000FFFFB8A000000000FFFFB8A1000054
:20DE68000000FFFFB8A200000032FFFFB8A300000000FFFFB8A400000000FFFFB8A5000002
:20DE78000000FFFFB8A600000000FFFFB8A700000001FFFFB8A800000000FFFFB8A9000013
:20DE88000000FFFFB8AA00000000FFFFB8AB00000000FFFFB8AC00000000FFFFB8AD0000F4
:20DE9800028AFFFFB8AE000005DCFFFFB8AF00000000FFFFB8B000000000FFFFB8B1000067
:20DEA8000000FFFFB8B200000000FFFFB8B300000000FFFFB8B4000008FCFFFFB8B50000B0
:20DEB8000000FFFFB8B600000000FFFFB8B700000000FFFFB8B800000000FFFFB8B9000094
:20DEC8000000FFFFB8BA00000000FFFFB8BB00000000FFFFB8BC00000000FFFFB8BD000074
:20DED8000000FFFFB8BE00000000FFFFB8BF00000000FFFFB8C000000000FFFFB8C1000054
:20DEE8000000FFFFB8C200000000FFFFB8C300000000FFFFB8C40000001EFFFFB8C5000016
:20DEF8000000FFFFB8C700000000FFFFB8C800000ED8FFFFB8C900000000FFFFB8CA00002A
:20DF08000000FFFFB8CB00000000FFFFB8CC00000000FFFFB8CD00000000FFFFB8CE0000EF
:20DF18000000FFFFB8CF00000000FFFFB8D000000000FFFFB8D100000000FFFFB8D20000CF
:20DF28000000FFFFB8D3000008FCFFFFB8D400000000FFFFB8D500000000FFFFB8D60000AB
:20DF38000000FFFFB8D700000000FFFFB8D800000003FFFFB8D900000000FFFFB8DA00008C
:20DF48000000FFFFB8DB00000000FFFFB8DC00000000FFFFB8DD00000000FFFFB8DE00006F
:20DF58000000FFFFB8DF000008FCFFFFB8E0000008FCFFFEB8E2000000000000FFFEB8E446
:20DF6800000000000000FFFFB91500000000FFFFB91600000000FFFFB91700000000FFFF34
:20DF7800B91800000000FFFFB91900000000FFFFB91B00000AF0FFFFB91C00000AF0FFFF51
:20DF8800B91D00000320FFFFB91E00000320FFFFB91F00000A8CFFFFB92000000384FFFFC0
:20DF9800B92100001964FFFFB92200001964FFFFB92300000FA0FFFFB92400000FA0FFFFAB
:20DFA800B9250000189CFFFFB92600001068FFFFB9270000139CFFFFB92800001374FFFF81
:20DFB800B92900000014FFFFB92A00000014FFFFB92B00000014FFFFB92C00000014FFFF73
:20DFC800B92D0000001EFFFFB92E00000005FFFFB92F0000001EFFFFB93000000005FFFF5D
:20DFD800B93600000000FFFFB93700000000FFFFB93800000000FFFFB93900000000FFFF6F
:20DFE800B93A00000000FFFFB93B00000000FFFFB93C00000000FFFFB93D00000000FFFF4F
:20DFF800B93E00000000FFFFB93F00000000FFFFB94000000000FFFFB94100000000FFFF2F
:20E00800B94200000000FFFFB94300000000FFFFB94400000000FFFFB94500000000FFFF0E
:20E01800B94600000000FFFFB94700000000FFFFB94800000000FFFFB94900000000FFFFEE
:20E02800B94A00000000FFFFB94B00000000FFFFB94C00000000FFFFB94D00000000FFFFCE
:20E03800B94E00000000FFFFB94F00000000FFFFB95000000000FFFFB95100000000FFFEAF
:20E04800B952000000000000FFFEB954000000000000FFFEB95A000000000000FFFFB700DE
:20E05800000002D0FFFFB70100000000FFFFB70500000230FFFFB706000002D0FFFFB707EB
:20E068000000000FFFFFB7080000003CFFFFB7090000000FFFFFB70A00000000FFFFB70B44
:20E0780000000000FFFFB70C00000064FFFFB760000003E8FFFFB7610000044CFFFFB762E6
:20E0880000000000FFFFB76300000000FFFFB76700000000FFFFB76800000000FFFFB76909
:20E0980000000000FFFFB76A00000000FFFFB76B00000000FFFFB76C00000000FFFFB76DE6
:20E0A80000000000FFFFB76E00000000FFFFB76F00000000FFFFB77000000000FFFFB771C6
:20E0B80000000000FFFFB77200000000FFFFB77300000000FFFFB77400000000FFFFB775A6
:20E0C80000000000FFFFB77600000000FFFFB77700000000FFFFB77800000000FFFFB77986
:20E0D80000000000FFFFB77A00000000FFFFB77B00000000FFFFB77C00000000FFFFB77D66
:20E0E80000000000FFFFB77E00000000FFFFB77F00000000FFFFB78000000000FFFFB78146
:20E0F80000000000FFFFB78200000000FFFFB78300000000FFFFB78400000000FFFFB78526
:20E1080000000000FFFFB78600000000FFFFB78700000000FFFFB78800000000FFFFB78905
:20E1180000000000FFFFB78A00000000FFFFB78B00000000FFFFB78C00000000FFFFB78DE5
:20E1280000000000FFFFB78E00000000FFFFB78F00000000FFFFB79000000000FF38B5001F
:20E1380000009EDE000877BA000877CA000877FA0008777A0008778A000877DA000877EA8C
:20E148000008781A0008775A0008776A000877EA00089EDE00089EDE00089EDE00089EDEE2
:20E1580000089EDE00089EDE00089EDE0008904C0008908C0008662E000897F3000898271E
:20E1680000088BDC0008660E000866160008659E000865AE0008907400089EDE00089EDEEE
:20E1780000089EDE00089EDE00089EDE00089EDE00089EDE00089050000890900008663243
:20E18800000897F70008982B00088BE0000866120008661A000865A2000865B200089EDEE9
:20E1980000089EDE00089EDE00089EDE00089EDE00089EDE00089EDE00089EDE0008C7F309
:20E1A8000008C7EB0008C7EF0008C7E700089EDE00089EDE0008B5D20008B5BE0008B74216
:20E1B8000008B07F00089EDE00089EDE00089EDE00089EDE00089EDE00089EDE00089EDE74
:20E1C80000089EDE0008C82100088BF40008B5EE0008B5E20008B5D60008B5DA0008B5C248
:20E1D8000008B5C600089EDE00089FF900089FF000089FE700089FDE00089FD500089FCCE7
:20E1E80000089FC300089EDE00089EDE00089FBF00089FBB00089FB700089FB300089FAFCF
:20E1F80000089FAB00089FA700089FA300089EDE0008FFFFB2C200000000FFFFB2C30000AC
:20E208000000FFFFB2C400000000FFFFB2C500000000FFFFB2C600000000FFFFB2C7000020
:20E218000000FFFFB2C800000000FFFFB2C900000000FFFFB2CA00000000FFFFB2CB000000
:20E228000000FFFFB2CC00000000FFFFB2CD00000000FFFFB2CE00000000FFFFB2CF0000E0
:20E238000000FFFFB2D000000000FFFFB2D100000000FFFFB2D200000000FFFFB2D30000C0
:20E248000000FFFFB2D400000000FFFFB2D500000000FFFFB2D600000000FFFFB2D70000A0
:20E258000000FFFFB2D800000000FFFFB2D900000000FFFFB2DA00000000FFFFB2DB000080
:20E268000000FFFFB2DC00000000FFFFB2DD00000000FFFFB2DE00000000FFFFB2DF000060
:20E278000000FFFFB2E000000000FFFFB2E100000000FFFFB2E200000000FFFFB2E3000040
:20E288000000FFFFB2E400000000FFFFB2E500000000FFFFB2E600000000FFFFB2E7000020
:20E298000000FFFFB2E800000000FFFFB2E900000000FFFFB2EA00000000FFFFB2EB000000
:20E2A8000000FFFFB2EC00000000FFFFB2ED00000000FFFFB2EE00000000FFFFB6C6000005
:20E2B8000000FFFFB6C700000591FFFFB6C800000000FFFFB6C900000000FFFFB6CA0000BE
:20E2C8000000FFFFB6CB00000000FFFFB6CC00000000FFFFB6CD00000000FFFFB6CE000034
:20E2D8000000FFFFB6CF00000000FFFFB6D000007530FFFFB6D100000014FFFFB6D200005B
:20E2E8007530FFFFB6D300000014FFFFB6D400000000FFFFB6D500000078FFFFB6D60000C3
:20E2F8000005FFFFB6D800000000FFFFB6D900000000FFFFB6DA00000028FFFFB6DB0000A3
:20E308000032FFFFB6DC00000032FFFFB6DD00000BB8FFFFB6DF00000000FFFFB6E0000086
:20E318000000FFFFB6E100000000FFFFB6E200000514FFFEB6E4000000000000FFFEB6E671
:20E32800000000000000FFFEB6E8000000000000FFFEB6EA000000000000FFFEB6EC0000FE
:20E3380000000000FFFEB6EE000000000000FFFEB6F0000000000000FFFEB6F200000000DC
:20E348000000FFFEB6F4000000000000FFFEB6F6000000000000FFFEB6F800000032000088
:20E35800FFFFBC1300000000FFFFBC1400000000FFFFBC1500000000FFFFBC16000000006B
:20E36800FFFFBC1700000000FFFFBC1800000000FFFFBC1900000000FFFFBC1A000000004B
:20E37800FFFFBC1B00000000FFFFBC1C00000000FFFFBC1D00000000FFFFBC1E000000002B
:20E38800FFFFBC1F00000000FFFFBC2000000000FFFFBC2100000000FFFFBC22000000000B
:20E39800FFFFBC2300000000FFFFBC2400000000FFFFBC2500000000FFFFBC2600000000EB
:20E3A800FFFFBC270000028AFFFFBC2800000320FFFFBC29000003E8FFFFBC2D000000002E
:20E3B800FFFFBC2E00000000FFFFBC2F00000000FFFFBC3000000000FFFFBC31000000009F
:20E3C800FFFFBC3200000000FFFFBC3300000000FFFFBC3400000000FFFFBC35000000007F
:20E3D800FFFFBC3600000000FFFFBC3700000000FFFFBC3800000000FFFFBC39000000005F
:20E3E800FFFFBC3A00000000FFFFBC3B00000000FFFFB9D000000000FFFFB9D1000000001D
:20E3F800FFFFB9D200000000FFFFB9D300000000FFFFB9D400000000FFFFB9D50000009F3C
:20E40800FFFFB9D600000000FFFFB9D7000001F4FFFFB9D800000320FFFFB9D9000000643E
:20E41800FFFFB9DA00000FA0FFFFB9DB00000368FFFFB9DC00000368FFFFB9DD0000000015
:20E42800FFFFB9DE00000000FFFFB9DF00000000FFFFB9E000000000FFFFB9E1000000007A
:20E43800FFFFB9E200000000FFFFB9E300000000FFFFB9E400000064FFFFB9E5000005DC15
:20E44800FFFFB9E600000000FFFFB9E700000000FFFFB9E8000003E8FFFFB9E9000003E864
:20E45800FFFFB9EA00000064FFFFB9EB00000032FFFFB9EC000007D0FFFFB9ED00000000AD
:20E46800FFFFB9EE00000000FFFFB9EF00001770FFFFB9F0000007D0FFFFB9F10000006438
:20E47800FFFFB9F200000000FFFFB9F300000000FFFFB9F400000000FFFFB984000000004B
:20E48800FFFFB9850000000AFFFFB98600000155FFFFB9870000024FFFFFB988000006EED9
:20E49800FFFFB9890000024FFFFFB98A0000040AFFFFB98B00000006FFFFB98C00000006F3
:20E4A800FFFFB98E00000001FFFFB98F0000000EFFFEB992000000000000FFFEB994000028
:20E4B80000000000FFFEB996000000000000FFFEB998000000000000FFFEB99A000000005A
:20E4C8000000FFFEB99C000000000000FFFEB99E000000000000FFFEB9A000000000000038
:20E4D800FFFEB9A2000000000000FFFEB9A4000000000000FFFEB9A6000000000000FFFE19
:20E4E800B9CA000013880000FFFEB9CC000000000000FFFFAE8000000000FFFFAE8200001A
:20E4F8000341FFFFAE8700000014FFFFAE88000002A8FFFFAE8900000258FFFFAE8D0000D3
:20E508000000FFFFAE8E00000000FFFFAE9000000000FFFFAE9100000000FFFFAE92000002
:20E518000000FFFFAE9300000040FFFFAE9400000060FFFFAE9500000080FFFFAE960000C1
:20E5280000C0FFFFAE9700000100FFFFAE9800000140FFFFAE9900000180FFFFAE9A00003E
:20E538000300FFFFAE9B0000270FFFFFAE9C0000270FFFFFAE9D000028A8FFFFAE9E000062
:20E548000341FFFEAEA000009B670008FFFEAEA200009BC80008FFFEAEA600000000000011
:20E55800FFFFBB9600000008FFFFBB9700000078FFFFBB98000007D0FFFFBB99000000FA10
:20E56800FFFFBB9A000000C8FFFFBB9C00000F42FFFFBB9D000028A8FFFFBB9E000028A885
:20E57800FFFFBB9F00000000FFFFBBB200000000FFFFBBB300000000FFFFBBB400000000E7
:20E58800FFFFBBB500000000FFFFBBB600000000FFFFBBB700000000FFFFBBB800000000B5
:20E59800FFFFBBB900000000FFFFBBBA00000000FFFFBBBB00000000FFFFBBBC0000000095
:20E5A800FFFFBBBD00000000FFFFBBBE00000000FFFFBBBF00000000FFFFB7A7000004D8B6
:20E5B800FFFFB7A80000050AFFFFB7A900000474FFFFB7AA000004A6FFFFB7AB0000032075
:20E5C800FFFFB7AC00000352FFFFB7AD00000352FFFFB7AE0000038EFFFFB7AF000000006E
:20E5D800FFFFB7B000000000FFFFB7B100000000FFFFB7B200000000FFFFB7B30000000089
:20E5E800FFFFB7B400000000FFFFB7B500000000FFFFB7B600000000FFFFB7B70000000069
:20E5F800FFFFB7B800000000FFFFB7B900000000FFFFB7BA00000000FFFFB7BB0000000049
:20E60800FFFFB7BC00000000FFFFBCA500000000FFFFBCA600000000FFFFBCA70000000061
:20E61800FFFFBCA800000000FFFFBCA900000000FFFFBCAA00000000FFFFBCAB0000000054
:20E62800FFFFBCAC00000000FFFFBCAD00000000FFFFBCAE00000000FFFFBCAF0000000034
:20E63800FFFFBCB000000000FFFFBCB100000000FFFFBCB200000000FFFFBCB30000000014
:20E64800FFFFBCB400000000FFFFBCB500000000FFFFBCB600000000FFFFB5E600000000CC
:20E65800FFFFB5E700000000FFFFB5E800000000FFFFB5E900000000FFFFB5EA0000000034
:20E66800FFFFB5EB00000000FFFFB5EC00000000FFFFB5ED00000000FFFFB5EE0000000014
:20E67800FFFFB5EF00000000FFFFB5F000000000FFFFB5F100000000FFFFB5F200000000F4
:20E68800FFFFB5F300000000FFFEB5F6000000000000FFFEB5F8000000000000FFFFBCD2EE
:20E6980000000001FFFFBCD300000000FFFFBCD400000064FFFFBCD500000000FFFFBCD6C3
:20E6A80000000000FFFFBCD700000000FFFFBCD800000000FFFFBCD900000000FFFFBCDA08
:20E6B80000000000FFFFBCDB00000000FFFFBCDC00000000FFFFBCDD00000000FFFFBCDEE8
:20E6C80000000064FFFFBCDF00000064FFFFBCE000000064FFFFBCE100000064FFFFAE70B8
:20E6D80000000000FFFFAE7100000000FFFFAE7200000001FFFFAE7400000000FFFFAE75A5
:20E6E80000000000FFFFAE7600000000FFFFAE7700000000FFFFAE7800000000FFFFAE7984
:20E6F80000000000FFFFAE7A00000000FFFFAE7B00000000FFFFAE7C00000000FFFFAE7D64
:20E7080000000000FFFFAE7E00000000FFFFAE7F00000001FFFFBC940000FFFCFFFFBC9701
:20E7180000000000FFFFBC9800000000FFFFBC9900000000FFFFBC9A00000000FFFFBC9B93
:20E7280000000008FFFFBC9C00000BB8FFFFBC9D00000096FFFFBC9E00000000FFFFBC9F12
:20E7380000000000FFFFBCA000000000FFFFBCA100000000FFFFBCA200000000FFFFBCA353
:20E7480000000000FFFFBCA400000000FFFFBD0F00000000FFFFBD1000000000FFFFBD11F2
:20E7580000000000FFFFBD1200000000FFFFBD1300000000FFFFBD1400000000FFFFBD1567
:20E7680000000000FFFFBD1600000000FFFFBD1700000000FFFFBD1800000000FFFFBD1947
:20E7780000000000FFFFBD1A00000000FFFFBD1B00000000FFFFBD1C00000000FFFFBD1D27
:20E7880000000000FFFFBD0000000000FFFFBD0100000000FFFFBD0200000000FFFFBD067C
:20E7980000000000FFFFBD0700000000FFFFBD0900000000FFFFBD0A00000000FFFFBD0B50
:20E7A80000000000FFFFBD0C00000000FFFFBD0D00000000FFFFBD0E00000000FFFFA683D2
:20E7B800000000C0FFFFA6840000036CFFFFA68500000040FFFFA68600000000FFFFA6872C
:20E7C80000000000FFFFA68800000000FFFFA68900000000FFFFBB7A0000FFFFFFFFBB7B73
:20E7D800000000FFFFFFBB7C00000000FFFFBB7D0000FFFFFFFFBB7E000000FFFFFFBB7F4B
:20E7E80000000000FFF0BCE2000000FF00000001000000020000000100000003000000017D
:20E7F80000000002000000010000FFFFBD2D00000000FFFFBD2E00000000FFFFBD2F000043
:20E808000000FFFFBD3000000000FFFFAB8E00000000FFFFAB8F00000000FFFFAB9000005D
:20E818000000FFFFAB9100000000FFFFBD1E00000000FFFFBD1F00000000FFFFBD20000018
:20E828000000FFFFBD2100000000FFFFBD2600000001FFFEBD28000000000000FFFEBD2A4C
:20E83800000000000000FFFFBA7400000000FFFFBA7500000000FFFEBA760000000000003A
:20E84800FFFFBCF800000000FFFFBCF900000000FFFEBCFC000000000000FFFFBD4000009B
:20E858000000FFFFBD4100000000FFFEBD420000B1000000FFFFBC8000000000FFFFBC8182
:20E8680000000000FFFFBC8800000000FFFAB6FA0000FFF60000000A001900280032FFFF35
:20E87800B5FE00000000FFFFB5FF00000000FFFFB60000000000FFFFB60100000064FFFB54
:20E88800BD3100000000000A001900280032FFFCBD360000000200050008000AFFFCBD3A0C
:20E898000000000200050008000AFFFEBC7E000000000000FFFEBCFE0000C86C0008FFFE20
:20E8A800BD3E0000C86C0008FFFFA67D00000000FFFFB2FF00000000FFFFA64F0000000056
:20E8B800FFFFB0FF00000000FFFFB87800000000FFFFB9F500000000FFFFBBF80000000008
:0CE8C800FFFFBD4A00000000000000003F
:20E8D0000ABE0ACA0AD40ADF0AEA0AF40AFF0B090B130B1D0B270B310B3A0B430B4C0B54B9
:20E8E0000B5D0B650B6D0B750B7D0B840B8A0B910B970B9D0BA30BA90BAE0BB30BB70ABE53
:20E8F0000AC50ACD0AD40ADB0AE30AEA0AF10AF80B000B070B0D0B140B1B0B210B280B2FAE
:20E900000B350B3B0B420B480B4E0B530B580B5E0B640B680B6E0B730B770B7C0ABE0AC5D5
:20E910000ACB0AD20AD80ADF0AE50AEC0AF20AF80AFF0B050B0B0B110B160B1C0B230B2894
:20E920000B2D0B340B390B3E0B430B480B4D0B520B560B5B0B5F0B640B680ABE0AC60ACEFA
:20E930000AD60ADD0AE50AEC0AF30AFB0B020B090B0F0B160B1D0B230B2A0B300B360B3C6F
:20E940000B410B470B4C0B510B560B5B0B5F0B640B680B6C0B700B740ABE0AD10AE30AF652
:20E950000B070B180B280B390B480B560B630B6F0B7C0B850B8E0B950B9D0BA30BA90BAD4D
:20E960000BB30BB70BBB0BBE0BC30BC60BC80BCA0BCE0BD00BD20ABE0ACE0ADD0AEC0AFC2D
:20E970000B0B0B1A0B280B370B450B520B5F0B6D0B790B840B8F0B990BA20BAB0BB30BBB10
:20E980000BC10BC70BCE0BD30BD80BDC0BE10BE50BE90BEC0ABE0ACC0ADA0AE70AF60B0310
:20E990000B100B1D0B2A0B370B440B4F0B5B0B660B710B7B0B860B8E0B970BA00BA70BAE49
:20E9A0000BB50BBB0BC10BC60BCB0BCF0BD30BD70BDB0ABE0ACE0ADF0AEF0AFE0B0D0B1C15
:20E9B0000B2A0B370B440B500B5C0B680B720B7D0B860B900B980BA00BA90BAF0BB60BBCD7
:20E9C0000BC30BC80BCD0BD20BD60BDB0BDF0BE20ABE0AEC0B160B3E0B620B840BA20BBAAD
:20E9D0000BCE0BDF0BED0BFA0C050C0F0C170C1F0C260C2C0C320C370C3B0C3F0C430C47CE
:20E9E0000C4A0C4E0C510C530C550C580C5A0ABE0ADB0AF70B130B2E0B490B620B790B909B
:20E9F0000BA40BB60BC70BD50BE20BED0BF70BFF0C060C0D0C130C190C1D0C220C260C2AC6
:20EA00000C2D0C310C340C370C390C3C0ABE0AD90AF30B0C0B250B3E0B540B6A0B7E0B9040
:20EA10000BA20BB20BC00BCD0BD90BE40BED0BF60BFD0C040C090C0E0C140C180C1C0C202E
:20EA20000C230C270C2A0C2C0C300ABE0AE00B010B1F0B3C0B550B6A0B7E0B8F0BA00BAF3E
:20EA30000BBC0BC90BD60BE10BEB0BF40BFD0C030C0A0C100C150C1B0C1F0C230C270C2A15
:20EA40000C2D0C310C330C360ABE0B300B800BBA0BE60C070C1B0C260C2D0C320C370C3B0E
:20EA50000C3F0C440C4B0C510C560C5B0C600C650C690C6D0C710C740C760C790C7B0C7EAE
:20EA60000C810C830C850ABE0B230B700BAA0BD10BEB0BFC0C080C110C190C200C260C2CFE
:20EA70000C330C3A0C410C460C4B0C500C540C580C5C0C5F0C630C660C680C6A0C6D0C6F59
:20EA80000C710C730ABE0B1C0B650B9D0BC30BDC0BEE0BFB0C060C0F0C160C1E0C250C2CDD
:20EA90000C330C380C3E0C430C480C4C0C500C540C570C5A0C5D0C600C630C650C670C697C
:20EAA0000C6B0ABE0B1E0B660B9C0BC50BE20BF50C010C0C0C140C1B0C210C270C2E0C35D2
:20EAB0000C3A0C400C450C4A0C4F0C530C560C5A0C5D0C5F0C620C650C670C6A0C6C0C6EFD
:20EAC0000B4B0BA40BDC0C060C250C3E0C510C580C5B0C5C0C5D0C5E0C5F0C600C610C62A8
:20EAD0000C630C640C660C680C6A0C6B0C6C0C6D0C6E0C6F0C700C710C720C730C740B51BC
:20EAE0000BA40BD90C010C1F0C380C470C4D0C500C510C520C530C540C550C560C580C5AF8
:20EAF0000C5B0C5D0C5F0C600C620C630C640C650C660C670C680C690C6A0C6B0B5A0BA6D0
:20EB00000BDA0C000C1E0C330C400C470C4A0C4C0C4E0C4F0C500C510C520C540C550C575E
:20EB10000C580C590C5B0C5D0C5E0C5F0C600C610C620C630C640C650C660B640BAD0BDE5E
:20EB20000C030C200C350C400C460C4A0C4D0C4F0C500C510C520C530C550C570C580C59AE
:20EB30000C5A0C5D0C5F0C600C610C620C630C640C650C660C670C680ABE0B3C0B8D0BCA1F
:20EB40000BF70C1C0C370C450C4B0C4F0C520C540C560C590C5F0C660C6B0C6F0C740C79EC
:20EB50000C7D0C810C850C870C8A0C8D0C910C940C970C9B0C9D0ABE0B3B0B8A0BC60BF499
:20EB60000C190C320C3E0C440C470C4B0C4D0C500C530C590C5F0C640C690C6E0C720C76AB
:20EB70000C7A0C7D0C810C840C870C8A0C8D0C900C930C960ABE0B3A0B890BC40BF30C162A
:20EB80000C2E0C3A0C410C440C470C4A0C4D0C510C560C5B0C610C660C6A0C6F0C730C775E
:20EB90000C7A0C7D0C800C830C860C890C8C0C8F0C920ABE0B390B890BC60BF30C160C2F77
:20EBA0000C3B0C410C450C490C4B0C4E0C530C580C5D0C620C670C6C0C700C740C780C7BDE
:20EBB0000C7E0C810C850C880C8B0C8D0C900C9487F3000887F3000887F3000887F3000895
:20EBC00087F3000887F3000887F3000887F3000887F3000887F3000887F3000887F3000825
:20EBD00087F30008875D0008875300088A62000887DF000889E7000888070008887500085F
:20EBE0008721000887170008870D00088703000886F9000886EF000886E5000886DB0008B1
:20EBF00086D10008873F000887350008872B00088BCA00088B9800088B66000886B3000898
:20EC000086A90008877100088767000886BD00088997000889830008896F0008895B000854
:20EC10008947000889330008891F0008890B000889A10008898D00088979000889650008AC
:20EC200089510008893D000889290008891500088A08000889FE000887F3000887F3000897
:20EC300087F3000887F3000887F3000887F3000888ED000888E3000888D9000887F30008E1
:20EC40008A7600088A6C000887F3000887F3000887990008878F000887850008877B000846
:20EC500087F3000887F300088A5800088A4E00088A4400088A3A00088A3000088A260008BA
:20EC60008A1C00088A12000887E9000887F3000888930008889D0008887F000888890008D0
:20EC700087AD000887A3000887F3000887F3000887D5000887CB000887C1000887B70008BE
:20EC800087F3000887F3000888570008884D00088BA200088BC000088BB600088BAC00089C
:20EC90008B7000088B8E00088B8400088B7A00088AC600088ABC00088AB200088AA80008F8
:20ECA0008A9E00088A9400088A8A00088A800008869F000886950008868B000887F30008E5
:20ECB00088CF000886C7000888430008883900088B3400088B02000887F3000887F3000894
:20ECC00087F3000887F3000887F3000887F3000888F7000889D3000889BF000889AB0008B5
:20ECD00087F3000887F3000887F3000887F300088901000889DD000889C9000889B500087C
:20ECE00087F3000887F3000887F3000887F3000887F3000887F3000887F3000887F3000804
:20ECF00087F3000887F3000887F3000887F3000887F3000887F3000887F3000887F30008F4
:20ED000087F3000887F3000887F3000887F3000887F3000887F3000887F3000887F30008E3
:20ED100087F3000887F3000887F3000887F3000887F3000887F3000888B1000888A700085F
:20ED200088C5000888BB000887F3000887F30008886B00088861000887F3000887F300083F
:20ED300087F3000887F3000887F3000887F30008882F000888250008881B000888110008FB
:20ED400087F3000887F300088749000887F300088B3E00088B5C00088B5200088B480008D5
:20ED50008B0C00088B2A00088B2000088B1600088ADA00088AF800088AEE00088AE40008FF
:20ED600087F3000887F3000887F3000887F3000887F3000887F3000887F3000887F3000883
:20ED70008AD0000887F3000887F3000887F300080000000000000001000000000001000198
:20ED8000000000000001000100000000000000000000000000000000000000000000000071
:20ED9000000000000000000000000000000000000002000200000C44000100000640089828
:20EDA000014A000000010640011F01510014005000000000000000000000000000000000EB
:20EDB00001680154000000050118000F011F000A011800000000000001770000000000009D
:20EDC0000000000000000000016D003C000C001E000000000000000100010001000100005B
:20EDD0000000000000000000000000000000000000000C44000000000000000000010000D2
:20EDE000000000000000000000000000000000000000000000000000000000000000000013
:20EDF0000000000000000000000000000000000004E2000008FC00000258000000010000BE
:20EE000000000000000000000000000000000000000103E808980000000100010000000064
:20EE100000010001000000000000000000000000012C005000140154011F00003A98000008
:20EE2000000000000000028A03E801F40A5A0384000000000032000005DC00010000000067
:20EE30000000000000000000000000000000000000000000000000000000000000000000C2
:20EE40000000000000000000000000000000000000000000000000000000000000000000B2
:20EE50000000000000000000000000000000000000000000000000000000000000000000A2
:20EE6000000000000000000000000000000000000000000000000000000000000000000092
:20EE7000000000000000000000000000000000000000000000000000000000000000000082
:20EE8000000000000000000000000000000000000000000000000000000000000000000072
:20EE9000000000000000000000000000000000000000000000000000000000000000000062
:20EEA000000000000000000000000000000000000000000000000000000000000000000052
:20EEB000000000000000000000000000000000000000000000000000000000000000000042
:20EEC000000000000000000000000000000000000000000000000000000000000000000032
:20EED000000000000000000000000000000000000000000000000000000000000000000022
:20EEE000000000000000000000000000000000000000000000000000000000000000000012
:20EEF0000000000000000000000100000000000100010001000000000000000000000000FE
:20EF00000000000000000000000000000000000000000000000000000000000000000000F1
:20EF10000000000000000000000000000000000000000000000000000000000000000000E1
:20EF2000000000000000000000000000000000000000000000000000AAAA00000DA60DA914
:20EF30000DAC0DAE0DB20DB50DB80DBC0DBF0DC30DC80DCC0DD20DD70DDD0DE30DEA0DF261
:20EF40000DFB0E050E100DC10DC30DC60DC80DCB0DCD0DD00DD30DD60DD90DDD0DE00DE432
:20EF50000DE80DED0DF20DF70DFC0E020E090E100DD70DD80DDA0DDC0DDE0DE00DE20DE410
:20EF60000DE60DE90DEB0DEE0DF10DF40DF70DFB0DFF0E020E070E0B0E100DEC0DED0DEE54
:20EF70000DF00DF10DF20DF30DF50DF70DF80DFA0DFB0DFD0DFF0E010E030E060E080E0AF5
:20EF80000E0D0E100D670D690D6B0D6D0D6F0D720D750D780D7B0D7F0D840D890D8E0D94E3
:20EF90000D9C0DA40DAF0DBE0DD00DE90E100D870D8A0D8C0D8E0D910D940D970D9A0D9EFB
:20EFA0000DA10DA50DAA0DAF0DB50DBC0DC30DCC0DD70DE50DF70E100DA20DA40DA60DA88A
:20EFB0000DAB0DAD0DB00DB30DB70DBA0DBE0DC10DC60DCB0DD00DD60DDE0DE60DF10DFEDC
:20EFC0000E100DB10DB30DB50DB70DB90DBC0DBE0DC10DC40DC70DCA0DCE0DD20DD60DDBE6
:20EFD0000DE10DE70DEE0DF70E020E100D420D430D440D450D460D470D490D4A0D4C0D4EC8
:20EFE0000D500D530D560D5A0D5E0D650D6D0D780D8C0DAF0E100D5F0D600D620D630D6511
:20EFF0000D660D680D6A0D6C0D6F0D710D740D780D7C0D810D870D8F0D9A0DAB0DC90E108F
:20F000000D780D7A0D7C0D7D0D7F0D810D830D850D870D8A0D8D0D900D940D970D9D0DA295
:20F010000DAA0DB50DC40DDD0E100D880D8A0D8B0D8D0D8F0D910D920D950D970D9A0D9DC0
:20F020000DA00DA40DA80DAC0DB30DBA0DC40DD20DE70E100D330D340D350D360D370D382C
:20F030000D390D3A0D3B0D3C0D3D0D3E0D3F0D400D420D460D4B0D540D630D840E100D4CA1
:20F040000D4D0D4E0D4F0D500D510D520D530D550D560D580D5A0D5C0D5F0D630D670D6E60
:20F050000D780D880DA80E100D630D650D660D670D680D6A0D6B0D6C0D6E0D700D720D7415
:20F060000D770D7B0D7E0D830D8B0D950DA40DC10E100D730D740D750D760D780D790D7BF9
:20F070000D7C0D7E0D800D820D850D880D8B0D8F0D950D9C0DA60DB50DD00E100D2E0D2FC3
:20F080000D300D310D320D330D340D350D360D370D380D390D3A0D3B0D3C0D3D0D3F0D4521
:20F090000D510D700E100D460D470D480D490D4A0D4B0D4C0D4D0D4E0D4F0D510D520D54DE
:20F0A0000D570D5A0D5E0D640D6E0D7E0D9E0E100D5E0D5F0D600D610D620D630D640D6665
:20F0B0000D670D690D6B0D6D0D700D730D770D7C0D840D8E0D9E0DBD0E100D6D0D6E0D6F2A
:20F0C0000D710D720D730D750D760D780D7A0D7C0D7E0D810D850D890D8F0D960DA10DB12D
:20F0D0000DCD0E1000C600C500C100C900CB00CF00CC00CD00C400C300C200CA00CE00B649
:20F0E00000B500B100B900BB00BF00BC00BD00B400B300B200BA00BE00A600A500A100A9D8
:20F0F00000AB00AF00AC00AD00A400A300A200AA00AE0096009500910099009B009F009CE1
:20F10000009D009400930092009A009E003A003B003F00370035003100340033003C003D30
:20F11000003E003600320049004A004E00470045004100440043004B004C004D0046004298
:20F120000059005A005E00570055005100540053005B005C005D005600520069006A006E1D
:20F1300000670065006100640063006B006C006D00660062000A000B000F0007000500018E
:20F1400000040003000C000D000E00060002001A001B001F00170015001100140013001CA5
:20F15000001D001E00160012002A002B002F00270025002100240023002C002D002E002657
:20F1600000220087008600820089008B008F008C008D008500840083008A008E0077007691
:20F1700000720079007B007F007C007D007500740073007A007E0FD00FCD0FCA0FC70FC410
:20F180000FC00FBD0FB90FB50FB10FAD0FA90FA40F9F0F9A0F950F900F8A0F840F7E0F7887
:20F190000F710F6A0F630F5C0F540F4C0F440F3B0F320F290F200F160F0B0F010EF60EEA3B
:20F1A0000EDE0ED20EC60EB80EAB0E9D0E8F0E800E6F0E610E500E400E2E0E1C0E0A0DF740
:20F1B0000DE40DD00DBC0DA70D910D7B0D650D4D0D360D1E0D050CEC0CD20CB70C9D0C81B3
:20F1C0000C650C490C2C0C0F0BF10BD30BB40B950B750B550B350B140AF30AD20AB10A8F71
:20F1D0000A6D0A4A0A280A0509E209BF099C097909550932090E08EB08C808A50881085E2A
:20F1E000083B081807F507D307B0078E076C074B0729070806E706C706A6068606670647DA
:20F1F0000628060A05EC05CE05B105940577055B053F0524050904EF04D504BB04A2048A98
:20F20000047104590442042B041403FE03E803D300010000000000000000000000120000BA
:20F2100000000000100000001000000010000000100000001000000010000000100000006E
:20F2200010000000100000001000000010000000100000001000000010000000000000005E
:20F2300000000000100000001000000000000000000000000000000000000000000000009E
:20F240000000000000000000000000000000000000000000000000000000000000000000AE
:20F2500000000000000000000000000000000000000000000000000000000000000000009E
:20F26000000000000000000000000000AAAA00001EBF06060BDB0FCF07E60BED1BFD060783
:20F270001FFF0FEF0077007C0039005E00790071003D00760030001E0070003800540037BA
:20F28000003F007300670070006D0078003E0062001C0064006E005B000000000000000017
:20F2900000000000000000000000000000000000000000000000000000000000000000005E
:20F2A00000000000000000000000000000000000000000000000AAAA0000000000080009E9
:20F2B0000010001900180020002900780070000A0000FFF6FFEC005F0050004600320000BB
:10F2C000000000000000000000000000000000003E
:20F2C80034BF000834BD000834BA000834B7000834B40008337A00083376000834AE000809
:20F2D80034AB000834A8000834A50008349F00083499000834960008348800083485000863
:20F2E80034820008347F0008347A00083475000834720008346F0008346C00083469000880
:20F2F800346600083463000834600008345D0008345A00083457000834540008345100083A
:20F30800344E000832E90008344A0008344700083444000834410008343D00083439000844
:20F3180034320008342B00083427000834230008341F0008341B00083417000834130008EA
:20F32800340F0008340B0008340400083400000833FC000833F8000833F4000833F00008F3
:20F3380033EC000833E8000833E4000833E0000833DC000833D8000833D4000833D00008ED
:20F3480033CC000833C8000833C1000833BA000833B6000833B2000833AE000833AA0008FE
:20F3580033A6000833A20008339E0008339A00083396000833920008338E0008338A0008FD
:20F368003386000833820008337E0008337A00083376000833720008336E0008336A0008ED
:20F378003366000833620008335E0008335A00083356000833520008334E0008334A0008DD
:20F388003346000833420008333E0008333A00083336000833320008332F0008332C0008CA
:20F3980033290008332600083323000833200008331D0008331A0008331700083314000889
:20F3A80033110008330E0008330B000833080008330500083302000832FF000832FC00083B
:20F3B8003BC300083BBB00083BB000083BA800083BA200083B9C00083B9600083B8D0008E6
:20F3C8003B8400083B7A00083B7000083B6600083B5C00083BFE00083B5200083C1200087A
:20F3D8003B4A00083BFE00083B3700083B2D00083B2100083BFE00083B1700083B0C00080F
:20F3E8003AF700083AE200083ADA00083AD200083BFE00083AC800083AC000083AB8000831
:20F3F8003BFE00083AA300083A8E00083A8600083A7E00083A6A00083A6200083A4E000897
:20F408003A4600083A320008388E000838840008387B000838730008386B000838560008A7
:20F418003841000838380008382F0008382500083BFE0008381B00083811000838080008D2
:20F4280037FF000837F3000837E6000837D900089F7400089F6D00089F9700089F6600089D
:20F438009F5F00089F5800089F5100089F4A00089F4300089F3C00089F3500089F2E000848
:20F448009F2700089F2000089F9300089F1900089F1100089F0900089F0100089EF8000867
:20F458009F8F00089F8B00089F8700089F830008307C00083078000830740008307000081C
:20F46800306C0008306800083064000830600008305C0008305800083054000830500008D4
:20F47800304C0008304800083044000830400008303C0008303800083034000830300008C4
:0CF48800302C0008302800083023000859
:00000001FF
